id,annee,saison,departement,village,sexe,age_exploitant,niveau_education,statut_marital,taille_menage,nb_actifs_agricoles,experience_annees,culture_principale,superficie_ha,type_sol,source_eau,systeme_production,engrais_kg,pesticides_l,semences_kg,pluviometrie_mm,temperature_moy_C,rendement_kg_ha,production_kg,prix_vente_FCFA_kg,revenu_brut_kFCFA,cout_intrants_kFCFA,revenu_net_kFCFA,acces_marche,distance_marche_km,appui_ONG,acces_credit,membre_groupement,score_securite_alimentaire,satisfaction_globale
1,2022,Saison sèche,Logone-et-Chari,Kousseri,Homme,29.0,Aucun,Marié(e),11,4,9,Mil,1.51,Argileux,Pluie seule,Mixte,51.1,0.0,3.7,285.7,35.3,714.3,1078.6,191,206.0,21.6,184.4,Piste,2.4,FAO,Non,Oui,7.0,2
2,2023,Saison des pluies,Logone-et-Chari,Goulfey,Homme,51.0,Aucun,Veuf/Veuve,13,1,30,Arachide,,Sableux,Pluie seule,Décrue,0.0,0.14,11.9,686.0,39.9,637.0,522.3,395,206.0,3.9,202.1,Piste,16.1,Aucun,Non,Oui,9.0,5
3,2023,Saison des pluies,Logone-et-Chari,Kousseri,Homme,41.0,Aucun,Célibataire,7,3,19,Sésame,1.08,Limoneux,Irrigation gravitaire,Pluvial pur,8.2,0.0,17.5,729.5,35.6,772.3,834.1,607,506.0,8.5,497.5,Route bitumée,0.7,Aucun,Non,Non,9.0,5
4,2024,Saison sèche,Mayo-Kani,Guidiguis,Homme,,Coranique,Marié(e),6,3,19,Niébé,0.77,Argileux,Marigot,Pluvial pur,,2.91,6.3,339.7,35.3,857.1,660.0,395,261.0,22.9,238.1,Route bitumée,22.6,SODECOTON,Oui,Oui,8.0,1
5,2022,Saison sèche,Diamaré,Maroua II,Homme,71.0,Primaire,Marié(e),5,5,14,Sorgho,1.15,Argileux,Irrigation gravitaire,Pluvial pur,0.0,3.45,2.2,349.3,33.8,763.7,878.3,194,170.0,9.3,160.7,Sentier,2.5,FAO,Non,Non,9.0,4
6,2024,Saison des pluies,Mayo-Sava,Tokombéré,Femme,50.0,Aucun,Marié(e),2,1,11,Maïs,0.48,Sableux,Pluie seule,Pluvial pur,31.1,0.66,36.8,,36.2,99999.0,475.2,150,71.0,25.1,45.9,Piste,9.3,SODECOTON,Non,Oui,6.0,2
7,2022,Saison sèche,Mayo-Kani,Moutourwa,Homme,,Primaire,Marié(e),6,1,6,Sorgho,0.35,Argileux,Marigot,Irrigué,0.0,3.45,17.4,389.6,34.4,802.3,280.8,211,59.0,13.8,45.2,Piste,8.3,Aucun,Non,Non,3.0,2
8,2022,Saison sèche,Mayo-Kani,Moutourwa,Femme,59.0,Secondaire,Marié(e),6,1,14,Maïs,0.38,Argilo-sableux,Pluie + retenue,Décrue,0.0,4.46,5.3,361.6,33.4,1782.5,677.4,223,151.0,12.7,138.3,Piste,4.8,FAO,Oui,Oui,3.0,4
9,2021,Saison des pluies,Mayo-Danay,Guirvidig,Homme,64.0,Coranique,Marié(e),5,2,31,Arachide,0.32,Argileux,Pluie seule,Pluvial pur,15.4,1.86,14.9,774.3,32.7,885.8,283.5,382,108.0,15.3,92.7,Sentier,1.3,WFP,Non,Oui,4.0,3
10,2022,Saison sèche,Diamaré,Maroua I,Homme,36.0,Aucun,Marié(e),8,3,8,Niébé,1.94,Sableux,Pluie + retenue,Pluvial pur,0.0,0.0,4.5,448.2,35.1,636.8,1235.4,379,468.0,1.3,466.7,Route bitumée,3.0,FAO,Oui,Non,1.0,2
11,2021,Saison sèche,Mayo-Danay,Wina,Homme,26.0,Aucun,Marié(e),10,1,10,Sorgho,0.32,Sableux,Pluie + retenue,Mixte,83.1,3.49,10.4,,31.6,606.6,194.1,185,36.0,45.1,-9.1,Route bitumée,17.9,Aucun,Non,Oui,6.0,3
12,2024,Saison des pluies,Mayo-Kani,Guidiguis,Homme,43.0,Coranique,Célibataire,12,2,0,Mil,0.27,Limoneux,Irrigation gravitaire,Pluvial pur,42.7,4.7,8.1,1010.8,34.6,813.7,219.7,238,52.0,31.3,20.7,Sentier,23.4,IRAD,Oui,Non,7.0,4
13,2024,Saison des pluies,Mayo-Kani,Guidiguis,Femme,56.0,Aucun,Célibataire,5,1,4,Maïs,1.25,Argilo-sableux,Pluie seule,Pluvial pur,35.0,0.24,3.6,949.2,35.3,1735.1,2168.9,229,497.0,15.7,481.3,Voie navigable,12.3,WFP,Non,Oui,6.0,4
14,2021,Saison des pluies,Mayo-Danay,Yagoua,Femme,49.0,Primaire,Marié(e),12,2,0,Sorgho,1.61,Sableux,Marigot,Irrigué,10.4,0.0,9.1,715.9,31.9,564.0,908.0,239,217.0,6.9,210.1,Piste,26.5,WFP,Non,Non,6.0,5
15,2024,Saison sèche,Mayo-Sava,Mora,Homme,36.0,Coranique,Marié(e),2,2,18,Niébé,,Limoneux,Marigot,Pluvial pur,0.0,1.21,18.6,297.6,34.6,705.1,620.5,421,261.0,8.6,252.4,Piste,3.9,CARE,Non,Non,1.0,4
16,2021,Saison sèche,Mayo-Kani,Touloum,Homme,,Primaire,Célibataire,3,3,9,Niébé,0.45,Argileux,Pompe solaire,Mixte,0.0,0.0,26.6,283.4,33.9,1081.0,486.4,433,211.0,8.0,203.0,Sentier,9.7,WFP,Non,Oui,,5
17,2022,Saison sèche,Logone-et-Chari,Blangoua,Homme,,Universitaire,Marié(e),2,2,18,Coton,1.21,Argilo-sableux,Pluie seule,Pluvial pur,0.0,2.61,15.5,340.1,35.1,1175.9,1422.8,262,373.0,11.2,361.8,Route bitumée,3.5,SODECOTON,Oui,Non,1.0,5
18,2021,Saison des pluies,Diamaré,Maroua III,Homme,46.0,Aucun,Marié(e),7,4,19,Mil,3.3,Limoneux,Pluie seule,Pluvial pur,96.1,0.0,8.1,714.1,31.6,639.0,2108.7,212,447.0,40.9,406.1,Route bitumée,6.8,IRAD,Oui,Non,8.0,3
19,2022,Saison sèche,Mayo-Danay,Wina,Homme,39.0,Coranique,Marié(e),5,4,7,Maïs,0.43,Argileux,Pluie seule,Pluvial pur,26.3,0.63,18.6,260.3,33.5,1953.1,839.8,226,190.0,17.7,172.3,Sentier,5.2,WFP,Non,Non,9.0,5
20,2023,Saison des pluies,Diamaré,Bogo,Femme,21.0,Primaire,Marié(e),10,2,0,Niébé,1.52,Sableux,Pluie seule,Irrigué,16.8,0.0,13.6,690.5,36.5,463.3,704.2,441,311.0,10.8,300.2,Piste,39.1,FAO,Non,Oui,6.0,2
21,2023,Saison des pluies,Mayo-Sava,Kolofata,Homme,24.0,Coranique,Marié(e),10,1,8,Maïs,2.82,Argileux,Irrigation gravitaire,Mixte,29.1,0.17,18.5,625.4,37.0,2161.1,6094.3,151,920.0,17.6,902.4,Route bitumée,39.8,IRAD,Non,Non,9.0,5
22,2023,Saison sèche,Diamaré,Mémé,Femme,,Aucun,Marié(e),2,2,10,Sorgho,2.51,Argilo-sableux,Pluie seule,Pluvial pur,0.0,0.0,16.9,253.0,33.0,308.6,774.6,241,187.0,5.1,181.9,Piste,25.0,ONG locale,Non,Oui,1.0,5
23,2021,Saison sèche,Mayo-Kani,Guidiguis,Femme,62.0,Primaire,Veuf/Veuve,1,1,18,Mil,1.54,Hardé,Irrigation gravitaire,Pluvial pur,,0.0,24.8,380.6,34.5,374.0,576.0,250,144.0,10.6,133.4,Piste,2.5,SODECOTON,Non,Oui,3.0,2
24,2023,Saison des pluies,Mayo-Kani,Mindif,Homme,18.0,Primaire,Marié(e),7,1,2,Maïs,2.2,Argilo-sableux,Pluie + retenue,Pluvial pur,12.7,1.0,19.5,822.9,33.6,1438.5,3164.7,193,611.0,13.4,597.6,Piste,14.7,Aucun,Non,Oui,5.0,5
25,2021,Saison des pluies,Mayo-Kani,Mindif,Homme,51.0,Primaire,Marié(e),7,3,33,Mil,1.56,Argileux,Pluie seule,Irrigué,12.0,4.91,13.3,741.9,34.2,611.0,953.2,256,244.0,21.1,222.9,Sentier,8.1,WFP,Oui,Non,4.0,4
26,2024,Saison sèche,Logone-et-Chari,Goulfey,Homme,22.0,Aucun,Célibataire,3,3,6,Arachide,0.42,Argilo-sableux,Pluie seule,Pluvial pur,,3.3,27.6,249.1,33.3,581.3,244.1,321,78.0,20.9,57.1,Sentier,0.5,IRAD,Oui,Non,8.0,4
27,2022,Saison sèche,Logone-et-Chari,Kousseri,Femme,45.0,Aucun,Marié(e),10,2,3,Sorgho,,Argileux,Irrigation gravitaire,Décrue,83.4,0.0,15.7,187.2,37.3,1052.5,2073.4,205,425.0,38.1,,Piste,3.9,ONG locale,Non,Non,,1
28,2021,Saison sèche,Logone-et-Chari,Hilé-Alifa,Homme,37.0,Primaire,Marié(e),5,2,17,Sésame,,Argileux,Marigot,Pluvial pur,69.4,3.36,7.5,352.7,33.1,720.2,338.5,577,195.0,38.4,156.6,Route bitumée,20.4,SODECOTON,Oui,Oui,4.0,5
29,2021,Saison sèche,Mayo-Danay,Wina,Femme,51.0,Secondaire,Marié(e),12,3,32,Mil,,Argileux,Pluie seule,Pluvial pur,71.7,0.84,16.0,277.9,33.4,795.1,1200.6,226,271.0,35.6,235.4,Sentier,19.8,Aucun,Non,Oui,3.0,5
30,2022,Saison sèche,Logone-et-Chari,Blangoua,Homme,,Primaire,Marié(e),2,2,6,Niébé,,Sableux,Pluie seule,Mixte,77.2,1.46,22.2,324.6,36.3,679.4,767.7,446,342.0,41.2,300.8,Sentier,2.2,Aucun,Non,Oui,1.0,5
31,2022,Saison sèche,Mayo-Danay,Wina,Homme,48.0,Primaire,Marié(e),6,4,18,Sésame,0.97,Sableux,Pluie + retenue,Pluvial pur,35.1,0.0,25.9,296.0,35.3,519.1,503.5,644,324.0,21.8,302.2,Sentier,8.9,FAO,Non,Non,,1
32,2024,Saison des pluies,Logone-et-Chari,Hilé-Alifa,Homme,,Aucun,Marié(e),1,1,14,Mil,5.03,Sableux,Pluie seule,Pluvial pur,23.0,1.81,19.4,900.0,35.1,,1614.6,198,320.0,19.5,300.5,Route bitumée,35.0,ONG locale,Oui,Non,2.0,5
33,2021,Saison des pluies,Mayo-Kani,Kaélé,Homme,58.0,Universitaire,Marié(e),15,2,14,Maïs,0.81,Limoneux,Pluie + retenue,Pluvial pur,0.1,0.0,13.4,758.9,35.4,2211.6,1791.4,209,374.0,4.1,369.9,Piste,24.9,Aucun,Non,Oui,4.0,2
34,2022,Saison des pluies,Mayo-Danay,Yagoua,Homme,37.0,Secondaire,Marié(e),3,1,10,Coton,1.41,Hardé,Pluie + retenue,Pluvial pur,0.0,0.0,19.1,,32.2,1056.1,1489.1,250,372.0,5.7,366.3,Piste,19.7,FAO,Oui,Non,5.0,2
35,2022,Saison sèche,Diamaré,Maroua III,Homme,23.0,Primaire,Marié(e),3,1,7,Arachide,0.55,Argileux,Pompe solaire,Pluvial pur,17.6,2.14,16.2,390.2,33.1,1207.6,664.2,392,260.0,17.2,,Piste,8.3,Aucun,Oui,Oui,7.0,5
36,2024,Saison des pluies,Logone-et-Chari,Hilé-Alifa,Homme,30.0,Coranique,Célibataire,9,3,12,Niébé,1.28,Sableux,Pluie + retenue,Pluvial pur,13.5,1.6,15.3,829.9,36.2,,1053.1,431,454.0,14.0,440.0,Sentier,9.9,Aucun,Non,Oui,3.0,1
37,2022,Saison sèche,Mayo-Sava,Méri,Femme,,Primaire,Marié(e),6,6,8,Maïs,1.35,Argileux,Pluie seule,Mixte,19.2,0.0,2.9,331.9,35.0,1930.4,2606.0,152,396.0,8.5,387.5,Piste,8.1,IRAD,Non,Oui,8.0,3
38,2024,Saison des pluies,Diamaré,Maroua I,Homme,35.0,Aucun,Marié(e),7,4,7,Sorgho,0.24,Hardé,Pluie + retenue,Mixte,0.7,8.07,29.3,1036.4,34.3,415.7,99.8,224,22.0,29.2,-7.2,Route bitumée,10.3,FAO,Non,Non,7.0,4
39,2023,Saison sèche,Diamaré,Maroua II,Homme,52.0,Coranique,Veuf/Veuve,8,3,17,Arachide,2.46,Sableux,Pompe solaire,Irrigué,14.5,0.0,21.4,340.5,35.0,832.7,2048.4,359,735.0,12.2,722.8,Sentier,21.7,SODECOTON,Non,Oui,7.0,3
40,2024,Saison des pluies,Mayo-Sava,Tokombéré,Femme,45.0,Coranique,Veuf/Veuve,7,2,16,Mil,2.74,Hardé,Pluie + retenue,Pluvial pur,2.6,5.1,24.0,794.6,34.8,326.8,895.4,235,210.0,21.0,189.0,Piste,1.0,FAO,Oui,Oui,5.0,4
41,2022,Saison sèche,Mayo-Sava,Tokombéré,Homme,55.0,Universitaire,Marié(e),7,1,9,Sorgho,0.34,Argileux,Pluie seule,Irrigué,285.6,0.0,19.3,242.4,36.3,1040.7,353.8,187,66.0,120.0,-54.0,Sentier,28.3,IRAD,Oui,Non,2.0,4
42,2023,Saison des pluies,Mayo-Danay,Yagoua,Homme,42.0,Aucun,Marié(e),10,3,15,Sorgho,1.38,Sableux,Pluie seule,Mixte,,7.45,23.5,913.1,33.0,515.0,710.7,173,123.0,53.6,,Sentier,2.2,Aucun,Non,Oui,7.0,2
43,2023,Saison des pluies,Logone-et-Chari,Makary,Homme,33.0,Coranique,Marié(e),3,2,9,Maïs,0.35,Hardé,Pluie seule,Mixte,42.4,0.0,15.2,804.4,36.6,,307.8,225,69.0,21.5,47.5,Piste,7.5,ONG locale,Non,Oui,2.0,3
44,2022,Saison sèche,Mayo-Kani,Guidiguis,Homme,35.0,Primaire,Marié(e),7,5,7,Mil,1.15,Argilo-sableux,Pluie + retenue,Pluvial pur,105.0,6.97,11.4,414.3,32.7,762.4,876.8,231,203.0,62.8,140.2,Piste,7.0,SODECOTON,Oui,Oui,6.0,3
45,2021,Saison des pluies,Mayo-Sava,Kolofata,Homme,50.0,Aucun,Célibataire,14,4,27,Niébé,1.55,Argileux,Pluie + retenue,Irrigué,114.5,0.0,1.0,670.2,39.0,1078.0,1670.9,391,653.0,46.1,606.9,Piste,6.2,WFP,Non,Oui,9.0,2
46,2024,Saison des pluies,Mayo-Kani,Mindif,Homme,43.0,Aucun,Marié(e),8,1,27,Sorgho,0.22,Argileux,Pluie + retenue,Décrue,0.0,0.0,15.5,993.2,32.5,,132.7,236,31.0,4.6,26.4,Piste,4.4,ONG locale,Non,Non,6.0,1
47,2023,Saison sèche,Diamaré,Bogo,Homme,56.0,Coranique,Célibataire,7,2,5,Maïs,0.36,Hardé,Pluie seule,Pluvial pur,31.9,2.75,19.4,265.9,35.0,934.5,336.4,227,76.0,25.5,50.5,Sentier,10.6,Aucun,Non,Non,9.0,1
48,2021,Saison sèche,Mayo-Kani,Mindif,Homme,46.0,Coranique,Marié(e),3,1,4,Niébé,0.85,Argileux,Irrigation gravitaire,Pluvial pur,59.9,0.0,19.9,206.0,35.1,1121.7,953.4,372,355.0,29.9,325.1,Voie navigable,15.6,FAO,Non,Non,3.0,2
49,2023,Saison des pluies,Mayo-Sava,Tokombéré,Homme,70.0,Coranique,Veuf/Veuve,9,6,16,Maïs,2.55,Argilo-sableux,Marigot,Pluvial pur,0.0,4.94,9.2,658.0,36.1,1344.4,3428.2,220,754.0,15.1,738.9,Piste,5.6,Aucun,Oui,Non,6.0,3
50,2022,Saison sèche,Logone-et-Chari,Goulfey,Homme,44.0,Aucun,Marié(e),6,3,16,Mil,0.85,Argileux,Pluie seule,Pluvial pur,53.3,9.3,22.6,369.9,37.0,654.1,556.0,222,123.0,51.4,71.6,Piste,4.3,SODECOTON,Oui,Non,2.0,2
51,2024,Saison des pluies,Mayo-Danay,Guirvidig,Femme,41.0,Universitaire,Marié(e),9,5,19,Sorgho,3.46,Sableux,Pompe solaire,Décrue,0.0,1.46,5.7,1029.6,37.0,,2770.1,194,537.0,5.4,531.6,Sentier,13.8,Aucun,Non,Non,1.0,5
52,2023,Saison des pluies,Diamaré,Bogo,Homme,47.0,Universitaire,Marié(e),1,1,8,Niébé,1.36,Hardé,Pluie seule,Mixte,,0.0,26.6,940.8,32.1,546.9,743.8,427,318.0,8.0,310.0,Piste,0.7,FAO,Non,Non,5.0,2
53,2023,Saison sèche,Mayo-Sava,Méri,Homme,48.0,Aucun,Marié(e),6,3,24,Mil,1.52,Sableux,Pluie seule,Pluvial pur,66.3,0.54,28.0,132.1,39.0,631.1,959.3,268,257.0,36.3,220.7,Piste,30.2,IRAD,Oui,Non,7.0,1
54,2022,Saison des pluies,Mayo-Danay,Yagoua,Femme,39.0,Aucun,Marié(e),2,2,15,Niébé,,Hardé,Irrigation gravitaire,Mixte,46.7,3.61,1.0,928.5,34.5,735.9,345.9,447,155.0,28.0,127.0,Piste,9.9,Aucun,Non,Oui,5.0,3
55,2024,Saison sèche,Logone-et-Chari,Blangoua,Homme,54.0,Primaire,Marié(e),7,4,34,Maïs,,Argilo-sableux,Pluie seule,Pluvial pur,0.0,0.0,9.1,360.8,36.0,1227.2,2773.5,190,527.0,2.7,524.3,Piste,18.0,Aucun,Non,Oui,7.0,2
56,2024,Saison des pluies,Mayo-Kani,Guidiguis,Homme,20.0,Coranique,Marié(e),4,3,4,Sésame,0.75,Argileux,Pluie seule,Mixte,45.5,1.47,10.4,1018.6,33.0,,497.4,638,317.0,25.0,292.0,Sentier,2.2,Aucun,Non,Oui,9.0,4
57,2024,Saison des pluies,Mayo-Sava,Méri,Homme,27.0,Aucun,Marié(e),14,1,11,Sésame,0.49,Argilo-sableux,Pluie seule,Pluvial pur,0.0,0.0,11.9,744.6,37.1,509.6,249.7,572,143.0,3.6,139.4,Sentier,16.9,FAO,Non,Non,3.0,3
58,2022,Saison sèche,Logone-et-Chari,Makary,Femme,37.0,Coranique,Marié(e),8,5,19,Arachide,0.39,Argileux,Pompe solaire,Pluvial pur,15.0,2.18,1.0,263.8,35.9,1243.9,485.1,380,184.0,11.8,172.2,Piste,10.2,ONG locale,Non,Oui,8.0,3
59,2023,Saison sèche,Mayo-Danay,Tchatibali,Homme,,Coranique,Célibataire,8,2,18,Arachide,1.56,Hardé,Pluie seule,Pluvial pur,33.1,0.0,11.7,352.5,32.8,455.7,710.9,364,259.0,16.8,242.2,Route bitumée,15.2,IRAD,Non,Non,5.0,2
60,2021,Saison des pluies,Diamaré,Bogo,Femme,33.0,Primaire,Marié(e),3,3,9,Sorgho,0.54,Argileux,Pluie seule,Pluvial pur,51.6,0.25,1.5,770.6,31.3,982.8,530.7,215,114.0,21.7,92.3,Sentier,73.5,SODECOTON,Oui,Non,9.0,1
61,2024,Saison des pluies,Mayo-Danay,Guirvidig,Homme,36.0,Aucun,Marié(e),2,2,19,Mil,1.77,Sableux,Pluie + retenue,Pluvial pur,,0.12,11.5,993.9,33.1,502.3,889.1,201,179.0,3.7,175.3,Piste,24.8,Aucun,Non,Oui,7.0,1
62,2022,Saison sèche,Mayo-Kani,Kaélé,Homme,58.0,Aucun,Célibataire,6,1,12,Sorgho,,Argileux,Pluie seule,Pluvial pur,23.6,2.88,8.3,,36.1,475.9,747.2,174,130.0,19.1,110.9,Sentier,1.8,CARE,Non,Non,9.0,5
63,2022,Saison des pluies,Mayo-Kani,Moutourwa,Homme,41.0,Secondaire,Marié(e),7,2,7,Arachide,1.27,Hardé,Pluie + retenue,Pluvial pur,18.6,0.56,2.1,1004.2,37.9,798.6,1014.2,321,326.0,9.5,316.5,Route bitumée,3.0,ONG locale,Non,Oui,4.0,1
64,2023,Saison sèche,Mayo-Danay,Yagoua,Femme,49.0,Primaire,Marié(e),5,4,29,Sorgho,0.71,Sableux,Irrigation gravitaire,Mixte,6.7,4.37,11.8,376.2,32.5,675.3,479.5,243,117.0,17.1,99.9,Route bitumée,1.4,ONG locale,Oui,Oui,3.0,3
65,2023,Saison sèche,Mayo-Danay,Wina,Femme,44.0,Aucun,Marié(e),4,1,22,Arachide,2.58,Limoneux,Pluie seule,Pluvial pur,123.1,9.7,23.3,375.6,34.4,894.6,2308.1,324,748.0,80.5,667.5,Sentier,8.0,Aucun,Non,Oui,7.0,1
66,2024,Saison sèche,Mayo-Sava,Tokombéré,Femme,,Primaire,Célibataire,9,3,13,Sorgho,1.34,Argilo-sableux,Pompe solaire,Pluvial pur,55.4,3.35,12.9,352.6,35.1,980.6,1314.0,235,309.0,34.4,274.6,Piste,2.0,WFP,Non,Non,5.0,4
67,2021,Saison sèche,Mayo-Danay,Wina,FEMME,67.0,Primaire,Marié(e),11,4,10,Maïs,0.39,Limoneux,Irrigation gravitaire,Mixte,26.8,0.0,18.5,274.1,30.6,2329.3,908.4,183,166.0,16.3,149.7,Piste,0.5,CARE,Oui,Non,1.0,2
68,2023,Saison des pluies,Mayo-Danay,Guirvidig,Homme,52.0,Secondaire,Marié(e),9,3,19,Mil,0.65,Hardé,Pluie seule,Mixte,0.0,0.17,5.3,979.7,33.2,,212.9,201,43.0,2.0,41.0,Sentier,5.0,Aucun,Non,Non,2.0,5
69,2023,Saison sèche,Diamaré,Mémé,Femme,51.0,Aucun,Marié(e),5,3,15,Sorgho,1.23,Argilo-sableux,Marigot,Décrue,0.0,0.0,21.9,315.4,33.3,477.6,587.4,246,145.0,6.6,,Route bitumée,5.0,IRAD,Non,Non,7.0,2
70,2021,Saison sèche,Mayo-Danay,Wina,Homme,36.0,Secondaire,Marié(e),4,1,14,Coton,,Argileux,Pluie seule,Mixte,86.3,2.29,13.3,277.8,32.4,1626.4,2764.9,284,785.0,44.2,740.8,Piste,17.1,Aucun,Non,Non,5.0,3
71,2021,Saison des pluies,Mayo-Danay,Kalfou,Homme,30.0,Aucun,Célibataire,11,5,14,Coton,0.7,Limoneux,Pluie seule,Pluvial pur,0.0,2.39,12.7,745.6,32.2,802.7,561.9,262,147.0,9.8,137.2,Voie navigable,13.8,Aucun,Oui,Oui,8.0,5
72,2024,Saison des pluies,Diamaré,Maroua III,Homme,28.0,Coranique,Marié(e),4,1,12,Sorgho,0.48,Hardé,Marigot,Décrue,9.7,4.29,9.3,1071.7,33.6,247.8,118.9,204,24.0,17.4,6.6,Sentier,7.5,FAO,Non,Oui,2.0,2
73,2022,Saison sèche,Diamaré,Gazawa,Homme,54.0,Coranique,Marié(e),6,3,10,Sorgho,0.41,Argileux,Pompe solaire,Mixte,71.1,0.0,8.3,373.2,33.7,1233.9,505.9,227,115.0,30.9,84.1,Piste,4.3,CARE,Oui,Oui,3.0,2
74,2023,Saison des pluies,Logone-et-Chari,Makary,Homme,56.0,Secondaire,Veuf/Veuve,9,1,14,Sorgho,,Sableux,Irrigation gravitaire,Pluvial pur,14.3,0.0,3.6,686.7,33.9,739.6,761.8,204,155.0,6.8,148.2,Piste,2.1,WFP,Non,Oui,7.0,1
75,2023,Saison des pluies,Logone-et-Chari,Makary,Homme,41.0,Universitaire,Marié(e),5,4,23,Maïs,1.2,Sableux,Pluie seule,Pluvial pur,0.0,0.39,13.3,,38.0,1548.9,1858.7,167,310.0,5.0,305.0,Route bitumée,1.0,IRAD,Oui,Non,2.0,5
76,2024,Saison sèche,Logone-et-Chari,Hilé-Alifa,Femme,48.0,Primaire,Marié(e),11,1,16,Sorgho,0.9,Argileux,Irrigation gravitaire,Pluvial pur,81.1,5.13,12.4,349.9,35.5,1209.3,1088.4,213,232.0,49.0,183.0,Piste,9.8,SODECOTON,Oui,Oui,4.0,5
77,2024,Saison des pluies,Mayo-Kani,Guidiguis,Femme,39.0,Universitaire,Marié(e),5,4,15,Arachide,,Argileux,Pluie seule,Mixte,10.0,0.0,12.9,832.2,34.0,1210.9,1537.8,349,537.0,7.9,529.1,Piste,11.2,FAO,Non,Non,4.0,4
78,2024,Saison sèche,Mayo-Danay,Guirvidig,Homme,24.0,Secondaire,Marié(e),3,3,8,Niébé,0.59,Argileux,Pluie seule,Irrigué,26.2,0.83,22.6,445.3,33.0,731.5,431.6,398,172.0,19.3,152.7,Piste,17.7,FAO,Non,Non,7.0,5
79,2022,Saison des pluies,Mayo-Danay,Yagoua,Homme,55.0,Coranique,Marié(e),11,5,16,Coton,1.58,Sableux,Pluie + retenue,Pluvial pur,8.2,0.0,20.0,,33.5,1256.3,1985.0,282,560.0,9.3,550.7,Route bitumée,43.3,ONG locale,Non,Non,,3
80,2022,Saison des pluies,Mayo-Kani,Mindif,Homme,,Aucun,Célibataire,10,2,28,Niébé,2.23,Argilo-sableux,Pluie seule,Mixte,18.7,0.0,17.0,845.1,32.4,423.1,943.5,417,393.0,12.6,380.4,Sentier,0.8,FAO,Non,Non,7.0,4
81,2022,Saison des pluies,Diamaré,Maroua II,Femme,42.0,Primaire,Marié(e),5,1,20,Sésame,0.93,Limoneux,Pluie seule,Mixte,71.5,0.04,12.0,964.1,31.3,653.8,608.0,580,353.0,32.3,320.7,Piste,5.2,FAO,Non,Non,3.0,2
82,2022,Saison des pluies,Mayo-Sava,Mora,Femme,31.0,Secondaire,Marié(e),6,3,6,Sorgho,0.7,Limoneux,Pluie seule,Irrigué,83.3,0.0,2.5,707.2,35.8,858.8,601.2,229,138.0,34.1,103.9,Piste,5.8,Aucun,Non,Non,8.0,4
83,2021,Saison sèche,Diamaré,Maroua II,Homme,66.0,Aucun,Marié(e),11,2,13,Niébé,0.76,Argileux,Pluie + retenue,Pluvial pur,,4.02,16.6,266.0,31.5,889.2,675.8,436,295.0,24.2,270.8,Piste,9.0,ONG locale,Non,Oui,9.0,2
84,2024,Saison des pluies,Mayo-Sava,Tokombéré,Homme,48.0,Secondaire,Marié(e),4,2,26,Maïs,0.74,Sableux,Pompe solaire,Pluvial pur,9.7,0.0,13.4,790.2,34.6,1993.1,1474.9,170,251.0,7.9,243.1,Sentier,1.8,SODECOTON,Non,Non,,2
85,2024,Saison des pluies,Mayo-Danay,Wina,Homme,61.0,Secondaire,Marié(e),5,5,15,Arachide,2.67,Argileux,Pluie seule,Mixte,42.8,0.14,16.9,1026.1,34.2,982.1,2622.2,339,889.0,22.5,866.5,Route bitumée,0.8,FAO,Non,Non,5.0,4
86,2021,Saison des pluies,Mayo-Kani,Kaélé,Homme,53.0,Universitaire,Marié(e),12,2,24,Sorgho,1.35,Argilo-sableux,Marigot,Irrigué,42.1,0.36,21.8,697.7,35.8,881.1,1189.5,238,283.0,24.3,258.7,Route bitumée,23.1,WFP,Non,Non,5.0,1
87,2023,Saison sèche,Diamaré,Bogo,Homme,44.0,Secondaire,Célibataire,10,3,13,Mil,,Argilo-sableux,Pluie seule,Pluvial pur,23.1,6.76,12.9,269.0,34.9,554.8,643.6,244,157.0,30.0,127.0,Route bitumée,1.1,FAO,Oui,Oui,2.0,1
88,2024,Saison des pluies,Logone-et-Chari,Blangoua,Homme,72.0,Primaire,Marié(e),9,2,14,Niébé,1.06,Argileux,Pluie seule,Mixte,0.0,4.54,9.7,,35.7,814.3,863.2,434,375.0,14.3,360.7,Piste,4.8,Aucun,Oui,Non,6.0,4
89,2022,Saison des pluies,Mayo-Danay,Guirvidig,Femme,51.0,Secondaire,Marié(e),6,5,6,Niébé,1.18,Argileux,Pluie + retenue,Pluvial pur,58.0,0.0,7.0,1000.9,34.1,1371.3,1618.1,427,691.0,25.3,665.7,Voie navigable,0.9,Aucun,Oui,Oui,5.0,2
90,2024,Saison des pluies,Mayo-Kani,Mindif,Homme,44.0,Aucun,Marié(e),8,2,16,Mil,0.59,Argilo-sableux,Pluie seule,Pluvial pur,21.2,5.05,10.5,959.6,35.8,468.8,276.6,195,54.0,24.3,,Route bitumée,1.6,IRAD,Non,Non,7.0,3
91,2024,Saison sèche,Mayo-Danay,Guirvidig,Homme,47.0,Secondaire,Célibataire,5,2,18,Arachide,1.34,Argileux,Pluie + retenue,Décrue,0.0,1.74,14.6,432.8,35.1,,1579.2,384,606.0,8.7,597.3,Sentier,11.6,Aucun,Non,Non,4.0,2
92,2022,Saison des pluies,Logone-et-Chari,Goulfey,Homme,46.0,Coranique,Marié(e),8,3,6,Mil,2.05,Argileux,Pluie + retenue,Mixte,11.7,0.0,18.7,825.9,36.4,723.8,1483.8,258,383.0,10.3,372.7,Voie navigable,6.8,CARE,Oui,Non,8.0,2
93,2023,Saison sèche,Mayo-Sava,Kolofata,Homme,47.0,Coranique,Marié(e),6,3,24,Niébé,0.89,Sableux,Pluie seule,Mixte,23.8,6.11,8.7,289.0,37.0,725.8,646.0,432,279.0,27.4,,Piste,7.8,Aucun,Oui,Non,8.0,5
94,2021,Saison sèche,Mayo-Danay,Guirvidig,Homme,54.0,Primaire,Marié(e),5,2,13,Mil,0.32,Sableux,Irrigation gravitaire,Pluvial pur,12.1,2.84,9.8,,31.4,549.3,175.8,218,38.0,14.9,,Piste,5.9,Aucun,Non,Non,4.0,4
95,2022,Saison des pluies,Diamaré,Gazawa,Homme,,Coranique,Marié(e),8,3,8,Sorgho,2.77,Limoneux,Pluie seule,Pluvial pur,11.3,0.0,4.3,,35.9,859.8,2381.6,220,524.0,5.8,518.2,Sentier,3.2,ONG locale,Non,Non,,3
96,2022,Saison sèche,Mayo-Danay,Kalfou,Homme,46.0,Secondaire,Marié(e),8,1,23,Maïs,0.82,Sableux,Pluie seule,Pluvial pur,41.0,0.54,12.1,317.8,32.5,,1398.3,217,303.0,21.4,281.6,Voie navigable,3.9,IRAD,Oui,Non,4.0,2
97,2021,Saison des pluies,Logone-et-Chari,Makary,Homme,78.0,Coranique,Célibataire,7,3,19,Sorgho,1.77,Limoneux,Pluie + retenue,Pluvial pur,53.9,1.04,8.9,651.8,37.0,893.4,1581.3,172,272.0,26.8,245.2,Piste,24.3,Aucun,Non,Non,6.0,5
98,2022,Saison sèche,Mayo-Danay,Wina,Femme,61.0,Primaire,Marié(e),4,3,24,Mil,1.18,Argilo-sableux,Pluie seule,Décrue,43.8,0.0,10.7,358.8,32.1,490.8,579.1,216,125.0,20.7,104.3,Route bitumée,2.4,WFP,Non,Non,5.0,3
99,2022,Saison des pluies,Diamaré,Maroua III,Homme,66.0,Secondaire,Marié(e),8,4,5,Niébé,0.87,Argilo-sableux,Pluie seule,Pluvial pur,16.6,0.0,13.3,1001.7,32.3,665.8,579.2,403,233.0,10.6,222.4,Sentier,2.9,WFP,Non,Oui,6.0,2
100,2023,Saison sèche,Mayo-Danay,Kalfou,Homme,37.0,Primaire,Marié(e),5,2,15,Sorgho,0.53,Limoneux,Irrigation gravitaire,Pluvial pur,19.6,0.0,18.2,434.0,30.6,,417.4,181,76.0,13.3,62.7,Route bitumée,5.0,Aucun,Non,Non,2.0,1
101,2022,Saison des pluies,Logone-et-Chari,Kousseri,Homme,52.0,Primaire,Veuf/Veuve,7,4,12,Arachide,0.25,Argilo-sableux,Pompe solaire,Mixte,14.9,0.0,8.7,847.4,37.4,1104.1,276.0,335,92.0,8.6,83.4,Route bitumée,31.5,Aucun,Non,Non,8.0,1
102,2024,Saison sèche,Diamaré,Gazawa,Homme,49.0,Aucun,Célibataire,9,3,0,Sorgho,0.27,Sableux,Irrigation gravitaire,Irrigué,29.1,5.33,19.5,408.0,35.2,663.8,179.2,192,34.0,30.8,3.2,Route bitumée,13.7,Aucun,Non,Non,2.0,5
103,2023,Saison sèche,Mayo-Danay,Tchatibali,Femme,23.0,Primaire,Célibataire,7,1,7,Niébé,0.71,Limoneux,Pluie seule,Mixte,3.3,3.75,24.6,,33.8,677.0,480.7,408,196.0,18.1,177.9,Route bitumée,6.2,Aucun,Non,Non,1.0,1
104,2021,Saison des pluies,Diamaré,Maroua II,Femme,70.0,Aucun,Célibataire,8,1,16,Niébé,1.68,Sableux,Pluie seule,Pluvial pur,55.6,1.32,27.4,,35.8,608.3,1021.9,410,419.0,33.8,385.2,Route bitumée,5.5,Aucun,Non,Oui,7.0,2
105,2024,Saison sèche,Mayo-Danay,Yagoua,Homme,44.0,Aucun,Marié(e),4,4,3,Sorgho,1.06,Argilo-sableux,Irrigation gravitaire,Pluvial pur,0.0,2.01,27.2,435.0,34.9,750.4,795.4,216,172.0,13.2,158.8,Sentier,10.7,Aucun,Oui,Non,7.0,4
106,2024,Saison sèche,Diamaré,Mémé,Homme,26.0,Aucun,Marié(e),4,2,10,Sorgho,3.94,Sableux,Pluie seule,Décrue,12.0,4.99,13.2,387.8,33.4,377.1,1485.8,175,260.0,21.2,238.8,Voie navigable,10.3,CARE,Non,Oui,4.0,5
107,2021,Saison sèche,Logone-et-Chari,Blangoua,Femme,52.0,Secondaire,Marié(e),3,1,23,Sésame,1.1,Argileux,Pluie seule,Pluvial pur,26.4,0.0,14.0,212.4,36.4,518.9,570.8,615,351.0,14.8,336.2,Route bitumée,6.0,Aucun,Oui,Oui,5.0,3
108,2022,Saison des pluies,Mayo-Danay,Tchatibali,homme,32.0,Universitaire,Célibataire,5,2,13,Mil,1.38,Hardé,Irrigation gravitaire,Décrue,0.0,1.11,17.2,1092.8,30.7,521.3,719.4,193,139.0,7.9,131.1,Sentier,2.5,FAO,Oui,Non,8.0,1
109,2024,Saison sèche,Mayo-Kani,Kaélé,Homme,36.0,Secondaire,Marié(e),9,5,2,Sésame,1.59,Hardé,Pluie seule,Pluvial pur,6.1,3.25,16.9,332.2,32.7,244.0,388.0,586,227.0,15.6,211.4,Piste,0.8,Aucun,Non,Non,5.0,2
110,2021,Saison des pluies,Logone-et-Chari,Kousseri,Homme,45.0,Primaire,Marié(e),11,1,20,Sorgho,1.12,Sableux,Pluie seule,Irrigué,18.4,3.84,18.4,,37.4,337.3,377.8,198,75.0,22.5,52.5,Sentier,0.5,FAO,Non,Non,,5
111,2022,Saison des pluies,Diamaré,Bogo,Homme,54.0,Secondaire,Marié(e),4,1,31,Arachide,0.62,Argileux,Pluie + retenue,Décrue,0.0,1.6,28.6,957.6,33.0,1070.4,663.6,348,231.0,12.6,218.4,Sentier,8.8,Aucun,Non,Non,2.0,3
112,2022,Saison des pluies,Diamaré,Maroua II,Homme,54.0,Coranique,Marié(e),8,4,3,Mil,4.16,Sableux,Pompe solaire,Pluvial pur,0.0,0.68,34.7,949.0,35.4,484.9,2017.2,268,541.0,12.1,528.9,Piste,4.7,Aucun,Non,Oui,7.0,2
113,2022,Saison sèche,Mayo-Danay,Yagoua,Homme,26.0,Aucun,Marié(e),4,1,8,Niébé,0.72,Sableux,Pluie seule,Mixte,29.3,1.28,21.5,421.6,34.3,428.3,308.4,385,119.0,21.4,97.6,Sentier,38.0,WFP,Non,Non,8.0,5
114,2023,Saison sèche,Diamaré,Maroua I,Homme,27.0,Primaire,Marié(e),5,1,5,Sésame,0.89,Limoneux,Pluie seule,Pluvial pur,,0.0,19.3,328.7,33.9,586.4,521.9,618,323.0,7.3,315.7,Route bitumée,32.8,IRAD,Non,Non,3.0,1
115,2022,Saison sèche,Mayo-Kani,Kaélé,Homme,50.0,Aucun,Marié(e),9,2,12,Arachide,0.39,Limoneux,Pluie + retenue,Pluvial pur,14.9,0.0,26.6,324.5,35.1,912.6,355.9,355,126.0,13.9,112.1,Piste,31.7,Aucun,Oui,Non,5.0,2
116,2024,Saison des pluies,Mayo-Danay,Kalfou,Homme,49.0,Secondaire,Marié(e),11,5,22,Maïs,,Sableux,Pompe solaire,Irrigué,21.4,1.47,21.2,1142.6,32.4,1469.5,6627.4,184,1219.0,18.6,1200.4,Sentier,29.3,Aucun,Non,Non,2.0,4
117,2024,Saison des pluies,Mayo-Kani,Touloum,Homme,40.0,Secondaire,Marié(e),7,2,16,Sorgho,0.35,Limoneux,Pluie seule,Irrigué,0.0,2.99,24.6,983.4,34.6,761.2,266.4,217,58.0,14.9,43.1,Sentier,15.8,Aucun,Non,Non,7.0,4
118,2022,Saison sèche,Mayo-Danay,Wina,Femme,28.0,Aucun,Marié(e),8,3,12,Mil,1.26,Limoneux,Pluie seule,Pluvial pur,50.0,0.0,22.4,357.9,32.7,470.5,592.8,266,158.0,26.7,131.3,Route bitumée,0.5,IRAD,Non,Non,6.0,3
119,2021,Saison sèche,Logone-et-Chari,Kousseri,Femme,29.0,Primaire,Marié(e),3,2,13,Sorgho,0.97,Limoneux,Pluie seule,Pluvial pur,74.2,0.59,18.8,193.4,36.1,866.5,840.5,186,156.0,36.8,119.2,Piste,3.3,SODECOTON,Non,Oui,9.0,3
120,2024,Saison sèche,Logone-et-Chari,Goulfey,Homme,41.0,Coranique,Marié(e),9,1,13,Sorgho,0.59,Sableux,Pluie + retenue,Pluvial pur,27.8,0.0,22.6,296.7,35.8,461.7,272.4,250,68.0,17.9,50.1,Piste,4.4,SODECOTON,Non,Non,,3
121,2023,Saison des pluies,Diamaré,Mémé,Homme,,Coranique,Marié(e),4,4,4,Sorgho,0.83,Limoneux,Pluie seule,Mixte,19.5,2.48,18.7,,32.8,480.4,398.7,205,82.0,19.6,62.4,Piste,25.6,IRAD,Non,Oui,1.0,1
122,2022,Saison des pluies,Mayo-Kani,Guidiguis,Homme,48.0,Coranique,Marié(e),12,3,17,Sorgho,2.29,Argilo-sableux,Pluie + retenue,Pluvial pur,0.0,14.41,13.3,836.2,34.1,658.9,1508.9,233,352.0,40.0,312.0,Piste,15.8,FAO,Oui,Oui,7.0,2
123,2023,Saison des pluies,Mayo-Danay,Kalfou,Femme,31.0,Aucun,Marié(e),4,4,15,Niébé,3.1,Argileux,Marigot,Décrue,1.6,0.0,25.6,921.7,34.3,677.0,2098.7,406,852.0,8.3,843.7,Piste,7.6,ONG locale,Non,Oui,7.0,4
124,2024,Saison des pluies,Mayo-Danay,Kalfou,Homme,37.0,Primaire,Marié(e),6,2,19,Mil,3.47,Argilo-sableux,Irrigation gravitaire,Pluvial pur,42.7,1.16,19.9,1091.8,34.3,743.8,2581.0,205,529.0,25.9,503.1,Piste,12.5,CARE,Non,Non,4.0,2
125,2024,Saison des pluies,Diamaré,Bogo,Femme,55.0,Universitaire,Célibataire,6,1,31,Sorgho,2.05,Sableux,Marigot,Pluvial pur,39.7,0.71,21.8,970.5,35.2,667.0,1367.3,185,253.0,24.2,228.8,Sentier,40.4,SODECOTON,Non,Oui,9.0,3
126,2024,Saison sèche,Logone-et-Chari,Kousseri,Homme,32.0,Aucun,Marié(e),10,1,11,Maïs,1.46,Sableux,Pluie seule,Décrue,47.8,1.86,16.8,348.9,37.0,1255.5,1833.0,216,396.0,28.8,367.2,Piste,19.7,Aucun,Non,Oui,7.0,4
127,2021,Saison des pluies,Mayo-Sava,Waza,Homme,30.0,Aucun,Marié(e),9,1,11,Sorgho,1.86,Argileux,Pluie seule,Irrigué,5.5,0.0,26.0,580.6,37.4,824.8,1534.1,238,365.0,10.0,355.0,Piste,1.2,CARE,Non,Oui,6.0,1
128,2024,Saison sèche,Mayo-Danay,Wina,Femme,24.0,Primaire,Marié(e),5,3,8,Arachide,1.04,Argileux,Pompe solaire,Pluvial pur,0.0,0.0,11.6,390.8,30.9,1361.4,1415.9,355,503.0,3.5,499.5,Route bitumée,2.1,SODECOTON,Oui,Non,5.0,4
129,2021,Saison sèche,Mayo-Danay,Guirvidig,Homme,33.0,Primaire,Marié(e),5,3,6,Sorgho,0.77,Argileux,Pluie seule,Irrigué,83.3,0.0,2.8,291.0,31.6,731.4,563.2,202,114.0,34.2,79.8,Piste,6.2,SODECOTON,Oui,Oui,2.0,5
130,2022,Saison des pluies,Mayo-Sava,Mora,Homme,60.0,Aucun,Veuf/Veuve,5,4,15,Niébé,1.47,Limoneux,Pompe solaire,Mixte,0.0,0.0,6.6,632.8,40.1,850.9,1250.8,398,498.0,2.0,496.0,Voie navigable,3.3,Aucun,Oui,Non,4.0,2
131,2021,Saison sèche,Diamaré,Maroua II,Homme,71.0,Aucun,Marié(e),4,3,24,Maïs,1.03,Limoneux,Marigot,Mixte,8.9,0.0,19.7,337.9,35.0,1652.4,1702.0,225,383.0,9.5,,Sentier,12.1,CARE,Non,Non,,2
132,2022,Saison des pluies,Mayo-Danay,Guirvidig,Femme,36.0,Coranique,Marié(e),10,5,12,Sorgho,1.03,Hardé,Pluie + retenue,Mixte,41.4,0.0,12.6,857.0,34.3,365.4,376.4,175,66.0,20.3,45.7,Piste,2.5,Aucun,Oui,Oui,6.0,4
133,2022,Saison sèche,Mayo-Sava,Waza,Femme,42.0,Primaire,Célibataire,6,3,18,Sorgho,1.46,Argileux,Pluie + retenue,Mixte,3.9,0.0,17.4,315.1,37.5,746.0,1089.2,238,259.0,6.8,252.2,Piste,6.3,Aucun,Non,Oui,7.0,5
134,2021,Saison sèche,Mayo-Kani,Touloum,Homme,23.0,Universitaire,Marié(e),7,2,7,Niébé,2.5,Argilo-sableux,Pluie + retenue,Décrue,56.1,6.87,2.8,278.8,35.0,1224.1,3060.2,391,1197.0,40.5,1156.5,Sentier,16.3,CARE,Oui,Oui,3.0,4
135,2021,Saison sèche,Mayo-Kani,Touloum,Homme,25.0,Aucun,Marié(e),8,4,9,Sésame,1.21,Sableux,Pluie seule,Pluvial pur,165.2,1.51,8.0,344.1,33.6,400.0,484.0,579,280.0,72.3,207.7,Sentier,11.5,IRAD,Oui,Oui,,1
136,2021,Saison sèche,Logone-et-Chari,Kousseri,Femme,,Aucun,Marié(e),9,3,17,Maïs,4.24,Limoneux,Pluie seule,Mixte,8.7,1.65,5.0,294.3,37.8,,7932.2,205,1626.0,9.1,1616.9,Piste,3.2,Aucun,Oui,Non,6.0,4
137,2023,Saison sèche,Diamaré,Maroua II,Homme,44.0,Primaire,Marié(e),10,1,18,Mil,0.37,Argileux,Pompe solaire,Pluvial pur,7.7,0.37,11.3,351.9,32.5,758.6,280.7,210,59.0,7.4,51.6,Piste,23.9,Aucun,Oui,Non,3.0,2
138,2022,Saison des pluies,Diamaré,Maroua I,Homme,43.0,Aucun,Marié(e),4,1,16,Sorgho,3.75,Argileux,Pluie seule,Pluvial pur,40.6,1.88,8.5,938.3,34.4,701.9,2632.1,249,655.0,23.5,631.5,Route bitumée,8.6,CARE,Non,Non,8.0,1
139,2022,Saison sèche,Diamaré,Bogo,Homme,,Coranique,Marié(e),4,3,15,Sorgho,0.79,Argileux,Pluie seule,Décrue,,10.79,19.6,450.8,32.3,714.9,564.8,210,119.0,59.9,59.1,Sentier,63.5,CARE,Non,Non,,3
140,2021,Saison des pluies,Mayo-Sava,Tokombéré,Femme,41.0,Secondaire,Marié(e),7,1,17,Mil,1.63,Argileux,Irrigation gravitaire,Mixte,76.8,0.0,14.3,632.6,37.4,1140.0,1858.2,232,431.0,35.0,396.0,Piste,0.6,Aucun,Non,Non,3.0,1
141,2022,Saison sèche,Logone-et-Chari,Hilé-Alifa,Femme,22.0,Coranique,Marié(e),10,5,4,Sorgho,7.13,Sableux,Marigot,Mixte,39.9,3.03,17.8,264.0,36.7,548.9,3913.7,198,775.0,28.9,746.1,Sentier,5.1,Aucun,Non,Non,1.0,2
142,2022,Saison sèche,Mayo-Kani,Moutourwa,Femme,24.0,Aucun,Marié(e),13,3,8,Niébé,2.35,Sableux,Pluie + retenue,Pluvial pur,99.1,0.0,13.4,336.4,33.0,840.6,1975.4,418,826.0,43.7,782.3,Piste,19.6,FAO,Non,Non,4.0,1
143,2023,Saison des pluies,Logone-et-Chari,Kousseri,Homme,,Aucun,Marié(e),7,6,5,Sésame,0.59,Sableux,Irrigation gravitaire,Pluvial pur,97.3,0.0,11.5,730.2,37.4,590.7,348.5,635,221.0,42.4,178.6,Route bitumée,7.4,FAO,Non,Non,,5
144,2024,Saison sèche,Mayo-Danay,Yagoua,Homme,31.0,Aucun,Marié(e),12,2,15,Niébé,1.46,Argileux,Pluie + retenue,Pluvial pur,138.9,8.12,16.8,408.1,32.4,1022.8,1493.3,420,627.0,80.9,546.1,Piste,19.9,SODECOTON,Oui,Oui,4.0,2
145,2021,Saison des pluies,Mayo-Kani,Guidiguis,Homme,37.0,Primaire,Marié(e),9,3,7,Niébé,0.7,Limoneux,Pluie seule,Mixte,55.0,2.41,8.3,768.0,35.8,879.1,615.4,431,265.0,30.5,234.5,Piste,3.0,Aucun,Non,Non,7.0,4
146,2021,Saison des pluies,Diamaré,Maroua III,Homme,74.0,Primaire,Marié(e),8,4,6,Arachide,1.01,Limoneux,Pluie seule,Mixte,,0.0,24.3,842.6,35.6,886.1,895.0,368,329.0,7.3,321.7,Route bitumée,1.3,ONG locale,Non,Oui,9.0,2
147,2022,Saison sèche,Mayo-Danay,Yagoua,Femme,59.0,Aucun,Marié(e),7,2,1,Sésame,3.39,Hardé,Pluie seule,Pluvial pur,15.1,1.34,36.6,569.6,31.9,189.8,643.4,609,392.0,20.4,371.6,Sentier,24.2,Aucun,Non,Non,9.0,2
148,2023,Saison sèche,Diamaré,Gazawa,Homme,57.0,Aucun,Marié(e),8,3,9,Niébé,0.91,Argileux,Pluie + retenue,Irrigué,47.1,0.0,20.1,304.0,32.8,1168.6,1063.4,443,471.0,24.9,446.1,Voie navigable,12.6,Aucun,Non,Oui,7.0,2
149,2023,Saison sèche,Mayo-Danay,Guirvidig,Homme,52.0,Primaire,Célibataire,3,3,16,Sorgho,0.34,Sableux,Pluie seule,Irrigué,0.0,1.75,10.9,362.9,33.0,350.1,119.0,211,25.0,7.6,17.4,Sentier,4.0,SODECOTON,Non,Non,8.0,4
150,2021,Saison sèche,Logone-et-Chari,Blangoua,Homme,39.0,Aucun,Célibataire,1,1,20,Niébé,1.43,Sableux,Pluie + retenue,Pluvial pur,0.0,0.0,15.3,223.4,36.0,626.1,895.3,422,378.0,4.6,373.4,Piste,5.1,WFP,Non,Oui,3.0,2
151,2022,Saison des pluies,Mayo-Kani,Touloum,Femme,46.0,Aucun,Veuf/Veuve,7,3,12,Mil,0.61,Argilo-sableux,Pluie seule,Mixte,63.6,0.0,6.2,,35.6,508.6,310.2,194,60.0,27.3,32.7,Route bitumée,3.7,Aucun,Non,Non,3.0,5
152,2023,Saison sèche,Mayo-Kani,Touloum,Femme,49.0,Aucun,Marié(e),5,1,6,Arachide,2.85,Sableux,Pluie seule,Décrue,0.0,0.0,11.1,273.5,37.1,413.5,1178.5,371,437.0,3.3,433.7,Sentier,3.1,Aucun,Oui,Non,1.0,3
153,2024,Saison des pluies,Mayo-Sava,Tokombéré,Femme,34.0,Secondaire,Marié(e),5,5,18,Niébé,1.02,Limoneux,Pluie seule,Mixte,2.8,0.0,14.7,874.4,37.0,1035.3,1056.0,370,391.0,5.5,385.5,Voie navigable,33.0,Aucun,Non,Non,7.0,1
154,2021,Saison sèche,Mayo-Sava,Tokombéré,Femme,27.0,Aucun,Célibataire,5,4,11,Mil,1.75,Sableux,Pluie seule,Décrue,0.0,1.75,2.5,403.8,36.4,379.9,664.8,240,160.0,5.1,,Route bitumée,2.9,SODECOTON,Oui,Non,9.0,4
155,2021,Saison sèche,Logone-et-Chari,Goulfey,Homme,53.0,Coranique,Marié(e),6,2,31,Maïs,0.49,Sableux,Pluie seule,Mixte,75.7,1.76,7.2,260.9,36.6,1209.2,592.5,153,91.0,36.8,54.2,Piste,13.9,Aucun,Non,Non,6.0,2
156,2023,Saison sèche,Diamaré,Gazawa,Homme,38.0,Secondaire,Marié(e),7,1,8,Maïs,1.32,Sableux,Pluie seule,Mixte,24.7,3.67,23.5,342.0,38.0,1127.3,1488.0,187,278.0,26.1,251.9,Route bitumée,21.7,Aucun,Non,Non,6.0,4
157,2023,Saison des pluies,Mayo-Danay,Guirvidig,Femme,37.0,Secondaire,Marié(e),5,1,15,Mil,1.52,Argilo-sableux,Pluie + retenue,Pluvial pur,76.3,1.97,6.8,858.7,32.7,,1287.7,209,269.0,37.5,,Sentier,15.1,SODECOTON,Non,Non,5.0,2
158,2023,Saison des pluies,Mayo-Danay,Tchatibali,Homme,43.0,Primaire,Marié(e),5,3,3,Maïs,1.02,Argilo-sableux,Pluie seule,Mixte,0.0,1.96,4.6,959.0,32.8,1431.7,1460.3,185,270.0,6.3,263.7,Route bitumée,9.5,SODECOTON,Non,Non,4.0,5
159,2024,Saison des pluies,Mayo-Danay,Wina,Femme,37.0,Coranique,Marié(e),5,1,12,Arachide,1.52,Argileux,Pluie seule,Pluvial pur,,2.68,14.2,1046.4,32.2,897.2,1363.7,341,465.0,11.6,453.4,Piste,3.0,CARE,Non,Non,9.0,4
160,2023,Saison sèche,Logone-et-Chari,Goulfey,Homme,40.0,Coranique,Marié(e),8,2,18,Mil,2.24,Limoneux,Pluie + retenue,Mixte,0.0,0.0,18.5,251.9,35.2,793.4,1777.2,239,425.0,5.5,419.5,Sentier,15.1,ONG locale,Oui,Non,2.0,4
161,2024,Saison des pluies,Diamaré,Maroua II,Homme,23.0,Primaire,Veuf/Veuve,10,5,7,Maïs,0.92,Argileux,Pluie seule,Pluvial pur,34.1,3.11,15.0,1043.6,33.8,1566.7,1441.4,221,319.0,25.9,293.1,Route bitumée,13.5,FAO,Non,Non,9.0,5
162,2021,Saison sèche,Logone-et-Chari,Goulfey,Femme,42.0,Primaire,Marié(e),7,2,21,Mil,0.33,Argileux,Pluie seule,Mixte,14.1,0.0,10.7,320.3,37.8,605.3,199.7,192,38.0,8.8,,Piste,1.1,Aucun,Oui,Oui,9.0,1
163,2022,Saison sèche,Mayo-Sava,Tokombéré,Homme,34.0,Primaire,Marié(e),7,2,18,Sorgho,1.81,Sableux,Irrigation gravitaire,Mixte,0.0,0.33,18.2,298.9,35.7,685.5,1240.8,234,290.0,6.3,283.7,Piste,0.9,Aucun,Non,Oui,6.0,1
164,2022,Saison sèche,Mayo-Kani,Kaélé,Femme,49.0,Aucun,Célibataire,10,4,31,Maïs,2.4,Limoneux,Marigot,Irrigué,,0.0,17.6,371.2,32.9,,4353.8,209,910.0,25.0,885.0,Route bitumée,65.2,IRAD,Non,Non,2.0,2
165,2021,Saison des pluies,Logone-et-Chari,Blangoua,Homme,,Coranique,Marié(e),5,3,15,Mil,0.31,Sableux,Pompe solaire,Décrue,29.6,7.61,2.2,600.6,35.9,557.9,172.9,195,34.0,31.5,2.5,Voie navigable,9.9,WFP,Oui,Oui,1.0,4
166,2022,Saison sèche,Mayo-Sava,Kolofata,Homme,28.0,Aucun,Marié(e),7,2,12,Mil,0.44,Limoneux,Pluie seule,Mixte,0.0,5.74,24.1,275.2,36.1,591.8,260.4,210,55.0,21.6,33.4,Route bitumée,19.2,IRAD,Oui,Non,,1
167,2021,Saison sèche,Diamaré,Gazawa,Femme,50.0,Secondaire,Marié(e),10,2,0,Niébé,0.72,Sableux,Marigot,Pluvial pur,0.0,0.0,15.6,263.8,31.9,671.0,483.1,402,194.0,4.7,,Sentier,16.2,Aucun,Non,Non,4.0,4
168,2024,Saison des pluies,Mayo-Danay,Kalfou,Homme,52.0,Aucun,Marié(e),12,1,4,Coton,1.05,Argilo-sableux,Pluie + retenue,Pluvial pur,47.8,0.0,30.9,1134.3,34.0,920.7,966.7,261,252.0,28.4,223.6,Piste,4.3,Aucun,Oui,Oui,6.0,2
169,2022,Saison des pluies,Diamaré,Bogo,Homme,44.0,Primaire,Marié(e),4,4,16,Sésame,1.59,Sableux,Pluie seule,Pluvial pur,32.2,3.5,8.7,942.6,34.8,440.9,701.0,625,438.0,24.2,413.8,Piste,29.6,Aucun,Non,Oui,8.0,3
170,2021,Saison des pluies,Mayo-Sava,Méri,Homme,18.0,Primaire,Marié(e),5,3,2,Sorgho,1.71,Argileux,Pluie seule,Mixte,70.6,0.86,27.0,658.8,36.5,773.0,1321.8,196,259.0,38.5,220.5,Route bitumée,16.0,WFP,Non,Non,4.0,1
171,2024,Saison des pluies,Mayo-Sava,Mora,Femme,,Aucun,Marié(e),7,1,17,Arachide,2.19,Argilo-sableux,Pluie + retenue,Mixte,10.9,0.05,11.0,823.8,38.0,982.8,2152.3,364,783.0,7.8,775.2,Route bitumée,10.3,WFP,Non,Non,4.0,5
172,2023,Saison des pluies,Mayo-Danay,Kalfou,Homme,29.0,Coranique,Veuf/Veuve,7,4,13,Sorgho,0.7,Limoneux,Pluie seule,Irrigué,69.8,0.0,23.6,843.0,34.0,512.2,358.5,229,82.0,35.0,47.0,Piste,1.7,Aucun,Non,Non,5.0,4
173,2021,Saison sèche,Mayo-Sava,Waza,Homme,32.0,Coranique,Marié(e),1,1,16,Coton,0.95,Limoneux,Pluie + retenue,Mixte,2.9,0.0,12.0,192.5,38.3,1089.2,1034.7,302,312.0,4.8,307.2,Sentier,42.6,Aucun,Non,Non,4.0,2
174,2024,Saison des pluies,Mayo-Kani,Moutourwa,Homme,39.0,Primaire,Marié(e),12,5,1,Maïs,2.88,Hardé,Pluie seule,Pluvial pur,0.0,0.0,12.7,933.4,35.4,1052.7,3031.8,171,518.0,3.8,514.2,Piste,4.5,CARE,Oui,Oui,1.0,3
175,2024,Saison des pluies,Mayo-Sava,Kolofata,Femme,18.0,Coranique,Marié(e),6,1,2,Niébé,,Sableux,Irrigation gravitaire,Mixte,0.0,0.0,14.9,702.7,37.3,720.7,237.8,443,105.0,4.5,,Piste,16.9,Aucun,Non,Non,,1
176,2022,Saison sèche,Mayo-Sava,Waza,Homme,,Coranique,Marié(e),9,2,12,Sorgho,0.54,Argilo-sableux,Pluie seule,Pluvial pur,156.9,5.92,7.0,346.5,35.5,569.9,307.7,217,67.0,79.7,-12.7,Piste,2.7,Aucun,Non,Non,3.0,1
177,2022,Saison des pluies,Mayo-Sava,Kolofata,Homme,18.0,Primaire,Marié(e),6,4,2,Niébé,4.17,Argileux,Irrigation gravitaire,Décrue,28.0,0.94,12.6,735.5,36.5,1366.1,5696.6,373,2125.0,17.3,2107.7,Route bitumée,29.3,CARE,Non,Oui,,4
178,2022,Saison des pluies,Mayo-Danay,Guirvidig,Femme,,Aucun,Marié(e),8,4,17,Niébé,0.67,Hardé,Pompe solaire,Pluvial pur,0.0,0.0,25.4,887.7,35.5,323.1,216.5,384,83.0,7.6,75.4,Route bitumée,1.6,Aucun,Oui,Oui,2.0,2
179,2024,Saison des pluies,Mayo-Sava,Mora,Homme,34.0,Primaire,Marié(e),6,2,18,Arachide,,Argileux,Pluie seule,Pluvial pur,36.7,3.56,1.0,780.7,36.7,950.4,4276.8,364,1557.0,23.9,1533.1,Piste,2.0,Aucun,Oui,Oui,2.0,4
180,2024,Saison sèche,Logone-et-Chari,Makary,Homme,41.0,Primaire,Marié(e),8,6,9,Arachide,1.09,Argileux,Marigot,Mixte,75.3,0.0,14.0,297.6,34.9,,1359.9,336,457.0,34.3,422.7,Piste,3.1,WFP,Non,Oui,6.0,2
181,2021,Saison des pluies,Mayo-Danay,Kalfou,Homme,67.0,Aucun,Marié(e),8,4,7,Mil,1.59,Sableux,Pluie seule,Mixte,22.4,2.95,11.1,846.6,34.5,349.3,555.4,208,116.0,19.7,96.3,Voie navigable,7.7,SODECOTON,Non,Non,4.0,4
182,2023,Saison des pluies,Mayo-Sava,Méri,Homme,,Coranique,Veuf/Veuve,1,1,3,Sésame,0.77,Sableux,Pluie seule,Pluvial pur,0.0,3.86,14.0,606.0,40.7,362.1,278.8,603,168.0,13.9,154.1,Sentier,20.1,WFP,Non,Non,5.0,2
183,2024,Saison des pluies,Mayo-Kani,Mindif,Femme,40.0,Primaire,Veuf/Veuve,9,2,8,Sorgho,1.28,Sableux,Pluie seule,Irrigué,0.0,7.38,20.9,967.0,33.3,464.3,594.3,177,105.0,24.7,80.3,Route bitumée,16.0,Aucun,Non,Non,3.0,5
184,2024,Saison sèche,Mayo-Danay,Wina,Homme,21.0,Aucun,Marié(e),3,1,5,Sésame,0.55,Limoneux,Pompe solaire,Pluvial pur,43.5,3.78,10.3,378.3,33.3,811.7,446.4,627,280.0,29.9,250.1,Piste,6.7,CARE,Non,Non,1.0,4
185,2023,Saison des pluies,Diamaré,Maroua II,Homme,44.0,Aucun,Marié(e),2,1,7,Sorgho,1.88,Argileux,Irrigation gravitaire,Pluvial pur,31.1,0.0,22.1,839.3,35.3,,1501.6,205,308.0,19.1,288.9,Sentier,2.3,Aucun,Oui,Non,4.0,3
186,2021,Saison sèche,Logone-et-Chari,Goulfey,Femme,21.0,Secondaire,Marié(e),4,3,5,Sorgho,2.93,Argileux,Irrigation gravitaire,Pluvial pur,2.4,0.0,5.5,192.7,36.9,1124.4,3294.5,240,791.0,2.6,788.4,Piste,21.2,FAO,Non,Non,5.0,1
187,2021,Saison sèche,Diamaré,Maroua III,Homme,18.0,Primaire,Marié(e),9,3,2,Niébé,1.26,Limoneux,Pluie seule,Irrigué,21.0,7.87,11.5,263.5,33.5,713.5,899.0,411,369.0,31.5,337.5,Sentier,3.3,CARE,Non,Non,8.0,5
188,2023,Saison sèche,Diamaré,Bogo,Homme,48.0,Coranique,Marié(e),1,1,27,Sorgho,0.98,Hardé,Pluie + retenue,Pluvial pur,86.6,0.0,16.5,369.1,33.7,490.9,481.1,210,101.0,39.6,61.4,Piste,2.2,CARE,Non,Non,1.0,1
189,2023,Saison sèche,Mayo-Sava,Méri,Homme,37.0,Secondaire,Marié(e),7,5,18,Sorgho,3.55,Sableux,Irrigation gravitaire,Pluvial pur,17.2,8.11,11.6,305.4,36.0,812.2,2883.3,218,629.0,30.6,598.4,Piste,16.4,CARE,Oui,Oui,3.0,2
190,2022,Saison des pluies,Logone-et-Chari,Goulfey,Homme,36.0,Secondaire,Célibataire,5,5,20,Niébé,1.46,Argileux,Irrigation gravitaire,Mixte,20.4,0.47,21.5,718.5,35.7,1175.2,1715.8,377,647.0,15.8,631.2,Voie navigable,3.4,CARE,Oui,Oui,8.0,2
191,2024,Saison des pluies,Logone-et-Chari,Blangoua,Homme,41.0,Universitaire,Marié(e),4,2,7,Sésame,1.7,Argileux,Marigot,Mixte,0.0,0.0,10.2,975.0,35.2,736.3,1251.7,622,779.0,3.1,775.9,Piste,26.6,Aucun,Non,Non,8.0,1
192,2023,Saison sèche,Diamaré,Maroua II,Homme,62.0,Aucun,Marié(e),10,3,2,Mil,1.25,Argileux,Irrigation gravitaire,Pluvial pur,38.3,0.88,8.5,,31.9,891.1,1113.9,211,235.0,20.1,214.9,Piste,4.6,WFP,Oui,Oui,1.0,2
193,2021,Saison sèche,Logone-et-Chari,Goulfey,Homme,39.0,Aucun,Marié(e),5,2,0,Sorgho,0.75,Sableux,Pluie seule,Irrigué,17.5,0.58,1.0,252.3,33.6,393.7,295.3,233,69.0,8.8,,Route bitumée,2.0,Aucun,Non,Non,4.0,5
194,2024,Saison des pluies,Mayo-Kani,Touloum,Homme,46.0,Secondaire,Marié(e),6,3,12,Sésame,,Argileux,Pluie seule,Pluvial pur,46.7,0.0,15.5,929.4,32.4,,409.9,589,241.0,23.3,217.7,Piste,11.7,IRAD,Non,Oui,8.0,1
195,2023,Saison des pluies,Mayo-Sava,Waza,Femme,66.0,Coranique,Marié(e),2,2,11,Sorgho,0.84,Argilo-sableux,Marigot,Pluvial pur,77.7,0.47,9.9,698.6,39.0,637.9,535.8,180,96.0,35.2,,Piste,4.5,Aucun,Oui,Oui,7.0,5
196,2022,Saison sèche,Diamaré,Maroua III,Femme,73.0,Aucun,Marié(e),8,3,15,Mil,2.19,Argileux,Pluie seule,Pluvial pur,4.4,0.02,19.4,313.6,34.9,488.7,1070.3,220,235.0,7.6,227.4,Sentier,1.4,Aucun,Oui,Non,7.0,2
197,2022,Saison sèche,Diamaré,Bogo,Homme,67.0,Secondaire,Marié(e),10,3,20,Mil,0.42,Sableux,Pluie seule,Pluvial pur,,0.79,20.5,388.0,34.5,494.1,207.5,240,50.0,28.7,21.3,Sentier,2.0,Aucun,Oui,Oui,4.0,4
198,2021,Saison des pluies,Mayo-Sava,Kolofata,Femme,52.0,Aucun,Marié(e),10,4,17,Sésame,1.46,Argileux,Marigot,Pluvial pur,9.0,6.99,15.5,610.0,35.9,464.6,678.3,615,417.0,25.7,391.3,Route bitumée,0.5,CARE,Non,Non,,4
199,2024,Saison sèche,Diamaré,Gazawa,Homme,46.0,Universitaire,Marié(e),6,2,11,Sorgho,2.18,Argileux,Pluie seule,Pluvial pur,,0.63,1.0,390.4,32.9,660.6,1440.1,238,343.0,9.8,333.2,Route bitumée,13.2,Aucun,Non,Non,4.0,4
200,2023,Saison des pluies,Diamaré,Maroua I,Femme,52.0,Aucun,Marié(e),7,1,22,Mil,1.15,Hardé,Pluie + retenue,Irrigué,0.1,0.0,3.3,839.2,32.0,405.0,465.7,251,117.0,1.0,116.0,Route bitumée,3.2,SODECOTON,Non,Non,9.0,4
201,2024,Saison sèche,Logone-et-Chari,Makary,Homme,34.0,Aucun,Marié(e),7,2,3,Sorgho,0.83,Argileux,Irrigation gravitaire,Pluvial pur,42.4,0.0,10.9,357.5,33.3,915.5,759.9,217,165.0,20.2,144.8,Piste,16.6,SODECOTON,Non,Non,1.0,5
202,2024,Saison sèche,Mayo-Danay,Kalfou,Femme,42.0,Primaire,Marié(e),5,5,7,Mil,1.05,Argileux,Pluie seule,Pluvial pur,0.0,0.47,10.9,357.0,31.9,546.4,573.7,255,146.0,4.4,141.6,Sentier,6.3,Aucun,Non,Non,5.0,1
203,2021,Saison sèche,Logone-et-Chari,Kousseri,Femme,48.0,Aucun,Marié(e),9,1,18,Maïs,0.89,Argilo-sableux,Pluie seule,Décrue,24.1,5.98,1.0,172.6,35.3,1456.3,1296.1,202,262.0,24.9,237.1,Sentier,17.3,Aucun,Non,Oui,,5
204,2021,Saison sèche,Logone-et-Chari,Makary,Femme,35.0,Aucun,Marié(e),7,3,19,Mil,,Argilo-sableux,Pompe solaire,Pluvial pur,75.2,0.0,1.0,174.0,35.6,862.4,689.9,224,155.0,30.4,124.6,Piste,2.6,Aucun,Oui,Oui,8.0,4
205,2021,Saison des pluies,Logone-et-Chari,Hilé-Alifa,Femme,41.0,Aucun,Marié(e),8,4,25,Sorgho,1.02,Sableux,Irrigation gravitaire,Irrigué,17.7,0.24,18.0,585.8,33.9,342.3,349.1,220,77.0,13.1,63.9,Route bitumée,9.3,ONG locale,Oui,Non,6.0,5
206,2024,Saison sèche,Logone-et-Chari,Hilé-Alifa,Homme,42.0,Primaire,Marié(e),7,1,0,Maïs,2.62,Argileux,Irrigation gravitaire,Pluvial pur,6.2,4.38,17.4,,35.3,1917.0,5022.5,194,974.0,18.6,955.4,Piste,25.1,Aucun,Non,Non,8.0,4
207,2022,Saison des pluies,Diamaré,Mémé,Homme,41.0,Coranique,Marié(e),10,6,19,Maïs,2.38,Sableux,Pluie seule,Irrigué,0.0,0.0,14.4,923.6,34.8,1095.9,2608.2,221,576.0,4.3,571.7,Piste,2.5,Aucun,Non,Oui,8.0,4
208,2022,Saison des pluies,Mayo-Kani,Touloum,Homme,55.0,Primaire,Célibataire,9,2,5,Mil,1.43,Limoneux,Pluie seule,Pluvial pur,115.7,0.0,28.5,844.6,33.3,826.9,1182.5,200,236.0,54.8,181.2,Sentier,1.0,WFP,Non,Oui,2.0,1
209,2024,Saison des pluies,Logone-et-Chari,Hilé-Alifa,Homme,,Aucun,Marié(e),11,2,16,Niébé,1.48,Sableux,Pluie seule,Pluvial pur,41.9,2.87,16.4,819.0,37.8,624.2,923.8,449,415.0,28.9,386.1,Sentier,4.2,Aucun,Oui,Oui,9.0,4
210,2023,Saison sèche,Diamaré,Maroua III,Homme,42.0,Aucun,Marié(e),7,2,8,Niébé,1.39,Argileux,Irrigation gravitaire,Pluvial pur,0.0,0.0,8.7,310.9,31.1,,1500.5,371,557.0,2.6,554.4,Piste,5.0,ONG locale,Non,Non,,3
211,2023,Saison des pluies,Mayo-Sava,Kolofata,Homme,66.0,Aucun,Marié(e),6,3,14,Mil,1.28,Limoneux,Irrigation gravitaire,Pluvial pur,0.0,3.11,14.8,679.9,33.6,710.5,909.4,266,242.0,12.2,229.8,Piste,1.5,Aucun,Non,Non,1.0,3
212,2023,Saison des pluies,Mayo-Danay,Yagoua,Femme,51.0,Aucun,Marié(e),1,1,24,Sorgho,,Argileux,Pluie + retenue,Irrigué,7.0,1.97,21.3,835.9,32.5,845.1,1225.4,235,288.0,14.1,273.9,Sentier,10.2,Aucun,Non,Non,9.0,4
213,2021,Saison des pluies,Mayo-Sava,Mora,Femme,63.0,Primaire,Célibataire,8,4,10,Niébé,3.07,Sableux,Pluie + retenue,Mixte,0.0,0.0,16.6,568.7,36.3,604.2,1854.9,386,716.0,5.0,711.0,Voie navigable,4.9,Aucun,Non,Non,5.0,2
214,2023,Saison sèche,Logone-et-Chari,Kousseri,Homme,37.0,Primaire,Marié(e),9,1,4,Maïs,,Hardé,Pluie seule,Mixte,,2.2,20.8,333.6,38.8,1209.1,967.3,226,219.0,34.5,184.5,Route bitumée,0.5,IRAD,Non,Non,6.0,5
215,2021,Saison sèche,Logone-et-Chari,Kousseri,Homme,32.0,Primaire,Marié(e),4,1,16,Sorgho,1.16,Argileux,Pluie seule,Pluvial pur,0.0,2.46,19.5,285.5,37.0,657.5,762.7,193,147.0,12.0,135.0,Voie navigable,1.6,ONG locale,Non,Oui,6.0,2
216,2023,Saison des pluies,Logone-et-Chari,Makary,Femme,58.0,Coranique,Célibataire,4,1,9,Maïs,1.38,Hardé,Pluie + retenue,Irrigué,29.5,0.2,16.8,660.9,35.2,535.3,738.7,224,165.0,17.3,147.7,Piste,6.2,SODECOTON,Non,Non,4.0,2
217,2024,Saison sèche,Mayo-Kani,Kaélé,Homme,33.0,Aucun,Marié(e),7,3,5,Maïs,1.48,Argileux,Irrigation gravitaire,Irrigué,0.0,0.0,20.8,345.5,32.1,2032.1,3007.5,169,508.0,6.2,501.8,Piste,1.7,CARE,Non,Non,1.0,5
218,2024,Saison des pluies,Diamaré,Maroua I,Homme,62.0,Aucun,Marié(e),2,2,6,Sésame,1.8,Limoneux,Pluie seule,Mixte,8.6,2.79,10.3,1008.1,33.8,585.0,1053.0,645,679.0,13.5,665.5,Sentier,19.9,CARE,Oui,Oui,2.0,5
219,2024,Saison des pluies,Mayo-Kani,Guidiguis,Homme,27.0,Aucun,Marié(e),7,2,11,Maïs,,Argileux,Pluie + retenue,Pluvial pur,0.0,0.0,12.7,885.3,34.0,1668.6,1184.7,173,205.0,3.8,201.2,Piste,6.4,Aucun,Non,Non,,4
220,2023,Saison des pluies,Logone-et-Chari,Blangoua,Femme,50.0,Coranique,Marié(e),8,1,8,Mil,,Sableux,Marigot,Mixte,79.5,0.03,20.5,675.6,33.5,,1550.3,260,403.0,38.0,365.0,Sentier,13.0,Aucun,Non,Oui,7.0,4
221,2021,Saison des pluies,Mayo-Sava,Waza,Homme,41.0,Aucun,Veuf/Veuve,5,1,25,Niébé,0.57,Limoneux,Pluie seule,Pluvial pur,0.0,0.12,23.0,623.6,36.8,771.6,439.8,378,166.0,7.2,158.8,Piste,1.0,WFP,Non,Oui,6.0,1
222,2024,Saison sèche,Mayo-Sava,Tokombéré,Femme,32.0,Aucun,Marié(e),9,2,16,Sorgho,0.4,Argileux,Pompe solaire,Pluvial pur,36.7,5.29,26.1,168.5,37.2,1001.7,400.7,202,81.0,35.7,45.3,Piste,4.2,FAO,Non,Non,5.0,1
223,2024,Saison sèche,Mayo-Kani,Guidiguis,Homme,56.0,Secondaire,Marié(e),12,1,16,Maïs,1.04,Argilo-sableux,Marigot,Mixte,103.3,1.7,14.7,389.4,35.4,1618.4,1683.1,199,335.0,50.0,285.0,Sentier,0.5,ONG locale,Non,Non,,5
224,2023,Saison sèche,Mayo-Kani,Moutourwa,Homme,51.0,Secondaire,Marié(e),7,2,19,Mil,1.19,Argileux,Pluie seule,Irrigué,,3.78,7.4,272.6,32.6,645.9,768.6,225,173.0,17.6,155.4,Sentier,2.4,CARE,Non,Oui,6.0,5
225,2022,Saison des pluies,Mayo-Sava,Mora,Homme,45.0,Primaire,Veuf/Veuve,11,4,24,Sésame,0.29,Sableux,Pompe solaire,Mixte,70.5,0.0,22.4,751.8,36.8,731.2,212.0,606,128.0,34.9,93.1,Sentier,6.3,Aucun,Non,Non,7.0,5
226,2023,Saison sèche,Mayo-Kani,Touloum,Femme,22.0,Primaire,Marié(e),10,3,6,Mil,0.51,Sableux,Pluie seule,Mixte,34.3,0.41,13.5,429.8,33.2,563.9,287.6,212,61.0,18.8,42.2,Sentier,12.6,Aucun,Non,Non,,5
227,2024,Saison des pluies,Mayo-Danay,Guirvidig,Homme,52.0,Primaire,Marié(e),9,4,29,Sésame,1.29,Sableux,Pluie + retenue,Pluvial pur,44.2,1.3,7.0,975.5,33.8,550.5,710.1,586,416.0,23.0,393.0,Sentier,1.5,IRAD,Non,Oui,6.0,3
228,2024,Saison sèche,Mayo-Danay,Yagoua,Homme,42.0,Coranique,Marié(e),4,2,12,Sorgho,1.64,Sableux,Marigot,Irrigué,1.8,2.57,2.7,335.1,31.0,632.3,1037.0,204,212.0,8.0,204.0,Sentier,2.6,Aucun,Non,Non,1.0,1
229,2022,Saison sèche,Logone-et-Chari,Kousseri,Homme,,Primaire,Marié(e),7,2,12,Coton,3.13,Argileux,Pluie + retenue,Pluvial pur,0.0,0.25,22.9,318.1,34.4,1651.2,5168.3,253,1308.0,7.5,1300.5,Piste,17.8,IRAD,Oui,Non,5.0,5
230,2022,Saison des pluies,Mayo-Kani,Touloum,Homme,35.0,Secondaire,Marié(e),9,4,19,Niébé,1.5,Argileux,Pluie + retenue,Pluvial pur,29.4,3.69,13.4,882.6,38.6,1028.5,1542.8,420,648.0,25.0,,Piste,0.5,Aucun,Non,Non,,3
231,2022,Saison sèche,Mayo-Kani,Mindif,Femme,39.0,Coranique,Marié(e),11,5,22,Mil,1.36,Limoneux,Marigot,Pluvial pur,45.1,6.26,10.2,312.9,36.5,654.1,889.6,231,205.0,36.8,168.2,Piste,33.3,Aucun,Oui,Non,9.0,4
232,2022,Saison des pluies,Mayo-Kani,Guidiguis,Homme,44.0,Coranique,Marié(e),6,3,17,Maïs,2.31,Limoneux,Marigot,Pluvial pur,7.4,0.75,17.1,881.5,34.9,1150.0,2656.5,169,449.0,10.0,439.0,Sentier,4.4,SODECOTON,Oui,Oui,9.0,3
233,2022,Saison des pluies,Mayo-Sava,Tokombéré,Homme,26.0,Primaire,Marié(e),7,2,0,Mil,1.99,Hardé,Marigot,Irrigué,0.0,0.0,9.9,898.6,33.8,222.1,442.0,252,111.0,3.0,108.0,Piste,14.1,Aucun,Non,Non,7.0,2
234,2023,Saison sèche,Mayo-Danay,Yagoua,Homme,41.0,Secondaire,Marié(e),7,3,9,Maïs,1.9,Argileux,Pluie seule,Pluvial pur,7.0,0.0,10.7,370.0,33.1,1633.2,3103.1,163,506.0,6.0,500.0,Voie navigable,4.8,Aucun,Non,Non,4.0,3
235,2024,Saison sèche,Mayo-Kani,Kaélé,Homme,54.0,Secondaire,Marié(e),3,1,13,Mil,2.75,Hardé,Pompe solaire,Pluvial pur,0.0,0.38,16.0,316.1,34.7,470.9,1295.0,242,313.0,5.8,307.2,Piste,3.7,CARE,Non,Non,2.0,4
236,2023,Saison des pluies,Mayo-Kani,Touloum,Femme,33.0,Primaire,Marié(e),1,1,5,Coton,0.48,Argileux,Pluie seule,Mixte,41.5,0.0,24.5,856.6,34.0,1383.9,664.3,282,187.0,24.0,163.0,Sentier,3.9,Aucun,Non,Non,4.0,4
237,2021,Saison sèche,Logone-et-Chari,Goulfey,Femme,29.0,Aucun,Veuf/Veuve,6,2,10,Mil,0.31,Limoneux,Pluie seule,Mixte,71.7,0.0,26.1,353.7,35.6,425.5,131.9,228,30.0,36.5,-6.5,Piste,1.8,Aucun,Oui,Non,2.0,3
238,2021,Saison sèche,Logone-et-Chari,Makary,Homme,31.0,Aucun,Marié(e),2,2,9,Coton,1.42,Argileux,Irrigation gravitaire,Mixte,,2.91,15.9,217.6,36.4,1457.6,2069.8,263,544.0,24.7,519.3,Piste,2.3,Aucun,Non,Non,8.0,2
239,2023,Saison des pluies,Mayo-Danay,Yagoua,Homme,34.0,Coranique,Marié(e),7,5,12,Niébé,1.74,Sableux,Irrigation gravitaire,Pluvial pur,0.0,3.39,19.5,804.3,33.5,828.9,1442.3,388,560.0,14.3,545.7,Voie navigable,34.8,CARE,Non,Oui,2.0,3
240,2024,Saison sèche,Mayo-Kani,Kaélé,Homme,40.0,Universitaire,Célibataire,2,1,19,Sorgho,0.57,Sableux,Pluie + retenue,Pluvial pur,0.4,0.0,2.8,357.9,37.4,731.6,417.0,219,91.0,1.0,90.0,Sentier,0.5,Aucun,Non,Non,,2
241,2022,Saison des pluies,Logone-et-Chari,Makary,Homme,35.0,Aucun,Marié(e),4,3,16,Sorgho,2.27,Sableux,Pompe solaire,Pluvial pur,0.0,0.58,29.3,774.3,35.9,585.1,1328.2,215,286.0,10.2,275.8,Route bitumée,12.8,ONG locale,Non,Non,1.0,3
242,2024,Saison des pluies,Mayo-Sava,Kolofata,Homme,64.0,Primaire,Marié(e),10,3,19,Mil,0.59,Hardé,Marigot,Pluvial pur,0.0,4.76,18.4,801.1,38.4,415.7,245.3,240,59.0,17.4,41.6,Sentier,1.7,CARE,Non,Non,2.0,2
243,2024,Saison des pluies,Mayo-Danay,Guirvidig,Homme,50.0,Secondaire,Marié(e),9,3,9,Mil,,Argilo-sableux,Marigot,Mixte,60.5,6.69,19.9,1033.9,32.9,694.9,722.7,231,167.0,46.9,120.1,Route bitumée,4.7,Aucun,Non,Oui,8.0,2
244,2021,Saison sèche,Mayo-Sava,Waza,Homme,37.0,Coranique,Marié(e),6,5,0,Niébé,1.74,Sableux,Irrigation gravitaire,Pluvial pur,11.9,2.82,14.0,,36.4,,993.9,416,413.0,16.0,397.0,Piste,4.9,Aucun,Non,Oui,7.0,3
245,2022,Saison sèche,Logone-et-Chari,Hilé-Alifa,Homme,49.0,Aucun,Célibataire,14,1,13,Maïs,0.71,Sableux,Irrigation gravitaire,Mixte,0.0,3.4,14.0,363.1,32.9,,783.2,222,174.0,12.7,,Voie navigable,15.1,ONG locale,Non,Non,3.0,4
246,2024,Saison des pluies,Mayo-Danay,Yagoua,Homme,,Secondaire,Marié(e),6,5,28,Sorgho,0.82,Hardé,Pluie seule,Mixte,,2.32,10.0,1039.2,33.5,511.1,419.1,231,97.0,38.5,58.5,Sentier,6.4,WFP,Non,Oui,2.0,4
247,2022,Saison des pluies,Mayo-Sava,Mora,Femme,35.0,Aucun,Marié(e),8,2,0,Mil,2.04,Sableux,Marigot,Pluvial pur,7.1,3.55,23.6,818.1,39.0,,797.6,226,180.0,18.8,161.2,Voie navigable,6.5,WFP,Non,Oui,3.0,4
248,2022,Saison sèche,Mayo-Kani,Moutourwa,Homme,55.0,Aucun,Marié(e),3,3,16,Maïs,0.79,Argilo-sableux,Pluie seule,Mixte,0.0,0.54,10.9,308.4,34.2,1107.4,874.8,208,182.0,4.6,177.4,Piste,8.6,CARE,Non,Non,2.0,2
249,2023,Saison sèche,Mayo-Sava,Kolofata,Homme,31.0,Aucun,Marié(e),7,2,10,Sorgho,2.58,Sableux,Pluie seule,Mixte,10.4,3.99,18.3,317.6,35.8,499.0,1287.4,233,300.0,19.6,,Route bitumée,14.1,Aucun,Non,Oui,8.0,2
250,2023,Saison sèche,Diamaré,Maroua III,Homme,,Aucun,Veuf/Veuve,1,1,7,Sorgho,1.04,Argileux,Pluie seule,Pluvial pur,5.5,0.67,8.3,425.9,32.0,705.3,733.5,188,138.0,6.4,131.6,Piste,7.6,Aucun,Non,Oui,4.0,2
251,2024,Saison des pluies,Mayo-Danay,Guirvidig,Homme,47.0,Aucun,Marié(e),4,4,7,Arachide,0.54,Argileux,Irrigation gravitaire,Pluvial pur,13.9,1.09,7.5,1081.9,32.3,1083.1,584.9,374,219.0,10.5,208.5,Route bitumée,5.3,SODECOTON,Oui,Non,2.0,2
252,2022,Saison sèche,Logone-et-Chari,Goulfey,Femme,41.0,Aucun,Marié(e),5,2,10,Mil,3.97,Sableux,Pluie seule,Pluvial pur,0.0,10.17,29.8,400.4,37.2,441.0,1750.8,222,389.0,34.4,354.6,Piste,7.9,SODECOTON,Oui,Oui,5.0,3
253,2023,Saison des pluies,Mayo-Kani,Guidiguis,Homme,36.0,Universitaire,Marié(e),8,3,11,Mil,2.65,Limoneux,Pluie seule,Pluvial pur,31.6,0.0,18.6,805.1,34.8,922.4,2444.4,233,570.0,18.2,551.8,Voie navigable,10.3,Aucun,Non,Oui,7.0,4
254,2021,Saison des pluies,Logone-et-Chari,Hilé-Alifa,Femme,55.0,Secondaire,Marié(e),5,1,5,Maïs,0.49,Argilo-sableux,Pluie seule,Irrigué,233.4,8.47,10.5,,33.7,1975.3,967.9,212,205.0,117.7,87.3,Piste,11.3,Aucun,Non,Non,9.0,1
255,2021,Saison des pluies,Mayo-Sava,Méri,Femme,18.0,Aucun,Marié(e),9,5,2,Mil,1.23,Hardé,Pluie seule,Pluvial pur,15.2,0.0,19.2,494.3,35.8,261.3,321.4,246,79.0,11.8,67.2,Sentier,4.3,SODECOTON,Non,Non,7.0,4
256,2023,Saison des pluies,Logone-et-Chari,Hilé-Alifa,Homme,26.0,Secondaire,Marié(e),7,3,10,Maïs,1.45,Argilo-sableux,Pluie + retenue,Irrigué,18.3,3.02,19.0,696.8,36.8,1301.5,1887.2,175,330.0,20.6,309.4,Sentier,3.6,Aucun,Non,Non,5.0,3
257,2022,Saison sèche,Diamaré,Maroua I,Homme,26.0,Aucun,Marié(e),13,3,10,Sorgho,1.09,Argileux,Pluie seule,Décrue,74.2,2.79,27.1,433.6,33.8,580.1,632.3,209,132.0,44.8,87.2,Route bitumée,16.8,Aucun,Non,Oui,4.0,5
258,2021,Saison des pluies,Mayo-Sava,Méri,Femme,33.0,Coranique,Marié(e),7,5,17,Sorgho,6.64,Argilo-sableux,Pluie seule,Pluvial pur,21.2,0.0,12.5,651.4,37.0,535.2,3553.7,218,775.0,12.2,,Piste,1.4,FAO,Non,Oui,2.0,4
259,2024,Saison sèche,Logone-et-Chari,Blangoua,Homme,22.0,Secondaire,Marié(e),3,3,6,Sorgho,2.93,Argileux,Pluie + retenue,Décrue,15.8,8.0,16.3,389.9,36.6,783.7,2296.2,175,402.0,31.2,370.8,Sentier,0.7,Aucun,Non,Non,1.0,2
260,2022,Saison des pluies,Mayo-Kani,Moutourwa,Femme,49.0,Coranique,Marié(e),5,3,23,Mil,1.24,Argileux,Marigot,Pluvial pur,23.2,3.0,13.2,,35.2,769.0,953.6,218,208.0,20.7,187.3,Piste,12.9,SODECOTON,Non,Oui,3.0,4
261,2022,Saison sèche,Diamaré,Maroua III,Homme,18.0,Secondaire,Marié(e),7,4,2,Sorgho,0.9,Sableux,Pluie seule,Pluvial pur,0.0,0.3,3.8,385.4,35.2,,327.8,224,73.0,1.9,71.1,Piste,10.9,Aucun,Oui,Non,6.0,1
262,2024,Saison sèche,Mayo-Danay,Tchatibali,Femme,37.0,Aucun,Célibataire,9,2,13,Arachide,0.68,Argileux,Marigot,Pluvial pur,,0.0,14.9,456.4,34.9,935.4,636.1,356,226.0,17.1,208.9,Route bitumée,0.5,IRAD,Non,Non,4.0,3
263,2021,Saison des pluies,Mayo-Danay,Tchatibali,Homme,18.0,Coranique,Marié(e),2,2,2,Mil,0.5,Limoneux,Pluie seule,Pluvial pur,15.8,3.24,6.4,825.1,33.4,440.8,220.4,221,49.0,16.3,32.7,Piste,6.8,SODECOTON,Oui,Oui,5.0,1
264,2021,Saison des pluies,Mayo-Danay,Yagoua,Femme,47.0,Aucun,Marié(e),7,1,12,Coton,2.26,Limoneux,Pluie seule,Irrigué,18.0,0.33,19.3,805.4,35.2,1228.9,2777.3,295,819.0,13.8,805.2,Piste,2.8,Aucun,Non,Non,2.0,5
265,2024,Saison sèche,Diamaré,Maroua I,Homme,45.0,Secondaire,Marié(e),2,1,12,Sorgho,1.35,Argileux,Irrigation gravitaire,Mixte,0.0,0.98,16.2,333.8,32.3,1106.2,1493.4,246,367.0,7.3,359.7,Piste,4.2,ONG locale,Oui,Non,6.0,5
266,2024,Saison des pluies,Mayo-Danay,Tchatibali,Homme,66.0,Coranique,Marié(e),8,1,15,Sésame,0.49,Sableux,Pluie + retenue,Pluvial pur,0.0,0.0,11.6,926.9,30.2,,230.0,571,131.0,3.5,127.5,Piste,13.3,WFP,Non,Non,8.0,4
267,2024,Saison des pluies,Mayo-Kani,Mindif,Femme,68.0,Aucun,Marié(e),11,2,18,Mil,0.38,Argileux,Marigot,Irrigué,10.9,0.0,11.0,999.4,36.9,463.3,176.1,225,40.0,7.7,32.3,Voie navigable,44.9,WFP,Non,Non,1.0,4
268,2023,Saison sèche,Mayo-Danay,Guirvidig,Femme,45.0,Secondaire,Célibataire,9,1,17,Sésame,4.06,Argileux,Marigot,Pluvial pur,0.0,0.0,21.2,280.5,35.8,647.2,2627.6,630,1655.0,6.4,1648.6,Piste,10.1,SODECOTON,Non,Non,1.0,3
269,2024,Saison sèche,Diamaré,Mémé,Femme,41.0,Aucun,Marié(e),1,1,20,Sésame,0.5,Limoneux,Pluie seule,Pluvial pur,156.5,3.71,15.1,370.7,34.1,570.9,285.4,607,173.0,76.4,96.6,Voie navigable,41.5,FAO,Non,Non,4.0,1
270,2022,Saison des pluies,Diamaré,Maroua III,Homme,45.0,Primaire,Marié(e),8,1,8,Mil,2.69,Limoneux,Irrigation gravitaire,Pluvial pur,13.6,0.0,1.0,962.6,31.7,700.1,1883.3,221,416.0,5.7,410.3,Route bitumée,1.6,Aucun,Non,Non,5.0,5
271,2024,Saison des pluies,Logone-et-Chari,Goulfey,Femme,38.0,Coranique,Marié(e),6,1,8,Sorgho,0.28,Sableux,Pluie seule,Pluvial pur,8.9,1.29,16.1,718.6,35.7,523.8,146.7,216,32.0,11.6,,Piste,3.3,WFP,Oui,Non,2.0,5
272,2023,Saison sèche,Diamaré,Maroua III,Homme,38.0,Coranique,Célibataire,9,2,19,Coton,2.48,Argileux,Pluie + retenue,Décrue,0.0,5.08,7.9,323.3,33.4,,2899.1,327,948.0,15.1,932.9,Voie navigable,13.2,Aucun,Non,Non,5.0,1
273,2024,Saison sèche,Diamaré,Mémé,Homme,48.0,Aucun,Veuf/Veuve,6,6,2,Sorgho,1.05,Argileux,Pluie + retenue,Irrigué,11.6,0.0,11.5,336.3,34.2,0.0,743.5,212,158.0,8.1,,Voie navigable,1.5,Aucun,Non,Oui,2.0,1
274,2024,Saison des pluies,Mayo-Danay,Kalfou,Homme,42.0,Aucun,Marié(e),8,5,14,Coton,0.96,Argilo-sableux,Pompe solaire,Pluvial pur,0.0,0.0,29.3,965.7,32.4,1538.7,1477.2,278,411.0,8.8,402.2,Piste,9.4,FAO,Non,Oui,9.0,1
275,2024,Saison sèche,Mayo-Sava,Tokombéré,Homme,44.0,Secondaire,Marié(e),1,1,16,Coton,0.9,Argilo-sableux,Pluie + retenue,Pluvial pur,3.1,0.98,13.2,296.6,38.3,1202.7,1082.4,330,357.0,7.7,349.3,Piste,35.3,Aucun,Non,Oui,3.0,1
276,2021,Saison sèche,Diamaré,Mémé,Homme,57.0,Primaire,Marié(e),8,4,10,Maïs,4.91,Argileux,Pluie seule,Pluvial pur,50.9,0.0,10.7,356.5,36.3,1745.8,8571.9,151,1294.0,23.6,1270.4,Piste,4.4,Aucun,Non,Non,7.0,1
277,2024,Saison sèche,Mayo-Sava,Tokombéré,Homme,32.0,Aucun,Marié(e),6,4,15,Arachide,5.73,Sableux,Irrigation gravitaire,Pluvial pur,22.7,5.19,25.4,338.2,35.6,720.1,4126.2,348,1436.0,29.7,1406.3,Piste,15.5,Aucun,Oui,Non,5.0,1
278,2024,Saison des pluies,Logone-et-Chari,Blangoua,Homme,53.0,Primaire,Marié(e),2,2,5,Sorgho,2.44,Sableux,Pluie seule,Irrigué,,0.83,20.0,741.8,36.2,531.9,1297.8,190,247.0,27.2,219.8,Piste,14.7,SODECOTON,Non,Non,9.0,5
279,2021,Saison des pluies,Mayo-Kani,Guidiguis,Homme,39.0,Secondaire,Marié(e),13,1,15,Sésame,1.68,Argilo-sableux,Pompe solaire,Mixte,0.0,2.91,26.6,675.0,35.8,702.1,1179.5,622,734.0,15.3,718.7,Sentier,28.7,SODECOTON,Non,Non,1.0,2
280,2024,Saison sèche,Diamaré,Maroua III,Homme,,Secondaire,Marié(e),9,5,16,Coton,3.19,Limoneux,Pluie seule,Pluvial pur,25.6,0.0,14.3,480.5,33.4,1494.8,4768.4,298,1421.0,14.5,1406.5,Sentier,8.0,FAO,Non,Oui,9.0,2
281,2022,Saison sèche,Mayo-Sava,Mora,Homme,49.0,Secondaire,Marié(e),6,1,20,Mil,0.68,Hardé,Pluie seule,Décrue,26.9,0.0,16.1,339.7,38.0,425.0,289.0,262,76.0,15.6,60.4,Piste,6.8,ONG locale,Non,Non,7.0,1
282,2021,Saison sèche,Mayo-Kani,Mindif,Femme,60.0,Aucun,Marié(e),6,4,20,Maïs,,Argileux,Pluie seule,Décrue,4.6,0.0,1.2,339.1,35.1,1268.2,2904.2,187,543.0,2.2,540.8,Piste,1.3,SODECOTON,Non,Non,8.0,4
283,2024,Saison sèche,Mayo-Danay,Guirvidig,Homme,26.0,Primaire,Marié(e),4,1,10,Niébé,0.86,Limoneux,Pluie seule,Irrigué,22.4,0.0,24.4,359.0,31.3,860.9,740.4,370,274.0,16.3,257.7,Sentier,7.0,SODECOTON,Non,Oui,9.0,5
284,2023,Saison des pluies,Mayo-Kani,Guidiguis,Homme,40.0,Coranique,Marié(e),11,2,9,Mil,2.53,Limoneux,Pluie seule,Irrigué,0.0,1.86,26.3,,35.4,589.5,1491.4,246,367.0,12.5,354.5,Piste,0.8,CARE,Oui,Non,8.0,2
285,2022,Saison sèche,Logone-et-Chari,Makary,Homme,47.0,Coranique,Célibataire,8,4,6,Sorgho,3.2,Argilo-sableux,Pluie seule,Mixte,9.8,1.53,32.2,339.8,34.9,522.8,1673.0,224,375.0,17.4,357.6,Route bitumée,5.3,FAO,Non,Non,2.0,4
286,2022,Saison sèche,Mayo-Danay,Kalfou,Homme,38.0,Secondaire,Célibataire,10,1,10,Arachide,0.95,Argileux,Pluie seule,Pluvial pur,0.0,3.25,26.7,311.3,31.2,1144.5,1087.3,327,356.0,16.1,339.9,Route bitumée,31.8,Aucun,Non,Oui,6.0,5
287,2022,Saison des pluies,Mayo-Sava,Waza,Homme,37.0,Coranique,Marié(e),1,1,8,Mil,1.44,Limoneux,Pluie seule,Mixte,22.2,0.0,17.0,802.6,37.0,471.2,678.5,198,134.0,14.0,120.0,Piste,0.7,FAO,Non,Non,9.0,4
288,2021,Saison sèche,Mayo-Danay,Kalfou,Homme,39.0,Primaire,Marié(e),9,4,20,Niébé,0.53,Argileux,Pluie seule,Pluvial pur,7.7,1.85,12.0,223.6,34.0,851.2,451.1,394,178.0,11.3,166.7,Sentier,17.8,Aucun,Oui,Non,7.0,5
289,2023,Saison des pluies,Logone-et-Chari,Goulfey,Femme,48.0,Primaire,Marié(e),7,5,21,Sorgho,,Limoneux,Pluie seule,Pluvial pur,3.8,0.0,11.8,652.2,35.8,633.3,158.3,191,30.0,5.1,24.9,Piste,4.5,SODECOTON,Oui,Oui,,5
290,2022,Saison des pluies,Logone-et-Chari,Kousseri,Homme,37.0,Primaire,Marié(e),8,3,21,Arachide,1.35,Argilo-sableux,Pluie seule,Irrigué,20.0,0.0,16.1,820.6,37.9,721.8,974.4,379,369.0,12.8,356.2,Piste,2.3,FAO,Non,Non,8.0,5
291,2021,Saison sèche,Mayo-Sava,Kolofata,Homme,36.0,Primaire,Marié(e),9,2,4,Sésame,0.61,Argilo-sableux,Pluie + retenue,Pluvial pur,0.0,1.46,11.2,305.7,36.1,-99.0,364.5,620,226.0,7.0,219.0,Route bitumée,0.5,Aucun,Non,Oui,9.0,3
292,2023,Saison des pluies,Mayo-Danay,Guirvidig,Femme,41.0,Coranique,Marié(e),7,3,15,Coton,0.95,Limoneux,Marigot,Irrigué,0.0,2.85,11.8,967.2,32.4,785.8,746.5,274,205.0,10.7,194.3,Route bitumée,5.3,ONG locale,Oui,Oui,6.0,1
293,2024,Saison sèche,Mayo-Danay,Tchatibali,Femme,35.0,Aucun,Veuf/Veuve,6,3,16,Coton,0.16,Sableux,Pompe solaire,Mixte,0.0,3.89,9.4,441.4,32.8,996.2,159.4,296,47.0,12.5,34.5,Route bitumée,19.0,FAO,Non,Oui,7.0,2
294,2022,Saison des pluies,Logone-et-Chari,Makary,Homme,55.0,Universitaire,Célibataire,5,2,20,Sésame,1.34,Sableux,Pluie seule,Mixte,7.6,0.0,10.1,803.5,36.8,281.7,377.5,575,217.0,6.1,210.9,Voie navigable,7.7,SODECOTON,Non,Non,,3
295,2021,Saison sèche,Mayo-Kani,Touloum,Homme,49.0,Primaire,Marié(e),8,2,10,Mil,1.15,Hardé,Pluie + retenue,Pluvial pur,34.0,1.34,6.3,322.1,35.9,290.2,333.7,260,87.0,18.8,68.2,Piste,1.2,SODECOTON,Non,Non,7.0,3
296,2021,Saison des pluies,Diamaré,Bogo,Homme,35.0,Universitaire,Marié(e),3,3,19,Sorgho,0.95,Argileux,Pompe solaire,Pluvial pur,29.0,0.65,17.2,748.3,34.2,-99.0,1227.5,178,218.0,18.4,199.6,Sentier,3.6,CARE,Oui,Oui,,1
297,2024,Saison des pluies,Diamaré,Maroua II,Homme,32.0,Primaire,Marié(e),2,2,0,Niébé,0.51,Limoneux,Pluie seule,Pluvial pur,135.9,0.0,14.0,986.9,31.5,923.3,470.9,412,194.0,58.6,135.4,Sentier,8.2,Aucun,Non,Oui,6.0,1
298,2024,Saison sèche,Mayo-Kani,Moutourwa,Homme,32.0,Primaire,Marié(e),7,2,16,Niébé,1.27,Argilo-sableux,Pompe solaire,Pluvial pur,63.7,1.44,1.0,369.8,35.7,1348.6,1712.7,392,671.0,29.4,641.6,Piste,2.1,Aucun,Non,Oui,6.0,2
299,2023,Saison des pluies,Mayo-Danay,Guirvidig,Femme,56.0,Aucun,Marié(e),6,2,24,Sésame,1.85,Argileux,Pluie + retenue,Pluvial pur,0.0,0.0,1.0,896.6,32.1,554.9,1026.6,647,664.0,0.3,,Sentier,4.7,Aucun,Non,Oui,3.0,3
300,2022,Saison des pluies,Diamaré,Maroua III,Femme,42.0,Primaire,Veuf/Veuve,8,3,24,Arachide,0.99,Argileux,Pluie seule,Mixte,72.5,0.46,8.2,921.3,36.3,1185.4,1173.5,400,469.0,32.6,436.4,Route bitumée,10.7,SODECOTON,Non,Non,5.0,5
301,2023,Saison sèche,Mayo-Sava,Tokombéré,Homme,39.0,Aucun,Marié(e),8,1,22,Sorgho,0.66,Argilo-sableux,Pluie + retenue,Mixte,0.9,0.0,4.5,283.2,38.5,469.0,309.5,191,59.0,1.7,57.3,Piste,0.8,Aucun,Non,Oui,6.0,1
302,2023,Saison sèche,Diamaré,Mémé,Homme,47.0,Aucun,Marié(e),5,4,17,Mil,5.36,Argilo-sableux,Irrigation gravitaire,Pluvial pur,9.8,0.24,8.1,221.9,34.1,498.7,2673.0,259,692.0,7.0,685.0,Piste,3.5,Aucun,Non,Oui,6.0,1
303,2022,Saison des pluies,Mayo-Sava,Méri,Homme,56.0,Secondaire,Marié(e),6,3,16,Sorgho,1.04,Sableux,Pompe solaire,Pluvial pur,146.6,0.0,22.9,737.6,38.9,1173.5,1220.4,239,292.0,65.5,226.5,Sentier,6.9,Aucun,Oui,Oui,6.0,1
304,2024,Saison des pluies,Logone-et-Chari,Goulfey,Homme,30.0,Aucun,Marié(e),10,3,6,Sorgho,0.4,Argilo-sableux,Pluie seule,Mixte,36.6,0.18,2.9,,36.8,580.0,232.0,178,41.0,16.0,25.0,Piste,1.2,Aucun,Oui,Oui,7.0,1
305,2024,Saison sèche,Mayo-Danay,Yagoua,Homme,46.0,Aucun,Marié(e),5,3,28,Sorgho,1.88,Hardé,Pluie seule,Pluvial pur,42.1,0.0,2.2,375.1,34.8,391.4,735.8,187,138.0,17.5,120.5,Piste,6.6,Aucun,Non,Oui,5.0,2
306,2021,Saison sèche,Diamaré,Bogo,Femme,33.0,Aucun,Marié(e),15,3,17,Arachide,2.76,Sableux,Pluie seule,Irrigué,22.2,0.0,20.5,341.0,33.4,357.3,986.1,393,388.0,15.0,373.0,Piste,4.0,CARE,Non,Non,5.0,3
307,2022,Saison des pluies,Diamaré,Maroua II,Homme,56.0,Coranique,Célibataire,8,4,0,Sorgho,3.16,Limoneux,Pluie seule,Pluvial pur,,0.26,22.1,951.2,35.5,701.0,2215.2,215,476.0,40.0,436.0,Sentier,3.2,Aucun,Oui,Oui,8.0,5
308,2024,Saison sèche,Diamaré,Bogo,Femme,36.0,Aucun,Marié(e),4,3,18,Sorgho,0.65,Argilo-sableux,Pluie + retenue,Mixte,96.9,0.0,14.5,398.2,36.0,797.9,518.6,230,119.0,43.1,75.9,Piste,19.1,Aucun,Non,Non,7.0,4
309,2023,Saison des pluies,Mayo-Danay,Kalfou,Femme,31.0,Aucun,Marié(e),4,4,15,Niébé,3.1,Argileux,Marigot,Décrue,1.6,0.0,25.6,921.7,34.3,677.0,2098.7,406,852.0,8.3,843.7,Piste,7.6,ONG locale,Non,Oui,7.0,4
310,2022,Saison des pluies,Logone-et-Chari,Kousseri,Homme,57.0,Coranique,Marié(e),6,3,22,Sésame,1.75,Sableux,Pluie + retenue,Mixte,,5.88,20.4,914.0,37.0,544.7,953.2,584,557.0,56.2,500.8,Route bitumée,11.1,ONG locale,Non,Oui,,5
311,2024,Saison des pluies,Diamaré,Maroua I,Homme,51.0,Secondaire,Marié(e),9,3,12,Maïs,2.05,Argileux,Pluie + retenue,Pluvial pur,1.3,6.76,5.3,1004.4,34.2,2042.1,4186.3,210,879.0,19.0,860.0,Sentier,14.8,Aucun,Oui,Non,2.0,2
312,2023,Saison des pluies,Diamaré,Mémé,Homme,20.0,Primaire,Marié(e),7,3,4,Maïs,1.04,Argileux,Pompe solaire,Pluvial pur,63.4,0.0,19.4,815.6,36.3,,3294.5,222,731.0,31.2,699.8,Voie navigable,1.6,Aucun,Non,Oui,4.0,2
313,2022,Saison sèche,Mayo-Sava,Méri,Homme,35.0,Primaire,Marié(e),4,1,19,Arachide,1.49,Argileux,Pluie seule,Pluvial pur,38.3,0.0,1.0,,36.0,950.1,1415.6,320,453.0,15.6,437.4,Route bitumée,3.2,Aucun,Non,Non,7.0,5
314,2023,Saison des pluies,Logone-et-Chari,Goulfey,Homme,53.0,Aucun,Marié(e),5,1,30,Sorgho,0.63,Hardé,Pluie seule,Irrigué,58.2,0.0,8.5,732.9,36.2,401.4,252.9,238,60.0,25.8,34.2,Sentier,0.5,SODECOTON,Oui,Oui,1.0,4
315,2021,Saison sèche,Mayo-Danay,Wina,Homme,,Primaire,Marié(e),6,1,0,Niébé,0.73,Argilo-sableux,Pluie + retenue,Décrue,66.1,0.0,11.0,348.2,34.5,814.4,594.5,419,249.0,29.7,,Route bitumée,3.1,Aucun,Non,Non,6.0,4
316,2021,Saison sèche,Diamaré,Gazawa,Homme,51.0,Coranique,Marié(e),3,3,14,Coton,1.57,Argilo-sableux,Marigot,Irrigué,,0.0,13.5,,34.4,924.9,1452.1,330,479.0,9.5,469.5,Piste,23.9,FAO,Non,Non,2.0,2
317,2023,Saison des pluies,Logone-et-Chari,Hilé-Alifa,Homme,53.0,Primaire,Marié(e),7,1,12,Niébé,0.96,Argileux,Pluie seule,Mixte,0.0,5.72,18.9,700.4,37.6,688.4,660.9,399,264.0,20.0,244.0,Route bitumée,0.5,FAO,Non,Non,9.0,2
318,2022,Saison des pluies,Logone-et-Chari,Kousseri,Homme,43.0,Secondaire,Marié(e),1,1,25,Sésame,0.49,Argileux,Pluie seule,Mixte,12.3,6.84,10.6,868.0,36.8,707.7,346.8,605,210.0,25.2,184.8,Piste,31.2,CARE,Non,Non,8.0,2
319,2023,Saison sèche,Diamaré,Gazawa,Homme,37.0,Primaire,Célibataire,8,2,5,Coton,1.1,Sableux,Pluie seule,Irrigué,17.2,0.0,7.5,399.7,33.6,1120.0,1232.0,255,314.0,9.1,304.9,Piste,18.1,Aucun,Non,Oui,6.0,5
320,2023,Saison sèche,Mayo-Kani,Guidiguis,Femme,46.0,Coranique,Marié(e),7,3,28,Maïs,0.42,Sableux,Pompe solaire,Pluvial pur,0.0,0.0,8.3,282.1,34.0,1256.7,527.8,161,85.0,2.5,82.5,Route bitumée,11.2,FAO,Oui,Non,5.0,3
321,2024,Saison des pluies,Mayo-Danay,Yagoua,Homme,36.0,Secondaire,Célibataire,4,4,5,Sésame,1.09,Sableux,Pompe solaire,Pluvial pur,41.7,0.0,9.0,1034.0,30.2,691.1,753.3,607,457.0,19.4,,Sentier,1.1,ONG locale,Non,Non,5.0,4
322,2024,Saison des pluies,Mayo-Kani,Guidiguis,Homme,21.0,Primaire,Marié(e),6,3,5,Mil,2.0,Argileux,Pluie + retenue,Pluvial pur,0.0,0.42,8.9,926.9,38.3,,1581.6,245,387.0,3.7,383.3,Sentier,0.8,WFP,Non,Oui,2.0,5
323,2023,Saison des pluies,Logone-et-Chari,Blangoua,Homme,35.0,Coranique,Marié(e),7,4,12,Niébé,0.89,Sableux,Pluie + retenue,Irrigué,39.7,0.39,19.3,668.2,36.2,609.9,542.8,389,211.0,22.6,188.4,Piste,22.3,Aucun,Non,Oui,2.0,2
324,2021,Saison sèche,Mayo-Kani,Guidiguis,Homme,35.0,Aucun,Marié(e),10,3,19,Maïs,2.0,Limoneux,Pluie seule,Pluvial pur,8.2,4.3,11.0,284.1,37.2,1706.3,3412.6,217,741.0,17.3,,Piste,12.9,ONG locale,Non,Non,,3
325,2021,Saison des pluies,Mayo-Sava,Tokombéré,Homme,63.0,Aucun,Marié(e),8,4,19,Mil,2.5,Limoneux,Marigot,Pluvial pur,0.0,0.0,19.3,,37.7,542.7,1356.8,218,296.0,5.8,,Sentier,34.7,Aucun,Non,Non,3.0,3
326,2021,Saison sèche,Logone-et-Chari,Kousseri,Homme,39.0,Primaire,Marié(e),3,3,17,Niébé,0.22,Limoneux,Irrigation gravitaire,Pluvial pur,13.2,0.0,6.0,278.6,37.5,1068.5,235.1,398,94.0,7.1,86.9,Sentier,15.5,ONG locale,Non,Non,8.0,1
327,2023,Saison des pluies,Mayo-Danay,Guirvidig,Homme,26.0,Secondaire,Marié(e),12,3,10,Niébé,0.86,Limoneux,Pluie seule,Pluvial pur,12.7,0.09,10.1,837.6,32.8,952.8,819.4,385,315.0,8.3,306.7,Sentier,23.0,Aucun,Non,Non,9.0,1
328,2023,Saison des pluies,Diamaré,Bogo,Femme,40.0,Coranique,Veuf/Veuve,9,2,17,Sésame,1.78,Argileux,Pluie seule,Pluvial pur,,10.98,5.0,823.4,33.9,,1030.6,611,630.0,42.7,587.3,Piste,4.4,CARE,Non,Non,,5
329,2022,Saison sèche,Logone-et-Chari,Goulfey,Homme,42.0,Secondaire,Marié(e),11,1,26,Mil,0.31,Hardé,Marigot,Décrue,0.0,0.0,17.2,267.1,35.7,325.6,100.9,261,26.0,5.2,20.8,Sentier,0.5,SODECOTON,Oui,Oui,9.0,3
330,2023,Saison des pluies,Mayo-Kani,Mindif,Homme,45.0,Primaire,Marié(e),5,4,17,Niébé,3.03,Argileux,Irrigation gravitaire,Décrue,12.7,11.64,10.8,743.9,33.1,1131.5,3428.4,438,1502.0,37.4,,Route bitumée,4.9,ONG locale,Oui,Non,5.0,4
331,2021,Saison des pluies,Diamaré,Maroua III,Homme,69.0,Coranique,Marié(e),12,6,0,Mil,0.86,Sableux,Pluie seule,Pluvial pur,64.7,2.02,19.5,801.5,35.2,328.5,282.5,246,69.0,36.8,32.2,Sentier,10.3,Aucun,Oui,Non,5.0,4
332,2023,Saison des pluies,Mayo-Sava,Tokombéré,Homme,67.0,Primaire,Marié(e),3,2,27,Sorgho,,Argileux,Pluie seule,Mixte,0.0,2.45,13.5,518.9,36.2,505.4,914.8,248,227.0,10.2,216.8,Route bitumée,4.1,WFP,Non,Non,,5
333,2024,Saison des pluies,Mayo-Kani,Guidiguis,Homme,58.0,Secondaire,Marié(e),4,1,0,Niébé,1.82,Limoneux,Pluie + retenue,Mixte,20.2,0.0,2.0,856.3,35.4,,1790.5,418,748.0,8.7,739.3,Piste,3.1,SODECOTON,Non,Oui,8.0,2
334,2024,Saison sèche,Mayo-Kani,Mindif,Homme,50.0,Primaire,Marié(e),6,4,21,Maïs,1.23,Sableux,Pluie seule,Mixte,35.5,2.26,12.4,430.0,35.6,868.2,1067.9,225,240.0,23.6,216.4,Voie navigable,14.2,Aucun,Non,Oui,7.0,3
335,2023,Saison sèche,Logone-et-Chari,Blangoua,Homme,66.0,Primaire,Marié(e),10,3,18,Mil,0.52,Limoneux,Pluie seule,Pluvial pur,17.7,0.0,14.9,210.4,37.5,542.3,282.0,251,71.0,11.6,59.4,Sentier,7.7,ONG locale,Non,Non,3.0,3
336,2022,Saison sèche,Logone-et-Chari,Blangoua,Homm,40.0,Aucun,Marié(e),4,4,8,Sorgho,0.57,Limoneux,Pluie seule,Mixte,27.8,0.0,1.0,232.2,35.2,480.2,273.7,237,65.0,11.4,53.6,Piste,11.4,CARE,Non,Non,,4
337,2024,Saison sèche,Mayo-Kani,Moutourwa,Femme,39.0,Secondaire,Marié(e),6,3,1,Mil,0.66,Limoneux,Pluie + retenue,Pluvial pur,40.2,0.0,22.4,331.2,36.1,,411.4,201,83.0,22.8,60.2,Piste,5.1,Aucun,Non,Oui,4.0,2
338,2021,Saison sèche,Mayo-Danay,Guirvidig,Homme,43.0,Universitaire,Marié(e),4,1,12,Sorgho,0.94,Argileux,Pluie + retenue,Irrigué,3.5,4.14,17.2,264.6,32.0,894.2,840.5,205,172.0,16.9,155.1,Piste,4.6,IRAD,Non,Non,7.0,2
339,2022,Saison sèche,Mayo-Sava,Tokombéré,Femme,33.0,Coranique,Marié(e),10,1,12,Niébé,0.94,Argileux,Pluie seule,Pluvial pur,0.0,0.0,9.9,318.9,34.6,706.4,664.0,389,258.0,3.0,255.0,Piste,1.0,SODECOTON,Oui,Non,6.0,5
340,2021,Saison sèche,Diamaré,Maroua III,Homme,18.0,Primaire,Célibataire,7,3,2,Niébé,,Hardé,Pompe solaire,Pluvial pur,47.9,0.0,17.0,334.2,33.8,829.3,381.5,412,157.0,24.3,132.7,Voie navigable,7.5,Aucun,Oui,Non,4.0,3
341,2024,Saison des pluies,Diamaré,Mémé,Homme,34.0,Aucun,Marié(e),10,3,12,Maïs,2.04,Hardé,Pluie + retenue,Pluvial pur,25.8,12.8,7.6,996.1,35.5,1160.4,2367.2,176,417.0,44.6,372.4,Piste,39.2,Aucun,Non,Non,6.0,3
342,2021,Saison des pluies,Logone-et-Chari,Makary,Femme,48.0,Aucun,Marié(e),10,2,8,Sorgho,6.61,Argileux,Pluie seule,Pluvial pur,44.2,0.0,16.1,703.5,35.1,663.9,4388.4,205,900.0,22.5,,Voie navigable,9.3,Aucun,Non,Oui,2.0,2
343,2021,Saison sèche,Mayo-Sava,Méri,Homme,,Aucun,Marié(e),7,1,8,Sorgho,,Argileux,Pluie + retenue,Mixte,10.0,0.0,8.6,,37.0,663.9,3565.1,205,731.0,6.6,724.4,Piste,6.7,Aucun,Non,Non,3.0,1
344,2023,Saison des pluies,Diamaré,Maroua I,Femme,31.0,Primaire,Marié(e),10,4,15,Sorgho,2.96,Limoneux,Irrigation gravitaire,Pluvial pur,,0.0,10.8,843.8,32.8,1145.0,3389.2,178,603.0,34.7,568.3,Piste,50.0,Aucun,Non,Non,6.0,5
345,2024,Saison sèche,Mayo-Danay,Tchatibali,Femme,31.0,Aucun,Célibataire,5,1,15,Coton,,Argileux,Pluie + retenue,Pluvial pur,7.0,0.0,21.6,453.4,33.8,1322.5,555.4,296,164.0,9.3,154.7,Route bitumée,1.1,FAO,Non,Oui,5.0,2
346,2023,Saison des pluies,Diamaré,Mémé,Homme,31.0,Coranique,Célibataire,7,3,15,Maïs,3.65,Sableux,Pompe solaire,Pluvial pur,0.0,5.19,18.0,888.3,35.5,1654.1,6037.5,205,1238.0,18.4,1219.6,Route bitumée,17.2,Aucun,Oui,Oui,9.0,3
347,2021,Saison des pluies,Logone-et-Chari,Hilé-Alifa,Homme,60.0,Coranique,Marié(e),1,1,15,Sorgho,1.7,Argilo-sableux,Pluie + retenue,Irrigué,50.6,0.0,14.3,587.6,37.5,692.8,1177.8,226,266.0,24.5,241.5,Route bitumée,40.8,IRAD,Oui,Oui,5.0,3
348,2023,Saison sèche,Mayo-Sava,Kolofata,Homme,66.0,Primaire,Marié(e),7,3,14,Mil,2.23,Argilo-sableux,Pluie + retenue,Pluvial pur,0.0,0.0,23.5,275.1,36.0,465.7,1038.5,264,274.0,7.0,,Piste,3.4,ONG locale,Non,Non,7.0,1
349,2023,Saison des pluies,Logone-et-Chari,Goulfey,Homme,52.0,Secondaire,Veuf/Veuve,5,5,4,Arachide,1.35,Sableux,Irrigation gravitaire,Irrigué,108.9,0.0,15.9,693.2,34.5,1285.1,1734.9,323,560.0,48.3,,Voie navigable,12.2,IRAD,Non,Oui,6.0,4
350,2024,Saison sèche,Diamaré,Bogo,Homme,36.0,Coranique,Marié(e),9,1,15,Niébé,1.53,Argileux,Pluie seule,Pluvial pur,22.5,3.0,1.0,394.1,34.9,834.9,1277.4,391,499.0,16.8,482.2,Piste,23.8,FAO,Non,Non,5.0,2
351,2023,Saison des pluies,Mayo-Kani,Moutourwa,Femme,45.0,Primaire,Marié(e),2,1,9,Sésame,1.78,Sableux,Marigot,Décrue,69.2,0.0,8.1,717.0,35.7,485.5,864.2,624,539.0,30.1,508.9,Piste,3.1,SODECOTON,Non,Non,8.0,4
352,2023,Saison des pluies,Mayo-Kani,Mindif,Femme,40.0,Aucun,Marié(e),3,3,20,Arachide,1.35,Argileux,Irrigation gravitaire,Mixte,103.2,1.38,19.6,718.3,32.4,1616.1,2181.7,368,803.0,50.6,752.4,Sentier,53.3,Aucun,Non,Non,8.0,1
353,2024,Saison sèche,Mayo-Kani,Kaélé,Femme,74.0,Secondaire,Marié(e),7,3,22,Sorgho,5.3,Limoneux,Pluie seule,Irrigué,5.2,1.06,15.2,421.7,32.8,718.4,3807.5,201,765.0,9.3,755.7,Sentier,31.9,SODECOTON,Non,Non,9.0,3
354,2024,Saison sèche,Logone-et-Chari,Goulfey,Femme,55.0,Coranique,Veuf/Veuve,6,4,33,Sorgho,0.45,Argileux,Pluie + retenue,Pluvial pur,157.8,0.0,13.2,253.6,35.8,1159.5,521.8,196,102.0,67.1,34.9,Route bitumée,10.2,Aucun,Oui,Oui,8.0,1
355,2022,Saison des pluies,Diamaré,Maroua III,Homme,34.0,Coranique,Marié(e),9,4,8,Maïs,2.34,Hardé,Pluie seule,Irrigué,0.0,0.0,8.7,915.3,31.0,670.0,1567.8,208,326.0,2.6,323.4,Route bitumée,7.2,ONG locale,Non,Oui,7.0,2
356,2023,Saison sèche,Diamaré,Maroua I,Homme,26.0,Aucun,Marié(e),4,3,8,Coton,0.41,Hardé,Pluie seule,Irrigué,19.9,7.52,15.8,367.8,35.8,493.4,202.3,312,63.0,31.5,31.5,Piste,10.0,Aucun,Non,Oui,2.0,1
357,2021,Saison des pluies,Diamaré,Maroua I,Homme,29.0,Primaire,Marié(e),6,3,13,Sorgho,0.94,Argileux,Pluie seule,Pluvial pur,,0.0,6.9,823.9,32.4,801.8,753.7,236,178.0,70.5,107.5,Piste,3.1,SODECOTON,Non,Non,8.0,4
358,2023,Saison des pluies,Diamaré,Bogo,Homme,,Aucun,Marié(e),10,2,19,Niébé,5.77,Argileux,Pluie seule,Pluvial pur,0.0,0.69,21.9,850.4,34.1,510.2,2943.9,412,1213.0,8.3,1204.7,Piste,0.5,SODECOTON,Oui,Non,6.0,1
359,2024,Saison des pluies,Mayo-Kani,Guidiguis,Homme,31.0,Aucun,Marié(e),10,4,15,Mil,1.06,Limoneux,Pluie seule,Mixte,0.0,0.0,11.9,922.5,35.7,646.8,685.6,263,180.0,3.6,176.4,Route bitumée,3.3,ONG locale,Non,Oui,2.0,4
360,2022,Saison sèche,Mayo-Sava,Méri,Homme,50.0,Aucun,Veuf/Veuve,7,1,6,Mil,1.76,Argilo-sableux,Pluie seule,Pluvial pur,0.0,0.0,12.5,238.7,36.7,324.9,571.8,268,153.0,3.8,149.2,Sentier,1.0,FAO,Non,Non,5.0,2
361,2022,Saison sèche,Mayo-Kani,Kaélé,Homme,41.0,Aucun,Marié(e),9,3,10,Sorgho,1.74,Limoneux,Pluie seule,Irrigué,6.5,0.66,12.8,193.4,35.8,542.2,943.4,214,202.0,8.1,193.9,Piste,22.2,SODECOTON,Non,Non,2.0,2
362,2021,Saison sèche,Diamaré,Maroua I,Homme,28.0,Coranique,Marié(e),6,4,12,Mil,0.81,Argileux,Pompe solaire,Pluvial pur,,0.0,24.8,310.0,36.6,735.4,595.7,201,120.0,13.2,,Voie navigable,18.7,Aucun,Non,Non,5.0,4
363,2021,Saison sèche,Logone-et-Chari,Hilé-Alifa,Homme,49.0,Coranique,Marié(e),6,1,17,Niébé,0.98,Hardé,Pluie seule,Pluvial pur,52.2,0.0,23.7,263.8,36.0,327.0,320.5,409,131.0,28.0,103.0,Voie navigable,1.5,IRAD,Non,Oui,4.0,2
364,2022,Saison sèche,Mayo-Danay,Wina,Homme,40.0,Primaire,Marié(e),9,2,6,Sorgho,0.64,Limoneux,Pompe solaire,Décrue,25.1,0.0,15.5,387.3,33.1,984.3,630.0,175,110.0,14.7,95.3,Piste,5.3,Aucun,Non,Oui,4.0,1
365,2024,Saison des pluies,Mayo-Sava,Mora,Femme,46.0,Aucun,Marié(e),9,2,0,Sésame,1.28,Hardé,Marigot,Pluvial pur,37.8,0.12,19.2,770.6,37.8,305.9,391.6,599,235.0,21.2,213.8,Route bitumée,71.5,WFP,Non,Oui,7.0,3
366,2022,Saison sèche,Diamaré,Gazawa,Homme,37.0,Aucun,Marié(e),6,4,11,Sorgho,0.4,Limoneux,Pluie + retenue,Mixte,11.1,0.29,17.4,353.4,32.8,615.6,246.2,204,50.0,10.4,39.6,Piste,3.4,Aucun,Non,Non,3.0,1
367,2022,Saison des pluies,Logone-et-Chari,Makary,Homme,47.0,Coranique,Marié(e),9,1,15,Sorgho,3.25,Sableux,Irrigation gravitaire,Pluvial pur,7.2,0.0,15.5,,38.4,644.4,2094.3,189,396.0,7.5,388.5,Sentier,24.5,Aucun,Non,Non,4.0,1
368,2024,Saison sèche,Mayo-Danay,Yagoua,Homme,47.0,Secondaire,Veuf/Veuve,9,2,30,Maïs,0.73,Sableux,Pluie seule,Pluvial pur,0.0,0.0,10.9,434.0,30.1,726.5,530.3,153,81.0,3.3,77.7,Piste,0.6,FAO,Oui,Non,3.0,3
369,2021,Saison sèche,Mayo-Sava,Waza,Homme,51.0,Aucun,Marié(e),10,1,5,Maïs,0.61,Hardé,Marigot,Irrigué,0.0,0.0,16.2,240.5,38.7,360.9,220.1,216,48.0,4.9,43.1,Piste,20.8,Aucun,Non,Oui,7.0,3
370,2023,Saison des pluies,Mayo-Kani,Kaélé,Homme,40.0,Secondaire,Marié(e),1,1,16,Niébé,0.49,Sableux,Irrigation gravitaire,Irrigué,50.5,7.61,1.0,859.1,37.1,826.5,405.0,422,171.0,39.5,131.5,Route bitumée,8.0,Aucun,Non,Non,5.0,1
371,2024,Saison sèche,Diamaré,Gazawa,Homme,59.0,Aucun,Marié(e),6,2,14,Niébé,1.76,Sableux,Pluie + retenue,Pluvial pur,0.0,4.15,18.4,392.3,31.1,391.8,689.6,441,304.0,15.9,288.1,Piste,1.8,Aucun,Oui,Non,9.0,4
372,2024,Saison des pluies,Logone-et-Chari,Hilé-Alifa,Homme,26.0,Aucun,Marié(e),4,4,10,Coton,0.66,Limoneux,Pluie + retenue,Mixte,0.0,0.82,15.3,744.2,37.0,,672.3,305,205.0,6.6,198.4,Voie navigable,6.0,Aucun,Oui,Oui,3.0,4
373,2024,Saison sèche,Mayo-Sava,Waza,Homme,64.0,Aucun,Marié(e),6,3,29,Maïs,3.09,Sableux,Pluie + retenue,Mixte,13.6,0.0,7.2,327.2,35.5,1167.8,3608.5,150,541.0,7.6,533.4,Route bitumée,17.0,ONG locale,Non,Non,9.0,3
374,2023,Saison des pluies,Logone-et-Chari,Blangoua,Homme,44.0,Aucun,Marié(e),2,2,13,Sorgho,1.66,Limoneux,Pluie seule,Mixte,0.0,0.5,15.4,659.1,34.9,579.6,962.1,195,188.0,5.9,182.1,Voie navigable,3.1,Aucun,Oui,Oui,2.0,4
375,2024,Saison sèche,Diamaré,Maroua I,Homme,,Aucun,Marié(e),5,1,11,Niébé,1.18,Sableux,Pluie seule,Irrigué,4.4,1.06,29.0,311.0,35.4,435.9,514.4,373,192.0,13.1,178.9,Sentier,5.2,SODECOTON,Non,Oui,7.0,5
376,2022,Saison sèche,Mayo-Danay,Tchatibali,Homme,56.0,Coranique,Célibataire,3,3,8,Maïs,,Argilo-sableux,Irrigation gravitaire,Irrigué,0.0,7.57,6.3,300.9,33.5,1590.2,2512.5,229,575.0,20.8,554.2,Route bitumée,8.6,Aucun,Oui,Non,6.0,1
377,2022,Saison sèche,Mayo-Danay,Kalfou,Femme,30.0,Primaire,Marié(e),4,4,2,Maïs,1.64,Argilo-sableux,Pluie + retenue,Irrigué,52.7,0.0,17.7,439.4,34.1,1875.6,3076.0,198,609.0,26.4,582.6,Route bitumée,3.3,CARE,Non,Non,5.0,5
378,2024,Saison sèche,Logone-et-Chari,Blangoua,Homme,46.0,Secondaire,Marié(e),6,6,12,Sorgho,2.14,Limoneux,Pluie + retenue,Pluvial pur,0.0,6.82,9.0,340.6,33.3,900.4,1926.9,248,478.0,19.8,458.2,Voie navigable,5.3,SODECOTON,Non,Oui,5.0,3
379,2021,Saison sèche,Mayo-Danay,Kalfou,Femme,38.0,Coranique,Marié(e),8,2,22,Maïs,3.61,Argilo-sableux,Pluie + retenue,Mixte,37.5,1.54,12.2,311.1,35.1,1660.6,5994.8,183,1097.0,22.5,1074.5,Piste,3.8,SODECOTON,Oui,Non,3.0,5
380,2024,Saison sèche,Mayo-Sava,Tokombéré,Homme,32.0,Aucun,Célibataire,4,2,7,Mil,2.15,Argileux,Pluie seule,Pluvial pur,35.4,0.0,18.7,227.2,36.5,592.8,1274.5,223,284.0,19.8,264.2,Sentier,2.6,SODECOTON,Non,Oui,3.0,1
381,2022,Saison des pluies,Diamaré,Gazawa,Homme,26.0,Coranique,Veuf/Veuve,10,4,9,Sorgho,2.4,Argileux,Pluie seule,Mixte,0.0,5.54,5.3,863.8,33.0,572.8,1374.7,238,327.0,15.4,311.6,Route bitumée,7.2,IRAD,Non,Non,4.0,2
382,2022,Saison des pluies,Mayo-Danay,Yagoua,Homme,54.0,Aucun,Marié(e),5,2,27,Sésame,,Argileux,Pompe solaire,Mixte,107.9,4.78,12.7,982.3,32.9,928.2,529.1,635,336.0,58.9,277.1,Sentier,12.9,Aucun,Non,Oui,7.0,5
383,2021,Saison des pluies,Mayo-Kani,Touloum,Femme,55.0,Coranique,Marié(e),10,2,8,Sorgho,,Argileux,Pluie seule,Pluvial pur,82.4,0.0,15.1,739.9,34.7,799.5,2350.5,207,487.0,37.5,449.5,Route bitumée,3.0,ONG locale,Oui,Oui,4.0,2
384,2021,Saison sèche,Mayo-Danay,Guirvidig,Femme,32.0,Aucun,Célibataire,7,3,16,Niébé,2.39,Sableux,Pluie + retenue,Pluvial pur,,3.73,16.2,506.1,32.6,429.1,1025.5,377,387.0,14.2,372.8,Sentier,23.1,WFP,Non,Non,5.0,1
385,2022,Saison sèche,Mayo-Kani,Mindif,Homme,60.0,Aucun,Marié(e),6,2,23,Niébé,,Limoneux,Pluie + retenue,Pluvial pur,30.5,0.93,1.0,402.9,32.5,1029.6,5940.8,377,2240.0,14.8,,Sentier,0.5,Aucun,Non,Oui,3.0,1
386,2022,Saison des pluies,Logone-et-Chari,Goulfey,Homme,35.0,Primaire,Veuf/Veuve,8,1,12,Mil,0.87,Sableux,Irrigation gravitaire,Pluvial pur,0.0,0.0,8.7,791.4,37.8,562.7,489.5,237,116.0,2.6,113.4,Piste,2.6,WFP,Non,Non,5.0,1
387,2021,Saison sèche,Logone-et-Chari,Hilé-Alifa,Homme,42.0,Coranique,Marié(e),3,2,17,Mil,2.94,Sableux,Irrigation gravitaire,Mixte,80.4,0.0,11.4,233.8,38.3,,2078.0,200,416.0,35.6,380.4,Voie navigable,16.9,Aucun,Non,Non,2.0,4
388,2021,Saison des pluies,Mayo-Kani,Guidiguis,Homme,75.0,Universitaire,Marié(e),4,4,18,Maïs,1.84,Argileux,Pluie seule,Pluvial pur,10.6,0.16,12.9,611.4,35.0,1956.0,3599.0,200,720.0,8.5,711.5,Piste,31.4,SODECOTON,Oui,Non,3.0,5
389,2021,Saison sèche,Mayo-Danay,Wina,Homme,44.0,Primaire,Marié(e),7,3,15,Maïs,,Hardé,Pluie + retenue,Pluvial pur,50.9,2.17,30.7,365.0,31.0,,383.4,175,67.0,35.0,32.0,Voie navigable,10.5,CARE,Non,Oui,4.0,3
390,2021,Saison des pluies,Diamaré,Maroua III,Femme,41.0,Aucun,Marié(e),13,1,21,Arachide,1.75,Limoneux,Irrigation gravitaire,Mixte,6.1,0.87,14.5,809.8,32.0,1038.5,1817.4,379,689.0,9.0,680.0,Route bitumée,20.0,CARE,Oui,Non,9.0,4
391,2024,Saison sèche,Diamaré,Bogo,Femme,61.0,Primaire,Marié(e),7,2,25,Sorgho,1.62,Argileux,Irrigation gravitaire,Mixte,,3.99,8.3,,33.4,1070.9,1734.9,233,404.0,25.3,378.7,Piste,14.6,IRAD,Non,Non,1.0,5
392,2023,Saison des pluies,Diamaré,Maroua III,Femme,41.0,Aucun,Veuf/Veuve,5,3,20,Mil,0.96,Limoneux,Marigot,Irrigué,87.7,1.01,24.2,,33.4,,668.8,215,144.0,44.9,99.1,Route bitumée,2.6,Aucun,Non,Non,2.0,3
393,2023,Saison des pluies,Mayo-Danay,Tchatibali,Homme,48.0,Coranique,Marié(e),2,2,17,Sorgho,2.87,Sableux,Irrigation gravitaire,Pluvial pur,0.6,0.07,8.7,835.6,32.9,473.8,1359.8,227,309.0,3.0,306.0,Piste,60.0,FAO,Non,Oui,8.0,4
394,2024,Saison des pluies,Diamaré,Mémé,Homme,44.0,Aucun,Veuf/Veuve,11,4,23,Niébé,0.42,Limoneux,Irrigation gravitaire,Pluvial pur,2.8,0.0,12.1,1015.0,35.0,,447.0,394,176.0,4.8,171.2,Piste,0.5,WFP,Oui,Oui,5.0,2
395,2023,Saison des pluies,Diamaré,Bogo,Homme,58.0,Primaire,Marié(e),5,3,22,Niébé,0.9,Argilo-sableux,Pompe solaire,Mixte,155.9,2.76,21.8,852.9,33.7,1307.4,1176.7,445,524.0,75.8,,Piste,21.0,WFP,Oui,Non,7.0,5
396,2024,Saison des pluies,Mayo-Danay,Kalfou,Femme,42.0,Secondaire,Marié(e),5,2,10,Mil,7.16,Argileux,Pompe solaire,Pluvial pur,0.0,0.93,18.0,995.6,33.8,901.1,6451.9,227,1465.0,7.7,1457.3,Piste,8.7,Aucun,Non,Non,3.0,2
397,2023,Saison sèche,Logone-et-Chari,Kousseri,Homme,26.0,Coranique,Marié(e),3,1,10,Mil,4.33,Sableux,Pompe solaire,Pluvial pur,90.7,4.45,28.8,307.2,39.5,738.9,3199.4,245,784.0,56.0,728.0,Piste,2.5,ONG locale,Non,Non,9.0,1
398,2022,Saison sèche,Mayo-Sava,Mora,Homme,39.0,Coranique,Marié(e),8,3,16,Sorgho,0.96,Argileux,Pluie seule,Pluvial pur,0.0,0.09,31.3,285.6,37.7,451.6,433.5,179,78.0,9.6,68.4,Piste,2.9,SODECOTON,Non,Non,2.0,3
399,2024,Saison sèche,Diamaré,Maroua III,Homme,38.0,Universitaire,Marié(e),5,4,10,Sorgho,1.37,Limoneux,Pluie + retenue,Mixte,15.2,0.0,5.8,316.3,34.7,,1460.0,239,349.0,7.8,341.2,Sentier,3.5,Aucun,Non,Non,3.0,1
400,2024,Saison sèche,Logone-et-Chari,Kousseri,Homme,68.0,Primaire,Marié(e),5,1,27,Niébé,1.44,Argilo-sableux,Pluie + retenue,Pluvial pur,12.8,5.11,10.1,320.5,35.8,832.0,1198.1,409,490.0,20.9,469.1,Voie navigable,20.1,Aucun,Oui,Non,7.0,3
401,2021,Saison des pluies,Logone-et-Chari,Makary,Homme,40.0,Secondaire,Marié(e),2,1,7,Coton,2.13,Limoneux,Pompe solaire,Mixte,188.9,0.96,3.5,576.0,34.1,2296.2,4890.9,298,1457.0,79.0,1378.0,Piste,10.4,Aucun,Non,Non,1.0,1
402,2024,Saison sèche,Mayo-Danay,Tchatibali,Femme,34.0,Aucun,Marié(e),6,5,18,Maïs,0.48,Argileux,Irrigation gravitaire,Pluvial pur,,0.0,15.9,344.4,35.7,2003.7,961.8,160,154.0,4.8,149.2,Route bitumée,8.5,Aucun,Non,Oui,8.0,5
403,2022,Saison des pluies,Diamaré,Bogo,Femme,27.0,Aucun,Marié(e),12,4,11,Arachide,1.72,Hardé,Pluie seule,Pluvial pur,102.0,0.12,28.7,887.3,34.8,306.3,526.8,354,186.0,49.7,136.3,Piste,32.3,CARE,Oui,Non,8.0,5
404,2023,Saison des pluies,Mayo-Sava,Tokombéré,Femme,64.0,Aucun,Marié(e),10,1,22,Sorgho,1.18,Limoneux,Pluie seule,Irrigué,46.8,0.0,15.5,691.2,38.0,624.3,736.7,180,133.0,23.4,109.6,Piste,6.5,Aucun,Oui,Oui,1.0,1
405,2021,Saison des pluies,Mayo-Danay,Tchatibali,Femme,51.0,Primaire,Marié(e),1,1,1,Sorgho,0.32,Limoneux,Marigot,Irrigué,1.7,3.98,8.2,848.4,31.6,707.1,226.3,218,49.0,13.1,35.9,Piste,37.3,Aucun,Oui,Oui,7.0,5
406,2022,Saison des pluies,Mayo-Danay,Kalfou,Homme,34.0,Primaire,Marié(e),4,2,10,Mil,0.92,Argileux,Pluie seule,Mixte,0.0,17.14,18.5,1054.2,34.4,433.4,398.7,238,95.0,48.4,46.6,Piste,6.7,Aucun,Non,Non,3.0,5
407,2024,Saison sèche,Mayo-Kani,Moutourwa,Femme,52.0,Secondaire,Marié(e),1,1,10,Maïs,0.64,Argilo-sableux,Pompe solaire,Pluvial pur,41.6,6.6,6.7,446.1,34.1,2783.0,1781.1,223,397.0,35.1,361.9,Piste,17.6,FAO,Non,Oui,3.0,5
408,2021,Saison sèche,Logone-et-Chari,Goulfey,Homme,50.0,Aucun,Marié(e),11,5,14,Niébé,1.35,Sableux,Pompe solaire,Décrue,22.3,5.82,3.0,243.5,35.1,831.3,1122.3,399,448.0,24.4,423.6,Route bitumée,4.2,FAO,Non,Non,9.0,1
409,2021,Saison sèche,Mayo-Sava,Mora,Homme,33.0,Coranique,Marié(e),10,1,16,Niébé,2.46,Argileux,Pompe solaire,Mixte,190.3,4.92,5.4,271.6,38.4,1363.5,3354.2,390,1308.0,90.0,1218.0,Piste,6.2,Aucun,Non,Non,6.0,4
410,2021,Saison sèche,Logone-et-Chari,Makary,Homme,50.0,Universitaire,Célibataire,4,2,11,Sésame,0.32,Argilo-sableux,Pompe solaire,Pluvial pur,13.3,0.0,8.3,,37.8,929.1,297.3,649,193.0,7.8,185.2,Sentier,1.8,SODECOTON,Non,Non,6.0,5
411,2022,Saison des pluies,Mayo-Danay,Yagoua,Femme,31.0,Coranique,Marié(e),9,3,12,Arachide,2.68,Limoneux,Marigot,Irrigué,0.0,0.32,23.7,1078.8,33.4,1094.0,2931.9,380,1114.0,7.9,1106.1,Route bitumée,14.7,Aucun,Non,Non,1.0,2
412,2021,Saison des pluies,Mayo-Sava,Tokombéré,Homme,72.0,Primaire,Marié(e),10,4,12,Mil,2.39,Argilo-sableux,Irrigation gravitaire,Pluvial pur,0.0,0.0,3.4,669.9,36.3,538.3,1286.5,240,309.0,1.0,308.0,Piste,1.7,IRAD,Oui,Non,7.0,2
413,2022,Saison des pluies,Diamaré,Maroua II,Homme,48.0,Aucun,Marié(e),7,3,16,Niébé,0.92,Argileux,Marigot,Irrigué,21.6,5.23,14.9,1027.5,32.8,1044.7,961.1,388,373.0,26.2,346.8,Voie navigable,3.4,SODECOTON,Non,Non,9.0,5
414,2021,Saison des pluies,Logone-et-Chari,Kousseri,Homme,60.0,Aucun,Marié(e),3,2,12,Arachide,2.47,Hardé,Pluie seule,Mixte,68.4,2.93,14.8,608.7,36.5,637.7,1575.1,395,622.0,39.1,582.9,Sentier,13.5,Aucun,Non,Non,7.0,2
415,2021,Saison sèche,Mayo-Sava,Méri,Homme,29.0,Aucun,Marié(e),5,1,7,Maïs,2.1,Limoneux,Pluie seule,Pluvial pur,181.5,0.0,19.9,302.4,35.8,1469.4,3085.7,201,620.0,78.6,541.4,Sentier,6.4,SODECOTON,Oui,Non,6.0,5
416,2023,Saison des pluies,Logone-et-Chari,Hilé-Alifa,Homme,51.0,Coranique,Célibataire,6,4,15,Mil,0.42,Argilo-sableux,Marigot,Pluvial pur,0.0,0.16,14.9,,35.2,476.3,200.0,238,48.0,4.9,,Piste,1.7,FAO,Non,Non,2.0,1
417,2023,Saison sèche,Mayo-Sava,Kolofata,Homme,52.0,Secondaire,Marié(e),11,5,36,Arachide,2.9,Limoneux,Pluie + retenue,Mixte,10.6,2.91,17.1,220.9,35.9,990.4,2872.2,370,1063.0,16.6,1046.4,Piste,26.0,WFP,Oui,Non,5.0,1
418,2022,Saison sèche,Mayo-Kani,Kaélé,Femme,,Coranique,Célibataire,8,5,2,Maïs,0.95,Hardé,Irrigation gravitaire,Pluvial pur,16.3,1.93,35.3,370.6,34.6,1200.7,1140.7,210,240.0,21.9,218.1,Sentier,9.9,WFP,Non,Non,1.0,1
419,2021,Saison sèche,Mayo-Danay,Guirvidig,Femme,58.0,Coranique,Marié(e),3,1,13,Sésame,1.38,Hardé,Irrigation gravitaire,Mixte,55.9,1.36,8.5,300.5,31.6,457.1,630.8,647,408.0,28.3,379.7,Route bitumée,12.6,CARE,Non,Oui,8.0,5
420,2022,Saison des pluies,Mayo-Danay,Kalfou,Homme,30.0,Aucun,Marié(e),1,1,14,Mil,0.93,Hardé,Pluie + retenue,Pluvial pur,64.9,7.05,18.3,1026.9,33.2,417.0,387.8,247,96.0,49.1,46.9,Piste,21.6,Aucun,Non,Non,,2
421,2023,saison sèche,Diamaré,Maroua I,Femme,44.0,Aucun,Célibataire,2,2,24,Sorgho,0.42,Sableux,Pluie seule,Pluvial pur,0.0,3.65,10.3,790.1,34.4,397.0,166.7,179,30.0,12.2,17.8,Voie navigable,19.3,Aucun,Oui,Oui,2.0,5
422,2022,Saison des pluies,Mayo-Kani,Kaélé,Homme,50.0,Aucun,Marié(e),5,2,14,Maïs,0.47,Argilo-sableux,Pompe solaire,Mixte,44.1,3.51,9.3,934.3,36.1,2197.8,1033.0,178,184.0,29.2,154.8,Sentier,0.5,CARE,Non,Oui,9.0,4
423,2023,saison sèche,Logone-et-Chari,Goulfey,Homme,33.0,Aucun,Marié(e),8,4,17,Sorgho,1.73,Argileux,Pluie seule,Pluvial pur,30.4,0.0,17.8,740.9,36.1,731.9,1266.2,183,232.0,17.5,214.5,Sentier,0.6,Aucun,Oui,Non,5.0,4
424,2022,Saison sèche,Logone-et-Chari,Blangoua,Homme,38.0,Primaire,Marié(e),8,4,16,Sésame,0.88,Sableux,Irrigation gravitaire,Pluvial pur,0.0,0.0,14.0,372.5,34.8,532.1,468.2,641,300.0,4.2,295.8,Piste,8.7,CARE,Non,Non,9.0,5
425,2024,Saison des pluies,Mayo-Danay,Yagoua,Homme,,Aucun,Marié(e),4,2,4,Sorgho,0.0,Argilo-sableux,Marigot,Pluvial pur,46.2,1.43,42.0,1060.1,33.5,670.0,2224.4,198,440.0,34.7,405.3,Sentier,17.1,IRAD,Non,Oui,,3
426,2024,Saison des pluies,Logone-et-Chari,Goulfey,Homme,,Primaire,Marié(e),5,4,19,Mil,5.26,Sableux,Pluie seule,Pluvial pur,30.5,0.0,18.4,880.6,36.1,325.9,1714.2,195,334.0,17.7,316.3,Piste,25.1,IRAD,Non,Oui,6.0,4
427,2023,Saison sèche,Diamaré,Maroua III,Femme,45.0,Aucun,Marié(e),14,3,21,Sésame,1.76,Argileux,Pluie + retenue,Pluvial pur,28.5,2.38,21.7,368.4,35.4,738.0,1298.9,619,804.0,23.9,780.1,Piste,23.7,SODECOTON,Oui,Non,7.0,3
428,2022,saison_pluies,Logone-et-Chari,Hilé-Alifa,Homme,34.0,Primaire,Célibataire,9,1,10,Sorgho,0.71,Argileux,Pluie seule,Pluvial pur,16.5,3.71,16.9,,36.7,582.3,413.4,175,72.0,20.9,51.1,Route bitumée,6.6,WFP,Non,Non,6.0,1
429,2024,Saison sèche,Mayo-Kani,Guidiguis,Homme,52.0,Aucun,Marié(e),6,3,12,Sésame,0.7,Argileux,Pompe solaire,Irrigué,0.0,0.61,16.1,248.9,34.3,704.5,493.1,596,294.0,6.4,287.6,Piste,31.3,Aucun,Non,Non,6.0,3
430,2024,Saison sèche,Mayo-Sava,Waza,Homme,51.0,Coranique,Marié(e),8,3,35,Mil,2.67,Argileux,Pluie + retenue,Pluvial pur,18.9,0.0,6.5,263.2,35.8,665.4,1776.6,259,460.0,9.5,450.5,Sentier,10.8,WFP,Non,Non,4.0,3
431,2023,Saison des pluies,Diamaré,Gazawa,Homme,49.0,Aucun,Célibataire,6,2,3,Maïs,1.92,Limoneux,Marigot,Décrue,89.0,2.97,11.9,767.5,33.2,1899.8,3647.6,161,587.0,46.6,540.4,Route bitumée,7.3,Aucun,Non,Non,4.0,1
432,2021,Saison sèche,Diamaré,Gazawa,Homme,40.0,Primaire,Marié(e),3,3,10,Coton,1.2,Argilo-sableux,Pluie seule,Pluvial pur,0.0,2.84,9.5,345.6,35.1,1138.2,1365.8,306,418.0,9.9,408.1,Piste,9.5,Aucun,Non,Non,,2
433,2022,Saison sèche,Mayo-Danay,Kalfou,Homme,38.0,Coranique,Célibataire,12,3,3,Niébé,0.91,Limoneux,Pluie + retenue,Mixte,0.0,8.88,12.4,420.4,34.9,781.7,711.3,420,299.0,25.9,273.1,Piste,9.5,ONG locale,Non,Non,8.0,5
434,2021,Saison sèche,Mayo-Danay,Yagoua,Homme,35.0,Primaire,Marié(e),2,2,19,Mil,0.45,Limoneux,Pluie seule,Pluvial pur,39.6,0.11,9.2,269.5,28.8,637.7,287.0,258,74.0,18.9,55.1,Sentier,3.3,FAO,Non,Non,9.0,1
435,2024,Saison sèche,Logone-et-Chari,Hilé-Alifa,Homme,40.0,Coranique,Veuf/Veuve,10,2,16,Maïs,1.17,Argileux,Pluie seule,Irrigué,0.0,2.45,24.0,207.3,36.2,1715.1,2006.7,200,401.0,13.3,387.7,Piste,2.6,Aucun,Oui,Non,5.0,3
436,2024,Saison sèche,Mayo-Kani,Guidiguis,Homme,47.0,Primaire,Marié(e),7,3,19,Sorgho,0.6,Argileux,Pluie seule,Pluvial pur,52.0,1.66,5.2,269.6,35.3,865.7,519.4,184,96.0,26.5,69.5,Piste,15.5,CARE,Non,Non,2.0,2
437,2022,Saison sèche,Mayo-Sava,Waza,Homme,34.0,Universitaire,Marié(e),5,2,7,Mil,1.19,Argileux,Pompe solaire,Irrigué,78.3,4.34,18.6,239.2,37.2,1415.6,1684.6,206,347.0,47.8,299.2,Piste,8.3,WFP,Non,Oui,5.0,5
438,2021,Saison des pluies,Mayo-Danay,Kalfou,Homme,48.0,Secondaire,Marié(e),4,3,16,Niébé,1.19,Argilo-sableux,Pompe solaire,Mixte,7.6,0.64,24.8,777.0,33.4,887.1,1055.6,378,399.0,12.1,386.9,Piste,8.4,Aucun,Non,Oui,9.0,2
439,2021,Saison sèche,Logone-et-Chari,Goulfey,Femme,52.0,Primaire,Marié(e),5,3,18,Maïs,3.34,Argilo-sableux,Pompe solaire,Irrigué,101.7,0.1,19.8,178.1,33.7,2233.6,7460.2,182,1358.0,46.9,1311.1,Piste,18.4,Aucun,Non,Non,9.0,3
440,2023,Saison sèche,Diamaré,Maroua III,Homme,42.0,Primaire,Marié(e),11,2,5,Sorgho,1.06,Sableux,Pluie seule,Pluvial pur,3.0,14.9,16.7,247.1,34.6,413.4,438.2,249,109.0,43.5,65.5,Sentier,16.9,SODECOTON,Oui,Non,8.0,2
441,2024,Saison des pluies,Logone-et-Chari,Makary,Homme,23.0,Aucun,Marié(e),3,3,7,Sorgho,3.52,Argileux,Pluie seule,Pluvial pur,0.0,0.0,5.9,705.1,37.5,856.1,3013.5,201,606.0,1.8,,Piste,4.2,SODECOTON,Non,Oui,1.0,3
442,2024,Saison des pluies,Mayo-Danay,Kalfou,Homme,37.0,Aucun,Marié(e),8,3,13,Sésame,0.57,Hardé,Pluie seule,Mixte,23.2,2.05,17.4,1076.0,34.1,382.5,218.0,582,127.0,19.6,107.4,Piste,2.9,ONG locale,Non,Non,1.0,1
443,2022,Saison des pluies,Mayo-Sava,Kolofata,Homme,52.0,Coranique,Marié(e),6,1,36,Niébé,1.09,Sableux,Pompe solaire,Décrue,1.7,3.67,7.7,725.4,36.7,742.1,808.9,405,328.0,12.2,315.8,Route bitumée,27.9,FAO,Non,Non,6.0,2
444,2021,Saison des pluies,Diamaré,Maroua II,Homme,26.0,Primaire,Marié(e),9,3,10,Coton,,Limoneux,Pluie + retenue,Pluvial pur,13.7,0.24,15.8,759.8,33.5,1754.9,1667.2,303,505.0,10.8,494.2,Piste,10.5,CARE,Non,Non,8.0,3
445,2021,Saison des pluies,Mayo-Sava,Tokombéré,Homme,61.0,Primaire,Marié(e),5,2,10,Mil,0.6,Argileux,Pluie seule,Mixte,0.0,0.8,23.2,,37.7,757.6,454.6,263,120.0,9.0,,Piste,4.9,WFP,Non,Non,4.0,3
446,2022,Saison sèche,Mayo-Kani,Kaélé,Homme,20.0,Primaire,Marié(e),5,3,4,Niébé,4.97,Limoneux,Irrigation gravitaire,Irrigué,69.7,0.24,13.6,314.1,36.0,1411.7,7016.1,428,3003.0,32.6,2970.4,Sentier,8.7,Aucun,Oui,Oui,3.0,4
447,2022,Saison sèche,Mayo-Danay,Tchatibali,Homme,39.0,Aucun,Marié(e),3,3,23,Niébé,1.85,Sableux,Marigot,Pluvial pur,50.6,0.59,10.3,242.4,31.1,603.4,1116.3,433,483.0,24.8,458.2,Voie navigable,17.2,CARE,Non,Non,9.0,3
448,2022,Saison sèche,Logone-et-Chari,Blangoua,Homme,64.0,Coranique,Célibataire,1,1,14,Arachide,1.71,Limoneux,Pluie seule,Mixte,,3.59,24.9,353.0,36.9,981.1,1677.7,400,671.0,23.2,647.8,Sentier,22.2,CARE,Non,Oui,6.0,1
449,2024,Saison sèche,Mayo-Danay,Kalfou,Femme,46.0,Universitaire,Marié(e),2,2,21,Sorgho,0.33,Argilo-sableux,Marigot,Irrigué,57.1,0.0,9.9,480.4,33.7,699.4,230.8,201,46.0,25.8,20.2,Piste,6.6,CARE,Non,Non,1.0,2
450,2022,Saison des pluies,Logone-et-Chari,Makary,Homme,25.0,Coranique,Marié(e),6,3,9,Maïs,2.02,Hardé,Pluie + retenue,Pluvial pur,24.9,5.8,15.2,862.7,32.6,990.8,2001.4,151,302.0,29.0,273.0,Voie navigable,1.4,FAO,Non,Non,3.0,4
451,2023,Saison sèche,Logone-et-Chari,Makary,Homme,55.0,Coranique,Marié(e),5,2,18,Sorgho,0.99,Sableux,Pluie seule,Pluvial pur,0.0,0.0,25.7,259.3,38.7,568.2,562.5,230,129.0,7.7,121.3,Route bitumée,5.1,ONG locale,Oui,Non,1.0,5
452,2021,Saison des pluies,Logone-et-Chari,Blangoua,Homme,62.0,Universitaire,Marié(e),6,5,8,Sorgho,1.45,Limoneux,Pluie + retenue,Mixte,51.6,0.0,16.4,698.1,34.3,1119.0,1622.5,194,315.0,25.6,289.4,Sentier,32.1,SODECOTON,Non,Oui,5.0,4
453,2021,Saison des pluies,Mayo-Danay,Wina,Homme,,Aucun,Marié(e),6,1,9,Niébé,,Argileux,Pluie seule,Pluvial pur,0.0,5.54,12.0,799.6,32.0,812.0,600.9,428,257.0,17.4,239.6,Sentier,24.2,Aucun,Non,Non,6.0,3
454,2023,Saison des pluies,Mayo-Kani,Guidiguis,Homme,35.0,Secondaire,Veuf/Veuve,7,4,8,Arachide,2.1,Argileux,Pluie + retenue,Pluvial pur,15.8,0.0,13.7,734.1,39.3,1109.6,2330.2,342,797.0,10.4,786.6,Sentier,7.9,SODECOTON,Non,Oui,1.0,1
455,2021,Saison des pluies,Logone-et-Chari,Goulfey,Homme,33.0,Primaire,Marié(e),5,3,10,Mil,1.04,Argileux,Pluie seule,Irrigué,35.5,0.0,21.5,656.1,38.1,687.5,715.0,259,185.0,20.7,164.3,Sentier,11.0,Aucun,Non,Non,6.0,1
456,2021,Saison des pluies,Mayo-Kani,Guidiguis,Homme,54.0,Primaire,Marié(e),9,5,22,Mil,1.11,Limoneux,Pompe solaire,Mixte,41.0,0.0,25.5,641.2,35.3,927.9,1030.0,228,235.0,24.1,210.9,Piste,11.9,CARE,Non,Non,,4
457,2023,Saison sèche,Mayo-Sava,Waza,Homme,18.0,Aucun,Célibataire,4,1,2,Sorgho,0.83,Limoneux,Pluie + retenue,Mixte,,9.8,14.9,271.9,38.0,771.1,640.0,213,136.0,33.1,102.9,Sentier,10.7,WFP,Non,Non,8.0,5
458,2023,Saison des pluies,Mayo-Kani,Guidiguis,Homme,56.0,Primaire,Célibataire,3,3,10,Niébé,0.72,Limoneux,Pluie + retenue,Irrigué,45.2,0.55,13.7,795.7,35.5,1144.1,823.8,412,339.0,23.6,315.4,Piste,1.7,Aucun,Oui,Non,9.0,3
459,2022,Saison sèche,Diamaré,Maroua II,Homme,62.0,Aucun,Marié(e),4,4,17,Mil,1.74,Sableux,Pluie seule,Pluvial pur,1.0,1.57,15.7,,33.9,414.1,720.5,245,177.0,9.0,168.0,Route bitumée,6.0,Aucun,Non,Oui,,2
460,2023,Saison des pluies,Diamaré,Mémé,Femme,29.0,Coranique,Marié(e),2,2,6,Mil,0.82,Sableux,Pluie + retenue,Irrigué,11.6,0.0,6.6,846.1,34.0,594.5,487.5,193,94.0,6.6,87.4,Piste,2.0,SODECOTON,Non,Non,8.0,4
461,2022,Saison sèche,Logone-et-Chari,Makary,Homme,27.0,Secondaire,Marié(e),6,5,11,Mil,1.3,Argileux,Irrigation gravitaire,Irrigué,,0.0,24.7,210.6,37.0,990.1,1287.1,262,337.0,12.3,324.7,Sentier,3.7,Aucun,Non,Non,4.0,5
462,2023,Saison sèche,Mayo-Danay,Wina,Homme,34.0,Aucun,Marié(e),6,2,3,Mil,3.17,Limoneux,Pluie seule,Pluvial pur,2.1,0.0,12.6,335.3,35.2,463.2,1468.3,212,311.0,4.6,306.4,Voie navigable,23.6,WFP,Non,Non,6.0,5
463,2022,Saison des pluies,Mayo-Kani,Mindif,Homme,29.0,Primaire,Marié(e),1,1,13,Sésame,1.11,Argilo-sableux,Pluie seule,Mixte,25.9,1.09,23.5,,32.2,403.3,447.7,610,273.0,20.1,252.9,Route bitumée,11.9,Aucun,Non,Oui,9.0,1
464,2024,Saison des pluies,Mayo-Kani,Touloum,Femme,30.0,Coranique,Marié(e),9,2,14,Mil,1.54,Argileux,Pluie seule,Pluvial pur,90.0,1.2,25.3,829.5,37.7,860.1,1324.6,259,343.0,46.6,296.4,Route bitumée,4.9,IRAD,Non,Oui,8.0,3
465,2021,Saison des pluies,Mayo-Kani,Guidiguis,Homme,63.0,Aucun,Marié(e),12,1,20,Niébé,1.03,Sableux,Pluie + retenue,Mixte,13.8,0.0,1.0,609.6,34.1,623.9,642.6,392,252.0,5.8,246.2,Sentier,16.0,Aucun,Non,Non,2.0,1
466,2021,Saison sèche,Mayo-Sava,Mora,Homme,54.0,Aucun,Marié(e),5,3,29,Arachide,,Limoneux,Pluie seule,Pluvial pur,13.4,2.3,15.2,141.5,39.6,777.1,512.9,383,196.0,15.7,180.3,Sentier,16.4,WFP,Non,Oui,3.0,4
467,2021,Saison des pluies,Mayo-Sava,Mora,Homme,30.0,Primaire,Célibataire,7,3,10,Sorgho,2.06,Sableux,Irrigation gravitaire,Pluvial pur,,0.0,6.1,535.1,38.0,370.3,762.8,221,169.0,1.8,167.2,Route bitumée,0.7,Aucun,Non,Non,9.0,3
468,2023,Saison sèche,Mayo-Sava,Kolofata,Femme,,Coranique,Marié(e),3,3,11,Mil,0.45,Argileux,Pluie seule,Décrue,3.5,0.76,33.1,320.3,36.7,362.1,162.9,192,31.0,13.2,,Route bitumée,19.3,FAO,Non,Oui,3.0,5
469,2022,Saison des pluies,Diamaré,Maroua I,Femme,56.0,Aucun,Marié(e),7,1,21,Maïs,0.32,Argileux,Pluie seule,Mixte,13.4,0.61,19.2,968.8,35.6,1467.2,469.5,206,97.0,12.6,84.4,Route bitumée,8.2,CARE,Oui,Non,4.0,1
470,2021,Saison sèche,Logone-et-Chari,Kousseri,Homme,28.0,Secondaire,Marié(e),7,5,12,Mil,1.77,Hardé,Pluie seule,Pluvial pur,54.6,0.0,30.4,249.4,39.0,456.2,807.5,263,212.0,31.0,181.0,Sentier,5.6,ONG locale,Oui,Oui,7.0,5
471,2022,Saison sèche,Mayo-Kani,Kaélé,Homme,48.0,Primaire,Marié(e),3,3,9,Sorgho,1.14,Argilo-sableux,Pluie seule,Pluvial pur,19.0,2.74,14.0,313.0,35.5,,678.8,246,167.0,18.7,148.3,Piste,4.8,CARE,Non,Non,4.0,5
472,2021,Saison sèche,Mayo-Danay,Wina,Femme,63.0,Secondaire,Marié(e),11,1,12,Sésame,0.84,Argilo-sableux,Pluie seule,Pluvial pur,0.0,6.3,13.4,350.4,30.9,392.8,330.0,597,197.0,19.8,177.2,Route bitumée,10.3,Aucun,Oui,Oui,7.0,3
473,2021,Saison des pluies,Mayo-Sava,Kolofata,Homme,60.0,Secondaire,Marié(e),7,4,16,Sésame,,Argileux,Pluie + retenue,Mixte,,0.0,12.8,503.9,39.2,,440.0,632,278.0,3.8,274.2,Piste,8.7,SODECOTON,Non,Non,1.0,1
474,2022,Saison sèche,Diamaré,Bogo,Homme,40.0,Universitaire,Marié(e),1,1,14,Sorgho,1.57,Sableux,Pluie seule,Pluvial pur,226.8,3.92,15.1,492.7,36.0,956.2,1501.2,206,309.0,105.1,-9999.0,Piste,13.3,Aucun,Oui,Non,,2
475,2024,Saison sèche,Mayo-Kani,Moutourwa,Homme,53.0,Coranique,Marié(e),4,1,21,Maïs,1.2,Argileux,Pluie seule,Décrue,23.1,2.17,16.7,283.3,35.9,1271.8,1526.2,216,330.0,19.7,310.3,Voie navigable,18.5,Aucun,Oui,Oui,,3
476,2021,Saison sèche,Mayo-Sava,Tokombéré,Homme,67.0,Aucun,Marié(e),6,3,19,Sésame,1.4,Hardé,Irrigation gravitaire,Pluvial pur,11.7,1.56,15.8,155.1,35.4,394.7,552.6,643,355.0,13.3,341.7,Piste,13.1,IRAD,Non,Non,7.0,3
477,2023,Saison sèche,Mayo-Sava,Kolofata,Homme,31.0,Primaire,Marié(e),7,5,12,Sorgho,2.51,Argilo-sableux,Pluie seule,Pluvial pur,21.6,0.0,17.5,248.8,37.3,693.8,1741.4,224,390.0,13.9,376.1,Piste,7.7,Aucun,Non,Oui,7.0,1
478,2022,Saison des pluies,Logone-et-Chari,Kousseri,Femme,43.0,Coranique,Marié(e),7,1,16,Sorgho,500.0,Limoneux,Pluie seule,Pluvial pur,5.8,0.0,19.6,782.7,37.7,625.3,862.9,226,195.0,8.2,,Sentier,1.4,SODECOTON,Oui,Non,9.0,5
479,2022,Saison des pluies,Logone-et-Chari,Blangoua,Homme,57.0,Coranique,Marié(e),5,4,0,Maïs,0.44,Argilo-sableux,Irrigation gravitaire,Pluvial pur,0.0,8.82,18.3,731.2,37.8,1592.0,700.5,189,132.0,27.5,104.5,Route bitumée,2.6,Aucun,Non,Non,6.0,4
480,2022,Saison des pluies,Diamaré,Gazawa,Homme,,Coranique,Marié(e),2,1,16,Sorgho,1.99,Sableux,Pluie + retenue,Pluvial pur,38.8,4.04,7.7,,32.3,528.5,1051.7,231,243.0,27.9,215.1,Route bitumée,13.1,Aucun,Non,Oui,7.0,3
481,2023,Saison des pluies,Diamaré,Maroua III,Femme,42.0,Primaire,Marié(e),6,1,9,Arachide,0.86,Argilo-sableux,Pluie + retenue,Irrigué,19.0,5.43,13.5,,32.7,950.3,817.3,376,307.0,25.2,281.8,Piste,14.7,CARE,Oui,Non,4.0,2
482,2021,Saison sèche,Logone-et-Chari,Makary,Homme,38.0,Secondaire,Célibataire,4,3,22,Sorgho,1.71,Sableux,Pluie seule,Irrigué,17.7,2.7,7.7,227.6,38.0,506.7,866.5,185,160.0,16.1,143.9,Piste,9.6,Aucun,Non,Oui,6.0,1
483,2024,Saison des pluies,Mayo-Sava,Kolofata,Femme,22.0,Primaire,Marié(e),6,2,6,Sésame,2.75,Argileux,Pluie + retenue,Pluvial pur,0.0,3.32,20.2,947.8,34.3,549.8,1511.9,613,927.0,14.4,912.6,Piste,17.8,FAO,Non,Non,7.0,3
484,2021,Saison des pluies,Mayo-Sava,Tokombéré,Homme,39.0,Secondaire,Marié(e),4,3,19,Mil,1.1,Limoneux,Pluie + retenue,Décrue,28.1,0.57,21.2,696.9,35.3,915.5,1007.1,216,218.0,19.0,199.0,Piste,13.8,Aucun,Non,Oui,,3
485,2024,Saison sèche,Mayo-Kani,Mindif,Homme,70.0,Coranique,Marié(e),1,1,22,Mil,1.73,Limoneux,Pluie seule,Mixte,0.0,0.0,9.2,407.0,38.9,500.4,865.7,223,193.0,2.8,190.2,Piste,28.1,Aucun,Non,Oui,8.0,3
486,2023,Saison sèche,Mayo-Sava,Mora,Femme,45.0,Aucun,Célibataire,8,1,29,Sorgho,2.03,Hardé,Pluie seule,Mixte,55.4,0.0,8.2,150.1,35.1,419.0,850.6,211,179.0,24.6,154.4,Piste,3.9,IRAD,Non,Non,4.0,2
487,2021,Saison sèche,Mayo-Sava,Kolofata,Homme,20.0,Secondaire,Marié(e),4,1,4,Sésame,0.65,Argileux,Pluie seule,Pluvial pur,93.0,0.0,26.1,294.4,34.2,743.6,483.3,596,288.0,45.0,243.0,Piste,36.6,Aucun,Non,Non,8.0,1
488,2021,Saison sèche,Mayo-Sava,Kolofata,Homme,51.0,Primaire,Marié(e),5,2,24,Niébé,0.75,Limoneux,Pompe solaire,Pluvial pur,20.4,1.56,11.9,180.4,36.2,1149.1,861.8,402,346.0,15.6,330.4,Route bitumée,0.6,Aucun,Non,Oui,8.0,3
489,2022,Saison sèche,Mayo-Kani,Moutourwa,Homme,47.0,Primaire,Célibataire,7,2,11,Sorgho,1.06,Sableux,Irrigation gravitaire,Mixte,19.0,0.0,13.2,240.1,33.6,824.1,873.5,201,176.0,11.6,,Piste,8.9,Aucun,Non,Non,7.0,2
490,2023,Saison sèche,Mayo-Sava,Mora,Homme,41.0,Aucun,Marié(e),2,2,13,Niébé,0.85,Argilo-sableux,Pluie seule,Pluvial pur,87.4,5.03,29.5,272.0,37.3,807.9,686.7,435,299.0,56.4,242.6,Voie navigable,6.8,ONG locale,Non,Non,2.0,1
491,2023,Saison sèche,Mayo-Kani,Moutourwa,Homme,37.0,Primaire,Marié(e),2,2,17,Mil,1.29,Argileux,Pluie seule,Décrue,0.0,0.96,14.7,377.3,36.2,477.8,616.4,257,158.0,6.8,151.2,Sentier,7.6,SODECOTON,Oui,Non,,3
492,2024,Saison sèche,Mayo-Sava,Kolofata,Homme,25.0,Aucun,Marié(e),5,4,9,Maïs,1.71,Limoneux,Pluie + retenue,Pluvial pur,50.3,0.0,3.4,267.6,37.6,1572.9,2689.7,208,559.0,21.1,537.9,Piste,21.3,IRAD,Non,Oui,2.0,2
493,2022,Saison des pluies,Mayo-Sava,Waza,Homme,54.0,Secondaire,Marié(e),10,1,8,Niébé,2.48,Sableux,Pluie seule,Pluvial pur,58.9,0.0,14.6,655.5,37.0,890.9,2209.4,410,906.0,27.9,878.1,Sentier,3.1,ONG locale,Non,Oui,,4
494,2024,Saison des pluies,Diamaré,Maroua III,Homme,24.0,Aucun,Marié(e),5,2,8,Sésame,1.16,Limoneux,Pluie seule,Mixte,,0.06,16.8,1041.3,33.0,505.2,586.0,610,357.0,9.6,347.4,Sentier,38.4,CARE,Non,Non,1.0,4
495,2022,Saison des pluies,Diamaré,Mémé,Homme,57.0,Aucun,Célibataire,8,1,11,Mil,2.07,Argilo-sableux,Irrigation gravitaire,Pluvial pur,,3.49,16.4,974.7,33.9,755.5,1563.9,242,378.0,31.7,,Piste,3.7,IRAD,Oui,Oui,9.0,1
496,2024,Saison sèche,Mayo-Sava,Waza,Homme,52.0,Aucun,Marié(e),1,1,10,Mil,2.97,Argileux,Pluie seule,Mixte,49.3,6.61,15.2,370.1,37.3,748.6,2223.3,203,451.0,40.8,410.2,Piste,5.3,ONG locale,Oui,Non,1.0,5
497,2023,Saison sèche,Logone-et-Chari,Hilé-Alifa,Homme,,Aucun,Célibataire,8,1,4,Sorgho,,Argileux,Pompe solaire,Pluvial pur,1.8,0.59,21.4,223.0,35.7,930.5,1935.4,170,329.0,8.6,320.4,Sentier,3.2,IRAD,Non,Oui,5.0,3
498,2021,Saison des pluies,Mayo-Kani,Guidiguis,Homme,40.0,Aucun,Célibataire,5,3,24,Maïs,0.99,Limoneux,Pluie + retenue,Pluvial pur,0.0,1.8,20.1,742.2,35.2,1774.1,1756.4,183,321.0,10.5,310.5,Sentier,5.4,FAO,Oui,Non,3.0,1
499,2022,Saison des pluies,Diamaré,Maroua III,Homme,40.0,Coranique,Marié(e),5,2,9,Coton,1.13,Limoneux,Irrigation gravitaire,Pluvial pur,0.0,0.0,9.4,892.4,34.4,1610.1,1819.4,272,495.0,2.8,492.2,Route bitumée,19.6,Aucun,Oui,Oui,1.0,3
500,2023,Saison sèche,Mayo-Danay,Wina,Homme,45.0,Aucun,Marié(e),3,3,5,Mil,2.08,Argileux,Pluie seule,Pluvial pur,19.6,1.49,15.0,324.0,32.7,545.7,1135.1,244,277.0,16.1,260.9,Route bitumée,11.5,Aucun,Oui,Non,,2
501,2022,Saison sèche,Logone-et-Chari,Goulfey,Homme,48.0,Aucun,Marié(e),8,4,7,Sésame,,Argileux,Pluie seule,Pluvial pur,62.1,0.92,13.9,376.4,37.2,429.4,1159.4,599,694.0,31.3,662.7,Piste,10.3,WFP,Non,Oui,8.0,2
502,2024,Saison des pluies,Diamaré,Gazawa,Homme,50.0,Aucun,Marié(e),6,3,15,Arachide,3.14,Sableux,Pompe solaire,Irrigué,31.5,0.0,8.6,831.6,33.6,947.7,2975.8,374,1113.0,15.2,1097.8,Sentier,2.3,FAO,Oui,Oui,6.0,2
503,2024,Saison des pluies,Mayo-Kani,Guidiguis,Homme,21.0,Secondaire,Marié(e),9,1,5,Mil,2.01,Sableux,Pluie + retenue,Pluvial pur,0.0,1.58,11.6,914.7,34.8,649.0,1304.5,270,352.0,7.4,344.6,Sentier,3.2,FAO,Non,Non,8.0,1
504,2021,Saison sèche,Diamaré,Maroua III,Homme,37.0,Universitaire,Marié(e),8,2,16,Sorgho,1.48,Argileux,Irrigation gravitaire,Décrue,33.9,0.0,9.7,331.7,32.9,1059.6,1568.2,245,384.0,16.5,367.5,Piste,3.3,Aucun,Non,Oui,4.0,1
505,2022,Saison sèche,Mayo-Kani,Mindif,Homme,19.0,Coranique,Marié(e),9,2,3,Maïs,,Sableux,Pluie seule,Pluvial pur,82.4,0.0,11.0,295.8,32.4,1638.5,1704.0,226,385.0,36.3,,Sentier,15.1,Aucun,Non,Oui,3.0,4
506,2021,Saison sèche,Logone-et-Chari,Hilé-Alifa,Homme,22.0,Universitaire,Célibataire,5,4,6,Coton,2.49,Argileux,Marigot,Irrigué,27.5,1.04,1.0,,36.1,1710.6,4259.4,277,1180.0,13.9,1166.1,Voie navigable,15.5,Aucun,Oui,Non,,4
507,2023,Saison des pluies,Logone-et-Chari,Makary,Homme,200.0,Primaire,Marié(e),10,1,4,Mil,4.97,Argileux,Pluie seule,Pluvial pur,0.0,4.61,14.2,590.5,35.7,575.9,2862.2,230,658.0,15.8,642.2,Piste,11.5,IRAD,Oui,Oui,7.0,3
508,2024,Saison des pluies,Mayo-Kani,Mindif,Femme,41.0,Aucun,Marié(e),7,3,23,Mil,0.96,Argileux,Pluie seule,Pluvial pur,9.4,0.0,20.3,942.8,32.1,539.8,518.2,249,129.0,9.8,,Route bitumée,21.3,IRAD,Non,Oui,7.0,1
509,2023,Saison sèche,Logone-et-Chari,Kousseri,Homme,55.0,Secondaire,Célibataire,1,1,24,Mil,0.73,Argileux,Pluie seule,Pluvial pur,,0.0,27.3,263.9,36.4,877.0,640.2,261,167.0,58.0,109.0,Sentier,0.5,Aucun,Non,Oui,7.0,4
510,2021,Saison des pluies,Mayo-Kani,Touloum,Femme,47.0,Aucun,Célibataire,4,2,18,Niébé,0.83,Argilo-sableux,Pluie seule,Pluvial pur,3.5,4.88,10.9,749.5,35.0,609.8,506.1,431,218.0,16.9,201.1,Sentier,12.1,Aucun,Non,Non,1.0,3
511,2024,Saison des pluies,Mayo-Kani,Mindif,Homme,35.0,Aucun,Marié(e),5,5,13,Sorgho,1.88,Limoneux,Pluie seule,Mixte,0.0,0.0,26.6,956.2,36.3,635.4,1194.6,216,258.0,8.0,,Sentier,4.4,Aucun,Non,Oui,2.0,1
512,2024,Saison sèche,Mayo-Danay,Kalfou,Femme,43.0,Aucun,Marié(e),3,3,20,Maïs,0.67,Limoneux,Marigot,Mixte,8.5,0.0,12.5,357.9,33.2,1876.6,1257.3,194,244.0,7.2,236.8,Sentier,9.7,Aucun,Non,Non,4.0,2
513,2022,Saison sèche,Mayo-Sava,Tokombéré,Homme,25.0,Coranique,Marié(e),4,3,8,Sorgho,1.15,Argileux,Irrigation gravitaire,Pluvial pur,0.0,0.59,15.2,215.4,38.1,816.0,938.4,226,212.0,6.0,206.0,Sentier,23.2,ONG locale,Non,Non,,1
514,2024,Saison des pluies,Diamaré,Gazawa,Homme,34.0,Secondaire,Marié(e),10,2,18,Mil,1.95,Argilo-sableux,Irrigation gravitaire,Mixte,19.0,0.0,22.9,,34.1,731.0,1425.5,195,278.0,14.5,,Piste,28.6,SODECOTON,Oui,Non,,3
515,2021,Saison des pluies,Diamaré,Bogo,Femme,40.0,Secondaire,Marié(e),9,2,0,Niébé,2.64,Limoneux,Marigot,Mixte,,2.85,16.7,777.5,31.8,1158.2,3057.6,375,1147.0,24.7,1122.3,Sentier,12.9,Aucun,Non,Non,2.0,3
516,2024,Saison sèche,Mayo-Kani,Touloum,Homme,36.0,Coranique,Célibataire,9,1,9,Niébé,2.23,Argileux,Irrigation gravitaire,Décrue,69.1,0.38,2.4,301.9,35.9,1290.2,2877.1,415,1194.0,29.3,1164.7,Route bitumée,14.8,SODECOTON,Non,Non,6.0,3
517,2022,Saison sèche,Logone-et-Chari,Kousseri,Homme,48.0,Secondaire,Marié(e),5,2,0,Sorgho,,Sableux,Pluie seule,Mixte,0.0,0.0,7.5,389.5,36.0,,956.5,205,196.0,2.2,193.8,Sentier,1.9,FAO,Non,Non,8.0,4
518,2024,Saison sèche,Mayo-Sava,Tokombéré,Homme,45.0,Coranique,Marié(e),2,1,23,Sorgho,1.98,Argilo-sableux,Pompe solaire,Pluvial pur,92.7,0.66,14.2,228.6,37.6,1056.1,2091.1,198,414.0,43.0,371.0,Sentier,27.1,Aucun,Non,Oui,3.0,5
519,2023,Saison des pluies,Mayo-Sava,Méri,Femme,34.0,Universitaire,Marié(e),11,2,16,Maïs,1.29,Sableux,Pompe solaire,Pluvial pur,61.6,0.29,22.7,711.8,38.7,,3430.6,200,686.0,32.2,653.8,Sentier,1.8,CARE,Non,Oui,8.0,4
520,2024,Saison des pluies,Mayo-Sava,Méri,Homme,41.0,Primaire,Marié(e),9,1,3,Maïs,0.57,Limoneux,Pompe solaire,Pluvial pur,0.0,1.19,21.1,866.9,36.4,1964.1,1119.5,229,256.0,9.3,246.7,Route bitumée,17.3,Aucun,Non,Oui,3.0,4
521,2023,Saison sèche,Logone-et-Chari,Kousseri,Homme,57.0,Universitaire,Marié(e),2,2,7,Maïs,2.15,Argileux,Pluie seule,Mixte,0.0,1.0,20.9,233.1,36.5,1891.9,4067.6,208,846.0,8.8,837.2,Piste,13.7,Aucun,Non,Non,5.0,2
522,2022,Saison des pluies,Logone-et-Chari,Kousseri,Femme,43.0,Coranique,Marié(e),7,1,16,Sorgho,500.0,Limoneux,Pluie seule,Pluvial pur,5.8,0.0,19.6,782.7,37.7,625.3,862.9,226,195.0,8.2,,Sentier,1.4,SODECOTON,Oui,Non,9.0,5
523,2021,Saison des pluies,Logone-et-Chari,Hilé-Alifa,Femme,44.0,Coranique,Marié(e),12,2,20,Sorgho,0.8,Argileux,Irrigation gravitaire,Pluvial pur,0.0,1.28,26.4,601.3,36.5,813.5,650.8,190,124.0,11.1,112.9,Piste,20.9,FAO,Non,Oui,4.0,4
524,2021,Saison sèche,Mayo-Sava,Kolofata,Homme,50.0,Aucun,Marié(e),8,5,13,Sorgho,0.2,Sableux,Pluie seule,Pluvial pur,27.8,0.0,2.4,145.6,37.3,386.9,77.4,182,14.0,11.8,2.2,Route bitumée,22.0,ONG locale,Non,Non,3.0,2
525,2023,Saison des pluies,Logone-et-Chari,Kousseri,Homme,43.0,Coranique,Marié(e),10,4,10,Sésame,2.35,Sableux,Pluie seule,Mixte,86.5,0.07,4.9,777.7,38.4,452.7,1063.8,624,664.0,36.2,627.8,Sentier,5.0,Aucun,Non,Non,,2
526,2023,Saison des pluies,Mayo-Danay,Yagoua,Homme,44.0,Primaire,Marié(e),7,4,19,Arachide,8.33,Argileux,Pluie + retenue,Pluvial pur,0.0,0.0,27.4,,30.1,,8812.3,325,2864.0,8.2,2855.8,Piste,8.7,Aucun,Oui,Oui,2.0,5
527,2022,Saison sèche,Mayo-Kani,Mindif,Homme,27.0,Primaire,Marié(e),8,4,11,Maïs,0.1,Argileux,Pluie seule,Pluvial pur,0.7,1.23,9.2,250.1,35.0,1250.8,125.1,188,24.0,6.1,17.9,Sentier,11.9,SODECOTON,Non,Non,7.0,1
528,2022,Saison sèche,Mayo-Sava,Méri,Homme,40.0,Aucun,Marié(e),9,1,17,Niébé,1.5,Argileux,Pluie + retenue,Pluvial pur,,3.05,18.2,382.2,37.3,964.9,1447.3,419,606.0,21.5,,Sentier,4.9,ONG locale,Non,Non,9.0,5
529,2022,Saison des pluies,Mayo-Kani,Mindif,Homme,61.0,Aucun,Marié(e),6,5,14,Arachide,0.71,Argileux,Irrigation gravitaire,Mixte,30.4,0.0,14.5,999.2,34.3,,902.6,384,347.0,16.5,330.5,Route bitumée,10.7,CARE,Oui,Oui,6.0,3
530,2024,Saison des pluies,Logone-et-Chari,Hilé-Alifa,Homme,39.0,Coranique,Marié(e),5,1,23,Sésame,0.49,Argilo-sableux,Pluie seule,Irrigué,6.9,3.41,15.9,814.5,35.2,503.6,246.8,582,144.0,16.1,127.9,Route bitumée,0.5,Aucun,Non,Oui,5.0,3
531,2022,Saison des pluies,Mayo-Danay,Kalfou,Homme,45.0,Secondaire,Marié(e),9,3,3,Niébé,0.86,Argilo-sableux,Pluie + retenue,Pluvial pur,153.1,0.0,5.7,982.5,36.6,1189.6,1023.1,432,442.0,63.0,379.0,Sentier,16.6,SODECOTON,Non,Non,2.0,3
532,2023,Saison sèche,Logone-et-Chari,Kousseri,Homme,46.0,Universitaire,Marié(e),8,1,9,Maïs,2.74,Argileux,Irrigation gravitaire,Mixte,18.6,0.0,14.4,308.5,38.3,3084.2,8450.7,197,1665.0,11.8,1653.2,Piste,2.8,SODECOTON,Non,Non,7.0,5
533,2023,Saison des pluies,Logone-et-Chari,Blangoua,Homme,46.0,Aucun,Marié(e),3,2,1,Mil,0.83,Argileux,Marigot,Mixte,0.0,0.89,18.6,678.5,39.2,,592.8,206,122.0,7.8,114.2,Sentier,6.3,WFP,Non,Non,5.0,4
534,2024,Saison des pluies,Logone-et-Chari,Hilé-Alifa,Femme,20.0,Aucun,Marié(e),6,3,4,Sésame,0.86,Sableux,Pluie + retenue,Pluvial pur,0.0,10.75,20.0,890.0,36.5,261.8,225.1,603,136.0,32.9,103.1,Route bitumée,12.7,CARE,Non,Non,3.0,5
535,2023,Saison des pluies,Logone-et-Chari,Makary,Homme,77.0,Primaire,Célibataire,10,2,12,Arachide,0.96,Limoneux,Pompe solaire,Mixte,16.1,1.16,16.7,816.4,33.7,1567.5,1504.8,342,515.0,14.4,500.6,Voie navigable,10.2,IRAD,Oui,Non,2.0,2
536,2022,Saison sèche,Mayo-Kani,Kaélé,Femme,49.0,Aucun,Marié(e),10,3,9,Sorgho,2.16,Sableux,Pluie seule,Pluvial pur,67.6,1.59,16.7,370.5,35.1,,1329.5,176,234.0,36.0,198.0,Piste,20.1,Aucun,Non,Oui,4.0,2
537,2023,Saison des pluies,Logone-et-Chari,Kousseri,Homme,35.0,Aucun,Célibataire,9,1,19,Sésame,0.6,Hardé,Pluie seule,Irrigué,17.2,9.0,16.5,699.7,35.2,164.8,98.9,587,58.0,34.3,23.7,Sentier,9.5,Aucun,Non,Non,2.0,1
538,2022,Saison des pluies,Mayo-Sava,Waza,Femme,-3.0,Aucun,Marié(e),11,1,12,Maïs,1.39,Sableux,Pluie + retenue,Pluvial pur,7.3,0.0,29.7,804.7,36.3,899.4,1250.2,187,234.0,11.8,222.2,Voie navigable,3.4,WFP,Non,Non,,5
539,2023,Saison sèche,Diamaré,Maroua III,Femme,,Secondaire,Marié(e),3,3,7,Maïs,0.53,Hardé,Irrigation gravitaire,Mixte,93.5,4.2,8.6,367.9,34.5,1683.9,892.5,169,151.0,50.5,100.5,Route bitumée,1.6,IRAD,Oui,Non,4.0,3
540,2021,Saison des pluies,Mayo-Kani,Guidiguis,Homme,23.0,Aucun,Veuf/Veuve,4,3,1,Mil,2.12,Sableux,Pluie seule,Mixte,,8.36,29.8,626.3,33.6,307.2,651.3,249,162.0,36.2,125.8,Sentier,11.0,Aucun,Non,Non,7.0,1
541,2022,Saison sèche,Mayo-Kani,Kaélé,Homme,38.0,Secondaire,Marié(e),7,1,9,Sorgho,1.0,Sableux,Pluie seule,Mixte,,0.78,16.6,294.5,38.2,891.7,891.7,225,201.0,34.2,,Route bitumée,8.2,Aucun,Non,Oui,1.0,2
542,2024,Saison des pluies,Logone-et-Chari,Goulfey,M,28.0,Secondaire,Marié(e),4,3,12,Mil,1.18,Limoneux,Irrigation gravitaire,Mixte,,0.0,4.0,787.7,35.7,786.0,927.5,196,182.0,2.7,179.3,Sentier,5.1,SODECOTON,Non,Non,9.0,5
543,2021,Saison des pluies,Mayo-Sava,Mora,Homme,,Primaire,Marié(e),6,1,14,Sorgho,0.81,Hardé,Pluie seule,Irrigué,0.0,0.0,28.6,618.1,36.4,315.6,255.6,171,44.0,8.6,35.4,Route bitumée,23.1,WFP,Oui,Non,6.0,2
544,2022,Saison des pluies,Logone-et-Chari,Makary,Homme,56.0,Aucun,Marié(e),8,1,0,Mil,1.05,Limoneux,Pluie seule,Pluvial pur,20.9,0.0,20.2,846.1,35.1,518.4,544.3,229,125.0,14.4,110.6,Sentier,2.7,Aucun,Non,Non,2.0,1
545,2022,Saison sèche,Logone-et-Chari,Blangoua,Homme,61.0,Secondaire,Veuf/Veuve,5,3,2,Maïs,1.25,Sableux,Pluie seule,Pluvial pur,13.5,0.0,10.6,388.1,35.1,1583.3,1979.1,178,352.0,8.6,343.4,Sentier,2.0,WFP,Non,Non,2.0,1
546,2021,Saison des pluies,Logone-et-Chari,Makary,Homme,49.0,Coranique,Marié(e),8,5,5,Mil,0.91,Argilo-sableux,Pluie seule,Pluvial pur,0.0,0.0,19.5,616.6,34.2,369.7,336.4,218,73.0,5.8,67.2,Piste,15.4,IRAD,Oui,Oui,6.0,2
547,2024,Saison des pluies,Mayo-Kani,Touloum,Homme,41.0,Secondaire,Marié(e),7,2,13,Arachide,2.45,Hardé,Pluie + retenue,Mixte,5.7,2.39,31.1,886.5,34.8,500.7,1226.7,377,462.0,17.6,444.4,Piste,25.1,Aucun,Non,Non,8.0,4
548,2023,Saison sèche,Mayo-Danay,Guirvidig,Femme,68.0,Aucun,Marié(e),5,3,27,Maïs,1.41,Sableux,Pluie + retenue,Pluvial pur,0.0,0.0,3.2,293.5,31.7,,1380.5,155,214.0,1.0,213.0,Sentier,20.5,Aucun,Non,Non,3.0,5
549,2021,Saison sèche,Mayo-Sava,Waza,Homme,57.0,Aucun,Marié(e),8,3,25,Maïs,1.75,Limoneux,Irrigation gravitaire,Irrigué,0.0,0.0,12.9,143.8,36.5,2027.6,3548.3,202,717.0,3.9,713.1,Piste,23.6,CARE,Non,Non,7.0,3
550,2024,Saison des pluies,Mayo-Kani,Moutourwa,Homme,46.0,Aucun,Marié(e),4,4,11,Sorgho,1.96,Argileux,Pluie + retenue,Pluvial pur,24.5,0.33,3.8,936.0,34.0,669.8,1312.8,230,302.0,11.8,290.2,Piste,8.2,ONG locale,Non,Non,8.0,3
551,2024,Saison des pluies,Mayo-Kani,Kaélé,Femme,54.0,Primaire,Marié(e),10,3,9,Niébé,1.4,Limoneux,Irrigation gravitaire,Pluvial pur,,0.82,5.8,991.4,35.5,,1368.2,441,603.0,9.4,593.6,Voie navigable,41.8,Aucun,Non,Oui,2.0,4
552,2021,Saison des pluies,Mayo-Danay,Wina,Femme,28.0,Coranique,Célibataire,4,1,12,Arachide,1.04,Sableux,Pluie + retenue,Décrue,0.0,4.5,19.6,822.5,34.0,900.1,936.1,333,312.0,17.1,294.9,Route bitumée,0.5,ONG locale,Non,Non,3.0,3
553,2023,Saison des pluies,Diamaré,Gazawa,Homme,30.0,Aucun,Marié(e),8,3,14,Maïs,1.43,Sableux,Pluie seule,Pluvial pur,135.0,1.2,8.2,854.1,34.8,1836.6,2626.3,225,591.0,59.5,531.5,Sentier,12.3,Aucun,Non,Oui,7.0,5
554,2021,Saison sèche,Mayo-Sava,Méri,Homme,45.0,Aucun,Marié(e),8,1,2,Sorgho,3.39,Sableux,Irrigation gravitaire,Pluvial pur,0.0,2.64,9.4,,36.8,785.5,2662.8,189,503.0,9.4,493.6,Sentier,11.4,WFP,Non,Non,3.0,3
555,2024,Saison des pluies,Mayo-Kani,Moutourwa,Homme,60.0,Secondaire,Veuf/Veuve,5,4,0,Sorgho,0.48,Argilo-sableux,Pluie + retenue,Mixte,19.3,2.52,11.8,,34.8,874.8,419.9,241,101.0,17.6,,Piste,21.4,CARE,Oui,Oui,5.0,3
556,2024,Saison sèche,Logone-et-Chari,Hilé-Alifa,Homme,39.0,Aucun,Marié(e),8,3,15,Maïs,0.62,Argileux,Irrigation gravitaire,Pluvial pur,,3.27,19.9,305.5,36.2,2689.5,1667.5,152,253.0,46.2,206.8,Sentier,12.4,FAO,Non,Non,,1
557,2021,Saison sèche,Mayo-Danay,Yagoua,Homme,41.0,Universitaire,Marié(e),4,1,18,Niébé,1.54,Argileux,Pluie seule,Pluvial pur,71.1,0.0,6.4,348.4,33.9,1155.2,1779.0,433,770.0,30.4,739.6,Route bitumée,1.4,Aucun,Non,Non,2.0,1
558,2022,Saison des pluies,Mayo-Danay,Tchatibali,Homme,36.0,Coranique,Marié(e),2,2,2,Sorgho,7.46,Hardé,Pluie seule,Irrigué,64.2,0.0,15.2,951.5,33.9,335.7,2504.3,236,591.0,30.2,560.8,Piste,30.9,SODECOTON,Oui,Non,9.0,5
559,2024,Saison des pluies,Mayo-Danay,Yagoua,Homme,31.0,Secondaire,Marié(e),9,4,9,Mil,2.87,Limoneux,Marigot,Décrue,60.8,0.84,10.2,1187.1,32.1,932.4,2676.0,242,648.0,29.5,618.5,Sentier,6.2,Aucun,Oui,Oui,7.0,3
560,2023,Saison sèche,Diamaré,Mémé,Homme,25.0,Universitaire,Marié(e),10,3,4,Maïs,1.79,Sableux,Pluie + retenue,Pluvial pur,9.1,0.9,29.2,389.1,31.7,1621.1,2901.8,205,595.0,14.7,580.3,Route bitumée,17.8,Aucun,Non,Non,2.0,5
561,2024,Saison des pluies,Mayo-Danay,Guirvidig,Femme,39.0,Aucun,Marié(e),6,2,13,Arachide,0.27,Sableux,Marigot,Mixte,15.4,0.0,13.4,1121.8,35.1,,84.2,330,28.0,10.2,17.8,Voie navigable,20.7,Aucun,Non,Oui,,5
562,2023,Saison des pluies,Mayo-Sava,Méri,Homme,,Secondaire,Célibataire,7,2,14,Maïs,1.43,Limoneux,Irrigation gravitaire,Irrigué,67.7,0.0,12.0,590.8,35.5,2959.5,4232.1,165,698.0,30.7,667.3,Sentier,6.0,SODECOTON,Oui,Non,5.0,2
563,2024,Saison des pluies,Logone-et-Chari,Makary,Femme,66.0,Coranique,Marié(e),6,2,20,Coton,0.0,Sableux,Marigot,Pluvial pur,22.1,0.0,15.9,915.0,37.7,957.1,12614.6,253,3191.0,13.6,3177.4,Sentier,1.7,SODECOTON,Non,Oui,4.0,4
564,2021,Saison sèche,Mayo-Kani,Guidiguis,Homme,,Aucun,Célibataire,4,4,26,Niébé,0.34,Limoneux,Pluie + retenue,Décrue,21.3,2.35,3.6,,35.0,960.5,326.6,401,131.0,15.5,115.5,Sentier,18.5,Aucun,Non,Oui,8.0,1
565,2024,Saison des pluies,Logone-et-Chari,Kousseri,Homme,37.0,Primaire,Marié(e),7,2,21,Mil,1.64,Hardé,Marigot,Pluvial pur,0.0,5.29,18.5,906.4,35.8,260.5,427.2,223,95.0,18.8,76.2,Voie navigable,0.8,ONG locale,Non,Non,7.0,4
566,2021,Saison sèche,Diamaré,Mémé,Femme,30.0,Secondaire,Marié(e),6,6,14,Sésame,0.81,Sableux,Pluie seule,Pluvial pur,30.8,1.28,13.9,373.7,32.8,,258.3,621,160.0,19.7,140.3,Piste,1.8,Aucun,Non,Non,6.0,1
567,2021,Saison des pluies,Mayo-Kani,Guidiguis,Femme,28.0,Aucun,Veuf/Veuve,8,4,12,Niébé,0.76,Sableux,Pluie seule,Mixte,4.9,3.83,21.4,660.5,35.7,411.7,312.9,380,119.0,18.0,101.0,Piste,3.1,SODECOTON,Non,Non,4.0,4
568,2023,Saison sèche,Mayo-Danay,Kalfou,Femme,30.0,Aucun,Marié(e),7,1,12,Sorgho,0.84,Argilo-sableux,Irrigation gravitaire,Décrue,49.9,0.75,1.2,385.9,31.9,737.0,619.1,213,132.0,22.2,,Piste,19.0,ONG locale,Non,Oui,,5
569,2023,Saison sèche,Logone-et-Chari,Makary,Femme,40.0,Aucun,Célibataire,10,3,6,Sésame,0.95,Sableux,Irrigation gravitaire,Pluvial pur,0.0,0.13,11.5,263.1,33.2,437.7,415.8,638,265.0,3.8,261.2,Piste,13.1,Aucun,Non,Non,1.0,1
570,2022,Saison sèche,Logone-et-Chari,Hilé-Alifa,Homme,60.0,Aucun,Marié(e),2,2,16,Sésame,0.95,Sableux,Irrigation gravitaire,Mixte,12.2,0.67,15.8,385.5,36.9,370.4,351.9,611,215.0,11.3,203.7,Voie navigable,1.0,Aucun,Non,Oui,9.0,5
571,2024,Saison sèche,Logone-et-Chari,Hilé-Alifa,Homme,43.0,Primaire,Marié(e),9,2,10,Maïs,1.0,Hardé,Irrigation gravitaire,Pluvial pur,0.3,2.43,12.9,166.3,36.6,1150.0,1150.0,158,182.0,10.1,171.9,Piste,2.4,ONG locale,Non,Non,6.0,2
572,2022,Saison des pluies,Logone-et-Chari,Kousseri,Homme,33.0,Coranique,Marié(e),4,3,12,Mil,5.81,Hardé,Irrigation gravitaire,Mixte,0.0,2.03,8.1,,36.8,,1575.7,248,391.0,7.5,383.5,Piste,8.3,Aucun,Non,Non,7.0,5
573,2022,Saison sèche,Mayo-Kani,Kaélé,Homme,46.0,Universitaire,Marié(e),1,1,11,Arachide,2.49,Argileux,Pluie seule,Pluvial pur,,0.0,9.8,335.2,37.2,1348.9,3358.8,378,1270.0,19.9,,Piste,6.5,Aucun,Oui,Oui,6.0,1
574,2024,Saison des pluies,Mayo-Danay,Tchatibali,Homme,26.0,Secondaire,Marié(e),6,1,10,Mil,1.45,Argilo-sableux,Marigot,Irrigué,7.6,0.0,20.8,969.8,31.6,569.6,825.9,209,173.0,9.3,163.7,Route bitumée,3.2,SODECOTON,Non,Oui,4.0,3
575,2022,Saison des pluies,Mayo-Danay,Wina,Homme,38.0,Coranique,Marié(e),10,1,19,Sorgho,0.54,Sableux,Pluie + retenue,Irrigué,18.1,2.7,9.6,1051.4,32.5,638.5,344.8,183,63.0,16.9,46.1,Route bitumée,7.6,ONG locale,Non,Non,9.0,5
576,2024,Saison sèche,Diamaré,Bogo,Femme,48.0,Coranique,Marié(e),5,2,10,Sorgho,0.53,Hardé,Pluie seule,Mixte,7.1,1.59,21.0,388.8,34.4,177.8,94.2,170,16.0,13.1,2.9,Piste,3.4,WFP,Non,Oui,5.0,1
577,2023,Saison des pluies,Mayo-Kani,Moutourwa,Homme,33.0,Aucun,Marié(e),13,2,17,Maïs,0.35,Sableux,Pluie seule,Pluvial pur,53.3,7.19,3.4,864.5,35.0,1537.4,538.1,163,88.0,40.3,47.7,Route bitumée,16.5,Aucun,Oui,Non,,3
578,2024,Saison sèche,Diamaré,Maroua I,Femme,46.0,Aucun,Célibataire,4,1,15,Mil,1.52,Argileux,Irrigation gravitaire,Mixte,,0.0,32.7,339.7,32.1,1007.2,1530.9,203,311.0,52.1,258.9,Sentier,44.9,SODECOTON,Oui,Non,3.0,3
579,2022,Saison sèche,Mayo-Danay,Guirvidig,Homme,26.0,Coranique,Marié(e),5,3,10,Sorgho,3.27,Argileux,Pompe solaire,Pluvial pur,0.0,1.58,18.3,355.5,34.0,712.5,2329.9,182,424.0,9.4,414.6,Piste,25.1,ONG locale,Oui,Non,9.0,2
580,2023,Saison sèche,Mayo-Sava,Mora,Homme,27.0,Aucun,Marié(e),3,1,11,Maïs,1.73,Sableux,Pluie seule,Pluvial pur,26.8,15.27,17.3,315.2,39.9,1343.4,2324.1,203,472.0,54.1,417.9,Route bitumée,6.0,Aucun,Non,Non,8.0,1
581,2021,Saison des pluies,Mayo-Danay,Yagoua,Homme,18.0,Universitaire,Veuf/Veuve,12,3,2,Sorgho,0.97,Limoneux,Marigot,Pluvial pur,9.2,3.13,21.9,782.6,31.0,823.1,798.4,196,156.0,18.1,137.9,Voie navigable,7.0,Aucun,Non,Non,,3
582,2022,Saison des pluies,Mayo-Kani,Guidiguis,Homme,53.0,Coranique,Marié(e),8,4,15,Arachide,0.85,Limoneux,Pluie + retenue,Irrigué,13.2,0.0,8.5,933.3,36.1,838.8,713.0,400,285.0,7.8,277.2,Sentier,10.5,ONG locale,Oui,Oui,,2
583,2023,Saison des pluies,Logone-et-Chari,Makary,Homme,48.0,Primaire,Marié(e),8,4,16,Sorgho,0.54,Sableux,Pluie + retenue,Décrue,77.4,0.0,10.4,729.2,37.3,710.2,383.5,244,94.0,34.1,59.9,Voie navigable,1.0,FAO,Non,Oui,,5
584,2024,Saison des pluies,Mayo-Danay,Yagoua,Femme,41.0,Aucun,Célibataire,13,2,7,Arachide,3.58,Argileux,Irrigation gravitaire,Pluvial pur,47.7,7.43,19.7,,35.0,1423.7,5096.8,330,1682.0,43.6,1638.4,Piste,5.2,ONG locale,Non,Non,4.0,5
585,2023,Saison sèche,Mayo-Kani,Guidiguis,Homme,58.0,Aucun,Marié(e),1,1,17,Sorgho,1.45,Limoneux,Pluie + retenue,Irrigué,0.0,0.0,13.6,407.0,34.7,653.5,947.6,240,227.0,4.1,222.9,Sentier,5.4,FAO,Non,Non,3.0,2
586,2022,Saison sèche,Diamaré,Maroua II,Homme,46.0,Aucun,Célibataire,8,5,14,Arachide,0.66,Limoneux,Pluie seule,Irrigué,15.2,0.0,2.0,312.5,33.9,,574.1,399,229.0,6.7,,Piste,12.0,Aucun,Non,Non,5.0,1
587,2024,Saison des pluies,Mayo-Danay,Wina,Femme,20.0,Aucun,Marié(e),7,2,4,Sorgho,1.82,Limoneux,Pluie seule,Pluvial pur,57.7,3.26,6.0,985.6,31.7,,1173.4,181,212.0,33.0,179.0,Route bitumée,16.6,SODECOTON,Non,Oui,1.0,5
588,2024,Saison des pluies,Mayo-Sava,Mora,Homme,53.0,Primaire,Marié(e),3,2,21,Niébé,1.63,Argilo-sableux,Pluie seule,Mixte,39.3,7.57,13.3,836.0,37.3,,1402.3,405,568.0,38.6,529.4,Route bitumée,12.1,CARE,Oui,Non,7.0,4
589,2021,Saison sèche,Diamaré,Maroua II,Homme,35.0,Secondaire,Marié(e),11,5,15,Sorgho,0.84,Limoneux,Pluie seule,Mixte,78.1,0.0,12.0,313.2,35.2,,680.9,183,125.0,34.8,90.2,Sentier,48.0,SODECOTON,Non,Non,7.0,5
590,2021,Saison sèche,Mayo-Danay,Yagoua,Homme,38.0,Primaire,Marié(e),6,3,12,Sorgho,1.55,Limoneux,Pluie seule,Pluvial pur,0.0,0.81,21.5,191.8,31.8,457.8,709.6,215,153.0,8.5,144.5,Sentier,2.4,Aucun,Non,Non,9.0,1
591,2023,Saison des pluies,Logone-et-Chari,Hilé-Alifa,Femme,36.0,Primaire,Célibataire,4,1,17,Mil,2.36,Argileux,Pompe solaire,Pluvial pur,0.0,0.0,37.3,775.2,34.2,781.4,1844.1,215,396.0,11.2,384.8,Sentier,1.3,CARE,Non,Oui,6.0,2
592,2021,Saison des pluies,Logone-et-Chari,Makary,Femme,,Secondaire,Marié(e),2,2,0,Maïs,0.36,Argileux,Pluie seule,Mixte,22.6,0.0,6.2,641.1,36.4,1814.6,653.3,215,140.0,10.9,129.1,Sentier,17.8,WFP,Oui,Non,2.0,1
593,2022,Saison des pluies,Mayo-Sava,Tokombéré,Homme,19.0,Primaire,Marié(e),6,4,3,Mil,0.51,Limoneux,Marigot,Irrigué,146.2,0.31,10.2,831.3,36.9,712.6,363.4,233,85.0,62.3,,Voie navigable,2.3,ONG locale,Non,Oui,5.0,4
594,2023,Saison sèche,Mayo-Sava,Tokombéré,Femme,30.0,Secondaire,Marié(e),14,2,10,Sorgho,1.64,Argileux,Pluie + retenue,Décrue,147.2,1.73,12.7,255.1,37.9,1089.2,1786.3,181,323.0,67.0,256.0,Sentier,30.0,Aucun,Non,Non,2.0,1
595,2022,Saison des pluies,Diamaré,Gazawa,Femme,38.0,Primaire,Marié(e),2,2,18,Mil,0.53,Argileux,Pluie seule,Pluvial pur,0.0,7.17,20.4,973.9,33.2,511.5,271.1,250,68.0,24.0,44.0,Voie navigable,10.1,Aucun,Non,Oui,,2
596,2024,Saison sèche,Mayo-Danay,Guirvidig,Femme,59.0,Primaire,Marié(e),4,2,10,Mil,0.49,Limoneux,Irrigation gravitaire,Irrigué,8.0,14.8,16.0,372.6,33.2,832.6,408.0,227,93.0,45.0,,Sentier,3.6,Aucun,Oui,Non,4.0,3
597,2023,Saison sèche,Mayo-Sava,Mora,Homme,37.0,Aucun,Marié(e),7,2,2,Niébé,500.0,Sableux,Marigot,Irrigué,26.1,0.0,14.3,243.5,36.5,715.1,493.4,386,190.0,14.7,175.3,Piste,3.8,Aucun,Oui,Non,8.0,3
598,2023,Saison sèche,Diamaré,Maroua III,Femme,68.0,Primaire,Célibataire,5,3,24,Sorgho,2.97,Sableux,Pluie seule,Décrue,0.0,5.52,3.9,,36.9,387.7,1151.5,228,263.0,15.0,248.0,Route bitumée,39.4,Aucun,Non,Non,5.0,2
599,2021,Saison sèche,Mayo-Danay,Yagoua,Homme,,Coranique,Marié(e),8,1,19,Niébé,0.19,Argileux,Pompe solaire,Pluvial pur,,0.0,8.5,317.3,31.8,1536.4,291.9,443,129.0,61.9,67.1,Voie navigable,15.1,SODECOTON,Non,Non,9.0,2
600,2022,Saison sèche,Mayo-Danay,Yagoua,Femme,47.0,Secondaire,Marié(e),5,5,11,Maïs,0.76,Argileux,Pluie seule,Pluvial pur,21.6,0.0,13.6,355.5,35.7,1805.3,1372.0,202,277.0,12.7,264.3,Voie navigable,3.8,WFP,Oui,Oui,7.0,4
601,2024,Saison sèche,Logone-et-Chari,Kousseri,Homme,42.0,Aucun,Marié(e),12,4,1,Sorgho,1.58,Argileux,Pompe solaire,Mixte,,0.0,18.0,353.3,34.5,1027.4,1623.3,199,323.0,5.4,317.6,Piste,46.6,SODECOTON,Non,Non,9.0,3
602,2024,Saison sèche,Mayo-Kani,Guidiguis,Homme,40.0,Aucun,Marié(e),14,3,24,Niébé,1.1,Argilo-sableux,Pluie seule,Irrigué,47.8,0.0,17.9,394.0,34.7,,624.4,384,240.0,24.5,215.5,Sentier,0.6,IRAD,Non,Non,9.0,2
603,2023,Saison sèche,Mayo-Kani,Kaélé,Homme,44.0,Secondaire,Marié(e),7,1,24,Arachide,0.65,Limoneux,Pluie seule,Pluvial pur,13.5,6.58,16.0,272.9,34.8,,498.4,339,169.0,26.7,142.3,Voie navigable,19.0,WFP,Oui,Non,1.0,1
604,2024,Saison des pluies,Logone-et-Chari,Kousseri,Homme,41.0,Universitaire,Marié(e),9,2,25,Mil,1.14,Sableux,Marigot,Décrue,0.0,2.76,20.2,826.5,35.4,,663.4,233,155.0,13.0,142.0,Voie navigable,19.2,WFP,Non,Oui,4.0,5
605,2023,Saison sèche,Diamaré,Maroua III,Femme,47.0,Secondaire,Marié(e),7,2,11,Coton,,Argilo-sableux,Pluie seule,Mixte,0.0,0.0,25.4,355.5,36.1,555.1,594.0,276,164.0,7.6,156.4,Piste,16.0,Aucun,Oui,Oui,4.0,3
606,2021,Saison des pluies,Diamaré,Bogo,Homme,,Universitaire,Marié(e),5,3,20,Coton,0.87,Sableux,Pluie + retenue,Pluvial pur,0.0,0.0,10.0,762.4,33.1,796.4,692.9,282,195.0,3.0,192.0,Sentier,12.8,WFP,Oui,Oui,6.0,1
607,2021,Saison des pluies,Mayo-Sava,Méri,Homme,33.0,Secondaire,Marié(e),5,2,8,Maïs,0.46,Argileux,Pluie seule,Mixte,14.1,1.39,8.4,542.9,37.9,1917.2,881.9,227,200.0,11.6,,Piste,2.1,Aucun,Non,Non,8.0,1
608,2024,Saison sèche,Mayo-Danay,Guirvidig,Homme,41.0,Aucun,Marié(e),5,1,21,Sorgho,0.43,Argileux,Pluie seule,Pluvial pur,7.3,2.68,23.5,344.1,34.7,555.0,238.7,197,47.0,16.7,30.3,Piste,8.6,SODECOTON,Oui,Oui,4.0,3
609,2023,Saison sèche,Logone-et-Chari,Kousseri,Femme,36.0,Aucun,Célibataire,5,3,13,Maïs,0.79,Argileux,Pluie + retenue,Pluvial pur,7.5,0.0,19.0,315.0,40.0,1944.5,1536.2,210,323.0,8.7,314.3,Sentier,7.4,Aucun,Non,Non,8.0,5
610,2024,Saison des pluies,Mayo-Sava,Tokombéré,Homme,55.0,Secondaire,Marié(e),10,2,20,Sorgho,0.5,Argileux,Pluie + retenue,Mixte,0.0,0.0,19.5,795.1,38.6,895.1,447.6,170,76.0,5.8,70.2,Piste,3.8,CARE,Non,Non,1.0,3
611,2022,Saison des pluies,Diamaré,Mémé,Femme,33.0,Coranique,Marié(e),4,4,12,Mil,0.7,Argileux,Pluie seule,Pluvial pur,0.0,1.67,27.4,895.6,35.5,520.7,364.5,205,75.0,12.4,62.6,Voie navigable,7.6,FAO,Oui,Non,4.0,5
612,2021,Saison sèche,Mayo-Kani,Moutourwa,Homme,47.0,Primaire,Marié(e),6,3,20,Arachide,1.68,Hardé,Marigot,Pluvial pur,0.0,0.0,5.2,363.9,35.0,585.1,983.0,340,334.0,1.6,332.4,Piste,5.0,WFP,Non,Non,5.0,5
613,2021,Saison sèche,Mayo-Kani,Moutourwa,Femme,44.0,Primaire,Marié(e),9,3,22,Maïs,0.4,Limoneux,Pluie seule,Irrigué,110.8,0.0,16.6,201.2,36.1,2300.9,920.4,228,210.0,49.3,160.7,Piste,37.0,ONG locale,Oui,Oui,3.0,5
614,2022,Saison sèche,Mayo-Sava,Waza,Homme,,Coranique,Marié(e),1,1,17,Sorgho,1.2,Argilo-sableux,Pluie + retenue,Décrue,46.0,0.58,16.9,335.6,39.2,742.2,890.6,206,183.0,24.9,,Route bitumée,7.6,Aucun,Non,Non,6.0,3
615,2024,Saison des pluies,Mayo-Danay,Kalfou,Femme,62.0,Aucun,Marié(e),6,4,12,Sésame,0.98,Sableux,Pluie seule,Mixte,35.3,0.0,1.0,1083.5,32.4,424.8,416.3,576,240.0,14.4,225.6,Sentier,4.8,Aucun,Oui,Oui,6.0,4
616,2023,Saison sèche,Mayo-Danay,Kalfou,Femme,35.0,Primaire,Célibataire,11,1,17,Sésame,0.61,Hardé,Irrigation gravitaire,Pluvial pur,0.0,1.93,9.9,375.8,31.0,374.8,228.6,620,142.0,7.8,134.2,Piste,1.9,IRAD,Oui,Oui,1.0,4
617,2024,Saison des pluies,Mayo-Kani,Moutourwa,Homme,37.0,Aucun,Marié(e),10,3,13,Arachide,2.43,Argileux,Pluie seule,Mixte,72.1,1.9,1.0,1054.8,35.5,1078.9,2621.7,383,1004.0,33.9,970.1,Piste,10.3,Aucun,Non,Non,5.0,4
618,2021,Saison sèche,Mayo-Kani,Touloum,Homme,51.0,Coranique,Célibataire,7,2,22,Mil,0.74,Sableux,Pluie seule,Irrigué,0.0,0.57,2.9,245.9,34.7,463.0,342.6,234,80.0,2.3,77.7,Sentier,3.0,CARE,Non,Non,2.0,2
619,2023,Saison sèche,Mayo-Kani,Mindif,M,30.0,Aucun,Marié(e),4,2,14,Maïs,2.76,Limoneux,Irrigation gravitaire,Pluvial pur,10.0,0.0,12.0,323.6,35.7,2204.4,6084.1,190,1156.0,7.6,1148.4,Sentier,45.8,Aucun,Non,Non,6.0,5
620,2021,Saison sèche,Diamaré,Maroua I,Homme,42.0,Primaire,Marié(e),9,2,15,Mil,0.52,Argileux,Pluie seule,Mixte,0.0,0.6,14.9,411.5,35.5,714.9,371.7,263,98.0,6.0,92.0,Piste,17.4,Aucun,Non,Non,5.0,2
621,2022,Sec,Mayo-Kani,Moutourwa,Homme,58.0,Coranique,Marié(e),3,2,12,Sorgho,1.6,Limoneux,Pluie seule,Irrigué,0.0,0.0,6.9,421.8,35.0,625.4,1000.6,208,208.0,2.1,205.9,Route bitumée,15.3,Aucun,Oui,Non,4.0,5
622,2024,Saison des pluies,Mayo-Sava,Waza,Homme,26.0,Primaire,Marié(e),5,2,10,Sorgho,0.72,Argileux,Pompe solaire,Mixte,0.0,0.0,17.8,739.5,38.4,,830.3,236,196.0,5.3,190.7,Sentier,3.6,Aucun,Oui,Non,3.0,4
623,2024,Saison des pluies,Mayo-Danay,Kalfou,Homme,42.0,Coranique,Marié(e),2,2,15,Maïs,1.51,Argileux,Pompe solaire,Pluvial pur,31.8,0.0,11.3,1097.6,34.3,2305.8,3481.8,196,682.0,16.1,665.9,Piste,27.4,FAO,Non,Non,1.0,2
624,2022,Saison des pluies,Mayo-Danay,Wina,Homme,31.0,Aucun,Marié(e),7,1,15,Sésame,0.41,Argileux,Pompe solaire,Mixte,57.9,0.55,19.4,898.0,31.6,709.5,290.9,597,174.0,30.4,143.6,Route bitumée,36.7,CARE,Non,Oui,3.0,5
625,2022,Saison des pluies,Mayo-Danay,Wina,Homme,24.0,Coranique,Marié(e),4,2,8,Sorgho,0.84,Sableux,Pluie seule,Mixte,49.2,0.0,20.2,936.6,34.8,416.3,349.7,211,74.0,25.7,48.3,Piste,4.1,IRAD,Oui,Non,3.0,2
626,2023,Saison des pluies,Mayo-Danay,Tchatibali,Homme,35.0,Aucun,Marié(e),9,1,19,Sorgho,1.44,Limoneux,Irrigation gravitaire,Pluvial pur,,0.0,7.3,884.0,31.4,647.3,932.1,172,160.0,3.5,156.5,Sentier,4.9,CARE,Non,Oui,3.0,1
627,2021,Saison des pluies,Mayo-Danay,Yagoua,Femme,30.0,Secondaire,Marié(e),11,2,3,Maïs,2.21,Argileux,Pluie seule,Pluvial pur,,3.58,9.6,,35.4,,5161.2,223,1151.0,23.0,1128.0,Sentier,36.7,Aucun,Non,Non,,3
628,2024,Saison sèche,Mayo-Sava,Tokombéré,Homme,22.0,Primaire,Marié(e),11,5,6,Mil,0.27,Argileux,Pluie seule,Décrue,5.5,0.0,7.4,403.7,40.6,592.4,159.9,251,40.0,4.4,35.6,Route bitumée,0.5,Aucun,Non,Oui,2.0,3
629,2021,Saison des pluies,Diamaré,Maroua III,Homme,55.0,Secondaire,Marié(e),7,1,6,Arachide,3.08,Argileux,Pluie + retenue,Décrue,0.0,0.0,3.1,713.8,33.8,1322.3,4072.7,389,1584.0,0.9,1583.1,Piste,16.0,Aucun,Non,Non,3.0,3
630,2024,Saison sèche,Diamaré,Maroua II,Homme,39.0,Coranique,Marié(e),2,2,3,Sésame,,Sableux,Pluie + retenue,Décrue,26.6,0.0,7.4,456.2,35.4,327.8,137.7,641,88.0,12.9,75.1,Piste,3.5,IRAD,Non,Oui,2.0,4
631,2021,Saison sèche,Mayo-Danay,Wina,Homme,47.0,Secondaire,Marié(e),7,5,22,Arachide,1.82,Hardé,Pluie seule,Pluvial pur,6.9,0.53,9.9,262.4,34.8,456.6,831.0,341,283.0,7.1,,Route bitumée,7.1,WFP,Non,Oui,5.0,2
632,2023,saison_pluies,Mayo-Kani,Mindif,Femme,43.0,Universitaire,Marié(e),5,5,23,Maïs,1.05,Argileux,Pluie + retenue,Pluvial pur,15.1,7.9,19.8,329.2,35.0,2196.4,2306.2,186,429.0,31.7,397.3,Piste,14.0,Aucun,Non,Oui,6.0,5
633,2022,Saison sèche,Mayo-Danay,Tchatibali,Homme,,Primaire,Marié(e),6,1,10,Mil,1.02,Argilo-sableux,Pluie seule,Pluvial pur,,0.0,12.6,358.8,31.3,551.9,562.9,215,121.0,29.4,91.6,Piste,6.0,Aucun,Non,Non,7.0,3
634,2022,Saison des pluies,Diamaré,Bogo,Femme,58.0,Primaire,Marié(e),10,1,22,Sorgho,1.65,Argileux,Pluie seule,Mixte,55.8,0.0,5.6,802.1,33.4,641.3,1058.1,214,226.0,24.0,202.0,Voie navigable,33.0,ONG locale,Non,Non,7.0,2
635,2022,Saison des pluies,Mayo-Kani,Guidiguis,Homme,29.0,Secondaire,Marié(e),8,1,13,Niébé,0.46,Argilo-sableux,Marigot,Irrigué,0.0,0.0,22.9,868.6,36.1,633.2,291.3,375,109.0,6.9,,Piste,16.4,Aucun,Oui,Oui,2.0,3
636,2024,Saison des pluies,Logone-et-Chari,Goulfey,Homme,38.0,Primaire,Marié(e),7,5,14,Sésame,2.35,Sableux,Pompe solaire,Mixte,0.0,0.0,25.7,847.8,35.2,543.0,1276.0,608,776.0,7.7,768.3,Piste,10.4,WFP,Non,Non,5.0,5
637,2021,Saison sèche,Logone-et-Chari,Kousseri,Homme,49.0,Aucun,Marié(e),1,1,22,Arachide,1.79,Sableux,Pluie seule,Irrigué,15.5,0.0,22.5,211.2,35.3,735.2,1316.0,327,430.0,12.9,417.1,Piste,1.8,CARE,Non,Oui,4.0,5
638,2024,Saison des pluies,Mayo-Kani,Moutourwa,Femme,30.0,Aucun,Marié(e),6,3,14,Arachide,0.76,Sableux,Pluie seule,Pluvial pur,89.7,14.32,16.9,935.3,33.7,928.3,705.5,354,250.0,76.8,173.2,Sentier,30.0,Aucun,Oui,Oui,7.0,1
639,2024,Saison sèche,Mayo-Kani,Kaélé,Femme,,Aucun,Marié(e),9,1,13,Niébé,3.22,Argileux,Pluie seule,Pluvial pur,73.5,0.0,11.5,471.4,35.9,893.7,2877.7,432,1243.0,32.9,1210.1,Voie navigable,8.6,Aucun,Non,Non,6.0,5
640,2021,Saison des pluies,Mayo-Kani,Kaélé,Homme,47.0,Coranique,Marié(e),2,2,7,Sésame,1.04,Argileux,Irrigation gravitaire,Pluvial pur,37.6,1.93,22.0,644.3,33.1,,756.0,608,460.0,26.5,433.5,Piste,17.3,CARE,Oui,Non,,2
641,2022,Saison sèche,Mayo-Sava,Mora,Homme,52.0,Aucun,Marié(e),6,6,7,Sorgho,2.41,Limoneux,Pluie + retenue,Décrue,2.1,0.51,17.1,396.1,35.7,605.4,1459.0,247,360.0,7.2,352.8,Route bitumée,23.5,ONG locale,Non,Oui,8.0,1
642,2022,Saison des pluies,Logone-et-Chari,Makary,Homme,19.0,Aucun,Marié(e),6,4,3,Sorgho,0.59,Argilo-sableux,Pluie + retenue,Mixte,1.6,0.0,15.4,847.5,36.3,705.1,416.0,235,98.0,5.3,92.7,Voie navigable,28.8,CARE,Non,Non,9.0,4
643,2021,Saison des pluies,Mayo-Sava,Kolofata,Femme,43.0,Aucun,Célibataire,4,4,23,Arachide,0.47,Limoneux,Irrigation gravitaire,Mixte,35.9,5.52,7.6,755.0,32.4,1122.8,527.7,347,183.0,30.4,152.6,Sentier,4.6,CARE,Oui,Oui,5.0,5
644,2023,Saison sèche,Diamaré,Maroua II,Femme,54.0,Primaire,Marié(e),7,4,33,Mil,0.89,Argileux,Marigot,Irrigué,0.0,1.91,22.1,247.4,32.1,,617.3,253,156.0,11.4,144.6,Sentier,10.2,Aucun,Oui,Non,2.0,4
645,2022,Saison sèche,Diamaré,Bogo,Homme,36.0,Aucun,Marié(e),3,3,17,Mil,2.61,Argilo-sableux,Pluie + retenue,Mixte,63.7,2.8,21.7,313.8,34.4,846.0,2208.1,229,506.0,39.0,467.0,Sentier,0.5,Aucun,Oui,Oui,4.0,4
646,2022,Saison des pluies,Mayo-Kani,Guidiguis,Femme,43.0,Coranique,Marié(e),15,1,17,Mil,,Argilo-sableux,Pluie seule,Pluvial pur,55.0,0.82,16.0,832.2,33.8,366.0,347.7,253,88.0,28.9,59.1,Piste,12.9,WFP,Oui,Non,9.0,5
647,2022,Saison sèche,Mayo-Danay,Wina,Homme,62.0,Aucun,Marié(e),1,1,4,Mil,1.44,Argilo-sableux,Pluie seule,Pluvial pur,9.7,0.0,19.3,329.7,32.7,582.9,839.4,200,168.0,9.7,158.3,Sentier,16.0,Aucun,Non,Non,5.0,2
648,2024,Saison sèche,Mayo-Danay,Guirvidig,Femme,21.0,Primaire,Veuf/Veuve,6,2,5,Sorgho,1.21,Argileux,Pluie seule,Pluvial pur,13.1,6.87,23.2,,34.3,716.5,867.0,193,167.0,29.4,137.6,Sentier,12.3,ONG locale,Non,Oui,1.0,2
649,2021,Saison sèche,Mayo-Sava,Mora,Homme,52.0,Aucun,Célibataire,2,2,6,Mil,2.14,Hardé,Irrigation gravitaire,Pluvial pur,90.9,5.66,22.6,252.9,35.5,586.9,1256.0,227,285.0,57.3,227.7,Piste,1.1,WFP,Non,Oui,8.0,2
650,2021,Saison des pluies,Mayo-Kani,Mindif,Homme,57.0,Coranique,Marié(e),7,2,23,Sorgho,0.67,Argilo-sableux,Irrigation gravitaire,Mixte,0.0,2.82,21.4,720.0,35.4,701.2,469.8,212,100.0,13.5,86.5,Piste,1.5,CARE,Oui,Non,9.0,4
651,2022,Saison sèche,Logone-et-Chari,Hilé-Alifa,Femme,,Primaire,Marié(e),7,1,3,Maïs,0.5,Limoneux,Irrigation gravitaire,Pluvial pur,0.0,9.05,10.4,,37.0,1986.9,993.5,211,210.0,25.7,,Route bitumée,3.5,Aucun,Non,Non,6.0,4
652,2022,Saison sèche,Diamaré,Maroua III,Homme,40.0,Secondaire,Marié(e),5,2,13,Arachide,0.84,Argilo-sableux,Pompe solaire,Décrue,30.0,0.0,10.2,,32.7,1244.2,1045.1,335,350.0,15.1,334.9,Piste,4.7,Aucun,Non,Non,7.0,2
653,2024,Saison sèche,Diamaré,Gazawa,Homme,40.0,Aucun,Marié(e),7,1,11,Sorgho,2.97,Argileux,Marigot,Pluvial pur,31.4,0.0,25.6,376.1,33.9,883.5,2624.0,218,572.0,20.2,551.8,Sentier,1.5,ONG locale,Non,Non,9.0,4
654,2024,Saison sèche,Mayo-Danay,Kalfou,Femme,35.0,Primaire,Marié(e),7,4,19,Maïs,1.21,Argileux,Irrigation gravitaire,Pluvial pur,,0.0,28.3,408.6,30.8,2552.6,3088.6,169,522.0,69.2,,Route bitumée,2.5,ONG locale,Non,Oui,7.0,3
655,2023,Saison sèche,Mayo-Kani,Guidiguis,Homme,56.0,Primaire,Marié(e),3,3,11,Mil,1.56,Limoneux,Pluie + retenue,Pluvial pur,88.8,0.58,18.1,296.2,36.0,875.1,1365.2,224,306.0,42.4,263.6,Piste,36.4,ONG locale,Non,Oui,7.0,4
656,2022,Saison des pluies,Mayo-Kani,Touloum,Femme,44.0,Coranique,Marié(e),4,1,12,Maïs,1.12,Hardé,Irrigation gravitaire,Pluvial pur,0.0,6.55,23.4,892.0,35.9,825.7,924.8,178,165.0,23.4,141.6,Piste,4.1,Aucun,Non,Non,5.0,5
657,2021,Saison des pluies,Mayo-Danay,Guirvidig,Homme,42.0,Aucun,Marié(e),4,3,26,Arachide,0.48,Hardé,Pluie seule,Mixte,8.6,0.0,23.8,684.4,34.0,,155.0,346,54.0,10.6,,Sentier,6.9,WFP,Non,Non,9.0,4
658,2022,Saison des pluies,Mayo-Sava,Kolofata,Homme,31.0,Primaire,Veuf/Veuve,6,4,0,Mil,0.9,Argileux,Pompe solaire,Pluvial pur,25.0,8.33,22.3,793.7,36.8,911.0,819.9,262,215.0,37.5,177.5,Voie navigable,8.6,Aucun,Non,Non,4.0,5
659,2021,Saison sèche,Mayo-Kani,Kaélé,Homme,28.0,Aucun,Veuf/Veuve,9,3,12,Maïs,1.68,Argileux,Pluie + retenue,Irrigué,0.0,7.68,11.0,321.7,35.0,1655.9,2781.9,191,531.0,22.5,508.5,Piste,4.0,Aucun,Non,Non,7.0,2
660,2021,Saison sèche,Logone-et-Chari,Kousseri,Homme,56.0,Coranique,Célibataire,6,2,7,Sorgho,0.69,Sableux,Pluie + retenue,Décrue,73.9,1.48,23.0,295.8,36.6,626.8,432.5,195,84.0,40.2,43.8,Piste,0.5,WFP,Non,Non,9.0,5
661,2021,Saison des pluies,Mayo-Kani,Guidiguis,Homme,49.0,Primaire,Marié(e),10,1,27,Arachide,1.13,Hardé,Pluie seule,Irrigué,11.6,2.2,17.4,675.1,33.6,324.4,366.6,359,132.0,15.4,116.6,Sentier,14.6,Aucun,Non,Non,1.0,4
662,2024,Saison sèche,Mayo-Danay,Wina,Homme,18.0,Secondaire,Marié(e),4,3,2,Arachide,0.55,Argileux,Pluie seule,Mixte,52.0,1.02,19.0,453.6,32.5,960.5,528.3,385,203.0,29.1,173.9,Voie navigable,19.1,Aucun,Non,Non,5.0,4
663,2022,Saison sèche,Diamaré,Gazawa,Homme,42.0,Secondaire,Marié(e),6,1,8,Mil,,Sableux,Marigot,Pluvial pur,21.0,0.0,18.5,383.8,35.4,532.8,1491.8,202,301.0,13.9,287.1,Piste,14.5,ONG locale,Oui,Oui,3.0,5
664,2022,Saison sèche,Mayo-Danay,Kalfou,Homme,57.0,Aucun,Célibataire,4,2,24,Mil,0.42,Limoneux,Pompe solaire,Pluvial pur,0.0,0.0,19.5,380.2,30.9,795.1,333.9,264,88.0,5.8,82.2,Route bitumée,14.7,FAO,Non,Non,9.0,2
665,2021,Saison des pluies,Diamaré,Gazawa,Homme,48.0,Coranique,Veuf/Veuve,2,2,18,Sorgho,0.42,Limoneux,Pluie + retenue,Pluvial pur,0.0,1.11,23.0,643.2,34.0,854.3,358.8,179,64.0,9.7,54.3,Route bitumée,9.5,CARE,Non,Non,7.0,5
666,2023,Saison sèche,Diamaré,Maroua III,Homme,45.0,Secondaire,Marié(e),4,4,10,Mil,1.42,Argileux,Pompe solaire,Mixte,0.0,0.17,8.7,331.2,33.8,1191.5,1691.9,235,398.0,3.0,395.0,Piste,0.5,ONG locale,Non,Non,9.0,2
667,2022,Saison sèche,Mayo-Kani,Kaélé,Femme,45.0,Aucun,Marié(e),1,1,17,Mil,3.47,Limoneux,Pluie + retenue,Mixte,8.8,2.15,10.3,434.6,33.3,454.2,1576.1,192,303.0,12.0,291.0,Piste,9.4,FAO,Non,Oui,5.0,5
668,2023,Saison sèche,Mayo-Danay,Kalfou,Homme,68.0,Coranique,Marié(e),9,3,6,Niébé,1.07,Argileux,Pompe solaire,Mixte,30.8,0.45,21.4,272.1,30.6,1306.8,1398.3,387,541.0,19.9,521.1,Sentier,1.7,Aucun,Non,Oui,6.0,1
669,2023,Saison sèche,Mayo-Kani,Mindif,Homme,54.0,Aucun,Marié(e),7,6,11,Mil,1.93,Hardé,Pluie seule,Mixte,0.0,0.0,21.2,281.0,33.0,379.3,732.0,243,178.0,6.4,171.6,Sentier,13.0,Aucun,Oui,Oui,1.0,5
670,2021,Saison sèche,Mayo-Sava,Kolofata,Homme,40.0,Aucun,Marié(e),6,4,0,Maïs,1.76,Sableux,Pluie seule,Irrigué,13.8,1.3,19.1,321.8,36.2,836.6,1472.4,158,233.0,14.5,218.5,Piste,4.2,WFP,Non,Oui,8.0,3
671,2021,Saison des pluies,Mayo-Sava,Kolofata,Femme,54.0,Aucun,Marié(e),8,4,10,Sésame,1.2,Limoneux,Pluie seule,Pluvial pur,98.0,1.37,26.0,618.6,36.1,646.6,775.9,636,493.0,50.4,442.6,Piste,1.6,ONG locale,Oui,Oui,6.0,2
672,2023,Saison des pluies,Logone-et-Chari,Hilé-Alifa,Homme,42.0,Aucun,Marié(e),12,4,10,Sorgho,1.26,Sableux,Pompe solaire,Pluvial pur,,0.0,22.6,796.0,39.3,634.5,799.5,203,162.0,17.5,144.5,Sentier,15.6,Aucun,Non,Oui,8.0,2
673,2024,Saison sèche,Diamaré,Gazawa,Homme,23.0,Aucun,Marié(e),4,1,7,Coton,1.32,Sableux,Pluie seule,Pluvial pur,2.3,0.32,13.9,376.4,34.3,820.8,1083.5,268,290.0,5.9,284.1,Sentier,9.7,Aucun,Non,Non,9.0,3
674,2022,Saison sèche,Mayo-Sava,Mora,Homme,43.0,Secondaire,Marié(e),7,4,27,Sésame,0.54,Sableux,Pluie + retenue,Décrue,43.2,0.48,9.9,313.9,37.5,641.3,346.3,571,198.0,21.4,176.6,Voie navigable,24.1,Aucun,Oui,Non,4.0,1
675,2021,Saison des pluies,Mayo-Sava,Kolofata,Homme,18.0,Secondaire,Marié(e),8,1,2,Sorgho,1.26,Argileux,Pompe solaire,Décrue,0.0,0.0,7.1,523.4,40.0,1037.7,1307.5,173,226.0,2.1,223.9,Piste,36.2,Aucun,Non,Oui,,4
676,2023,Saison des pluies,Diamaré,Bogo,Femme,47.0,Primaire,Veuf/Veuve,5,3,10,Sésame,0.32,Argileux,Pluie + retenue,Décrue,29.6,0.0,16.1,856.1,34.0,686.5,219.7,591,130.0,16.7,113.3,Sentier,11.9,IRAD,Oui,Non,4.0,3
677,2023,Saison sèche,Diamaré,Maroua I,Homme,38.0,Primaire,Marié(e),9,3,22,Arachide,0.68,Limoneux,Pompe solaire,Mixte,91.5,0.0,18.7,362.9,34.3,1604.2,1090.9,357,389.0,42.2,346.8,Piste,1.5,IRAD,Oui,Oui,6.0,3
678,2024,Saison sèche,Mayo-Sava,Tokombéré,Homme,32.0,Aucun,Marié(e),8,4,16,Niébé,0.92,Argileux,Pompe solaire,Irrigué,54.7,5.5,27.6,313.5,37.2,1160.0,1067.2,425,454.0,43.9,410.1,Piste,11.3,WFP,Non,Non,4.0,5
679,2021,Saison sèche,Logone-et-Chari,Blangoua,Femme,24.0,Coranique,Marié(e),4,1,8,Sésame,1.84,Limoneux,Pluie seule,Pluvial pur,0.0,2.93,22.1,217.7,35.7,371.5,683.6,639,437.0,14.0,423.0,Sentier,12.2,ONG locale,Non,Oui,7.0,2
680,2024,Saison sèche,Mayo-Kani,Touloum,Homme,40.0,Coranique,Marié(e),10,5,23,Sésame,0.81,Limoneux,Irrigation gravitaire,Irrigué,0.0,1.17,14.9,367.7,35.7,583.3,472.5,633,299.0,7.4,291.6,Piste,27.4,Aucun,Non,Oui,8.0,3
681,2023,Saison sèche,Mayo-Sava,Mora,Homme,,Aucun,Marié(e),6,1,1,Sésame,1.32,Limoneux,Marigot,Mixte,0.0,0.0,7.9,300.0,38.8,440.9,582.0,647,377.0,2.4,374.6,Sentier,10.0,FAO,Oui,Non,7.0,4
682,2024,Saison sèche,Diamaré,Mémé,Homme,52.0,Aucun,Veuf/Veuve,1,1,7,Maïs,3.25,Argilo-sableux,Irrigation gravitaire,Pluvial pur,53.2,0.0,11.5,334.5,33.3,1924.9,6255.9,227,1420.0,24.7,1395.3,Piste,10.2,IRAD,Non,Non,4.0,4
683,2021,Saison des pluies,Mayo-Sava,Méri,Homme,,Coranique,Célibataire,3,1,17,Coton,2.08,Argilo-sableux,Irrigation gravitaire,Pluvial pur,28.4,0.0,6.9,,36.5,1342.1,2791.6,324,904.0,13.4,890.6,Route bitumée,26.3,IRAD,Non,Non,7.0,4
684,2022,Saison sèche,Mayo-Danay,Yagoua,Homme,30.0,Coranique,Marié(e),10,3,14,Arachide,0.53,Argileux,Pluie seule,Mixte,0.0,0.0,23.4,375.8,34.2,846.8,448.8,341,153.0,7.0,146.0,Piste,8.1,Aucun,Non,Oui,6.0,5
685,2024,Saison sèche,Mayo-Kani,Moutourwa,Femme,43.0,Primaire,Célibataire,6,3,16,Sorgho,1.26,Argileux,Pluie seule,Pluvial pur,7.8,0.0,1.0,316.2,35.7,780.7,983.7,208,205.0,3.4,201.6,Route bitumée,50.3,ONG locale,Non,Non,6.0,5
686,2024,Saison des pluies,Mayo-Sava,Kolofata,Femme,45.0,Aucun,Marié(e),8,3,18,Mil,1.29,Argileux,Pluie seule,Pluvial pur,5.6,0.0,31.8,782.7,37.5,,726.3,210,153.0,11.8,141.2,Sentier,3.9,SODECOTON,Oui,Non,,3
687,2021,Saison sèche,Mayo-Kani,Mindif,Homme,,Coranique,Marié(e),4,2,18,Mil,1.35,Hardé,Pluie + retenue,Irrigué,0.0,1.58,11.5,197.4,35.3,308.2,416.1,201,84.0,7.4,76.6,Piste,4.5,Aucun,Non,Non,7.0,1
688,2021,Saison des pluies,Logone-et-Chari,Goulfey,Homme,36.0,Primaire,Marié(e),10,1,18,Sorgho,0.88,Sableux,Irrigation gravitaire,Décrue,18.4,0.0,6.9,643.8,35.2,521.3,458.7,200,92.0,9.4,82.6,Piste,19.0,CARE,Oui,Oui,8.0,1
689,2024,Saison sèche,Mayo-Sava,Mora,Homme,42.0,Secondaire,Marié(e),4,4,19,Arachide,1.45,Limoneux,Pluie + retenue,Pluvial pur,5.4,1.98,15.6,300.1,34.9,,1618.3,375,607.0,11.8,595.2,Piste,15.1,FAO,Oui,Non,3.0,5
690,2023,Saison sèche,Mayo-Sava,Tokombéré,Homme,22.0,Aucun,Marié(e),7,1,6,Mil,0.69,Argileux,Marigot,Pluvial pur,,8.98,9.3,282.4,37.6,739.1,510.0,226,115.0,42.2,72.8,Piste,45.5,Aucun,Non,Non,6.0,3
691,2022,Saison sèche,Diamaré,Mémé,Homme,34.0,Aucun,Marié(e),11,3,3,Mil,0.55,Sableux,Irrigation gravitaire,Décrue,2.4,4.41,24.1,405.0,34.1,503.8,277.1,218,60.0,19.2,,Route bitumée,17.5,CARE,Oui,Oui,2.0,1
692,2023,Saison sèche,Diamaré,Maroua II,Homme,46.0,Aucun,Célibataire,1,1,19,Mil,,Sableux,Pluie seule,Décrue,11.4,0.0,8.9,280.5,35.0,273.7,429.7,233,100.0,7.2,92.8,Route bitumée,5.9,FAO,Oui,Oui,7.0,5
693,2023,Saison des pluies,Mayo-Danay,Tchatibali,Homme,47.0,Coranique,Marié(e),7,1,9,Sésame,0.86,Limoneux,Pluie seule,Mixte,0.0,1.23,8.2,894.6,33.3,,411.4,608,250.0,5.5,244.5,Voie navigable,11.2,CARE,Non,Oui,7.0,1
694,2021,Saison sèche,Mayo-Danay,Guirvidig,Homme,44.0,Aucun,Célibataire,10,5,10,Niébé,1.29,Hardé,Marigot,Mixte,2.3,4.34,20.6,349.4,32.8,449.6,580.0,414,240.0,17.9,222.1,Sentier,5.0,IRAD,Oui,Non,8.0,2
695,2023,Saison des pluies,Diamaré,Bogo,Homme,31.0,Primaire,Marié(e),7,1,1,Mil,1.44,Hardé,Pluie seule,Pluvial pur,21.0,0.0,16.7,850.1,36.2,199.5,287.3,248,71.0,13.4,57.6,Sentier,6.0,ONG locale,Non,Non,8.0,3
696,2024,Saison sèche,Mayo-Kani,Guidiguis,Femme,,Secondaire,Célibataire,8,2,13,Sorgho,0.32,Argileux,Irrigation gravitaire,Pluvial pur,8.4,0.0,11.4,284.6,31.7,975.4,312.1,190,59.0,6.8,52.2,Piste,39.9,WFP,Oui,Non,6.0,5
697,2023,Saison sèche,Mayo-Kani,Touloum,Homme,41.0,Primaire,Marié(e),3,1,25,Sorgho,3.26,Sableux,Pompe solaire,Pluvial pur,49.0,4.83,13.7,278.3,33.4,812.2,2647.8,212,561.0,35.8,525.2,Piste,14.0,Aucun,Oui,Non,,5
698,2022,Saison des pluies,Diamaré,Gazawa,Homme,50.0,Aucun,Marié(e),6,4,20,Mil,2.41,Argileux,Pompe solaire,Irrigué,,0.0,14.9,931.4,35.2,961.6,2317.5,237,549.0,35.8,513.2,Piste,3.5,Aucun,Oui,Oui,6.0,4
699,2022,Saison sèche,Logone-et-Chari,Makary,Homme,39.0,Aucun,Marié(e),7,3,17,Maïs,2.1,Sableux,Irrigation gravitaire,Décrue,83.2,3.33,13.7,345.1,36.1,1845.7,3876.0,191,740.0,45.7,694.3,Route bitumée,28.5,CARE,Non,Non,4.0,4
700,2023,Saison sèche,Logone-et-Chari,Kousseri,Homme,56.0,Primaire,Marié(e),8,4,18,Maïs,1.03,Limoneux,Pluie seule,Décrue,33.1,1.34,19.2,178.6,36.8,1466.8,1510.8,227,343.0,22.4,320.6,Piste,3.1,FAO,Non,Non,9.0,1
701,2024,Saison sèche,Mayo-Danay,Guirvidig,Homme,57.0,Aucun,Marié(e),1,1,8,Coton,1.09,Argilo-sableux,Pluie + retenue,Pluvial pur,24.1,0.0,19.1,423.9,35.4,1057.7,1152.9,316,364.0,15.4,,Piste,5.6,ONG locale,Non,Non,,2
702,2023,Saison des pluies,Mayo-Danay,Yagoua,Femme,47.0,Primaire,Veuf/Veuve,2,1,29,Niébé,0.91,Hardé,Irrigation gravitaire,Pluvial pur,0.0,0.07,19.8,815.8,35.1,759.4,691.1,400,276.0,6.1,269.9,Piste,1.4,Aucun,Non,Non,1.0,1
703,2021,Saison des pluies,Mayo-Sava,Tokombéré,Femme,,Secondaire,Marié(e),5,1,5,Arachide,3.34,Argilo-sableux,Pluie seule,Décrue,84.2,0.0,8.5,539.6,35.7,1001.6,3345.3,339,1134.0,36.2,1097.8,Sentier,6.5,IRAD,Non,Oui,4.0,2
704,2023,Saison sèche,Mayo-Kani,Moutourwa,Homme,53.0,Aucun,Marié(e),7,2,32,Sorgho,1.06,Limoneux,Pluie seule,Pluvial pur,26.1,0.0,25.6,221.3,34.8,606.8,643.2,172,111.0,18.1,92.9,Piste,4.3,IRAD,Oui,Non,5.0,4
705,2022,Saison des pluies,Mayo-Kani,Kaélé,Femme,47.0,Aucun,Célibataire,4,3,0,Arachide,1.91,Argileux,Pluie seule,Pluvial pur,0.0,0.0,12.3,941.6,34.6,,1443.8,331,478.0,3.7,474.3,Sentier,6.0,Aucun,Oui,Non,2.0,1
706,2023,Saison des pluies,Diamaré,Mémé,Homme,47.0,Primaire,Marié(e),3,2,22,Sorgho,0.94,Argileux,Pluie + retenue,Mixte,41.0,0.0,7.7,840.0,33.1,,701.8,241,169.0,18.7,150.3,Piste,1.2,Aucun,Non,Non,6.0,5
707,2024,Saison sèche,Mayo-Danay,Kalfou,Homme,51.0,Primaire,Marié(e),10,4,19,Mil,0.6,Limoneux,Pluie seule,Pluvial pur,66.2,0.03,13.9,285.6,32.6,463.5,278.1,225,63.0,30.7,32.3,Voie navigable,0.5,WFP,Non,Non,,2
708,2024,Saison des pluies,Mayo-Sava,Méri,Homme,39.0,Primaire,Marié(e),8,5,23,Maïs,0.53,Argileux,Pluie + retenue,Pluvial pur,54.0,3.06,1.0,,36.3,2298.3,1218.1,166,202.0,29.6,172.4,Piste,8.9,IRAD,Non,Non,6.0,4
709,2022,Saison sèche,Mayo-Kani,Touloum,Homme,42.0,Aucun,Marié(e),5,2,15,Mil,0.64,Argilo-sableux,Pluie + retenue,Irrigué,60.9,0.0,20.4,348.7,34.2,712.0,455.7,259,118.0,30.5,87.5,Piste,6.3,CARE,Non,Oui,5.0,5
710,2023,Saison des pluies,Mayo-Kani,Touloum,Homme,49.0,Aucun,Marié(e),4,3,12,Niébé,,Sableux,Marigot,Mixte,11.8,0.0,1.0,680.6,35.1,756.0,476.3,386,184.0,5.0,179.0,Piste,0.5,FAO,Non,Non,9.0,5
711,2024,Saison sèche,Mayo-Sava,Méri,Femme,62.0,Primaire,Célibataire,5,4,15,Niébé,1.22,Limoneux,Irrigation gravitaire,Irrigué,0.0,4.59,20.1,366.5,38.5,1005.9,1227.2,375,460.0,17.5,442.5,Sentier,32.6,Aucun,Non,Non,4.0,5
712,2023,Saison sèche,Mayo-Kani,Touloum,Femme,18.0,Primaire,Célibataire,13,4,0,Maïs,3.26,Argilo-sableux,Pompe solaire,Décrue,0.0,0.0,5.0,372.4,36.2,1747.9,5698.2,208,1185.0,1.5,1183.5,Voie navigable,17.8,CARE,Non,Non,2.0,1
713,2022,Saison sèche,Diamaré,Maroua II,Homme,42.0,Primaire,Marié(e),7,1,2,Sorgho,0.56,Argileux,Pluie + retenue,Pluvial pur,0.0,0.0,15.6,296.9,36.3,844.9,473.1,198,94.0,4.7,89.3,Route bitumée,22.5,CARE,Non,Non,4.0,3
714,2021,Saison des pluies,Diamaré,Bogo,Homme,42.0,Aucun,Veuf/Veuve,5,2,10,Mil,0.43,Argilo-sableux,Pluie + retenue,Mixte,40.8,0.06,14.3,777.7,37.6,499.3,214.7,219,47.0,20.8,26.2,Sentier,6.3,SODECOTON,Oui,Non,1.0,3
715,2021,Saison des pluies,Mayo-Danay,Wina,Femme,25.0,Primaire,Veuf/Veuve,8,5,9,Mil,2.17,Sableux,Pompe solaire,Pluvial pur,30.8,3.17,1.4,798.0,33.6,758.7,1646.4,200,329.0,20.7,308.3,Sentier,3.9,WFP,Non,Oui,1.0,5
716,2022,Saison sèche,Logone-et-Chari,Hilé-Alifa,Homme,,Primaire,Marié(e),6,2,16,Sorgho,0.76,Limoneux,Pluie seule,Décrue,87.4,4.95,24.4,292.3,35.2,,698.0,214,149.0,54.7,94.3,Piste,1.9,FAO,Non,Oui,9.0,3
717,2021,Saison des pluies,Mayo-Danay,Tchatibali,Homme,35.0,Aucun,Marié(e),4,4,19,Sorgho,4.68,Argileux,Pluie seule,Mixte,0.0,0.0,5.2,870.0,32.4,676.8,3167.4,234,741.0,1.6,739.4,Voie navigable,0.5,Aucun,Non,Non,4.0,5
718,2023,Saison des pluies,Logone-et-Chari,Kousseri,Homme,35.0,Universitaire,Célibataire,5,5,16,Sorgho,3.1,Argilo-sableux,Pluie + retenue,Mixte,45.9,5.61,16.9,,36.3,778.3,2412.7,234,565.0,37.5,527.5,Sentier,1.7,Aucun,Non,Non,2.0,5
719,2022,Saison sèche,Diamaré,Bogo,Homme,65.0,Coranique,Veuf/Veuve,4,3,5,Maïs,3.89,Limoneux,Pluie seule,Décrue,7.7,4.42,30.4,284.6,31.6,1917.1,7457.5,193,1439.0,23.2,,Piste,0.5,Aucun,Non,Oui,8.0,5
720,2023,Saison des pluies,Mayo-Sava,Kolofata,Homme,,Secondaire,Marié(e),3,3,6,Sorgho,1.1,Argileux,Pluie seule,Décrue,0.0,5.48,5.6,689.6,38.0,842.8,927.1,211,196.0,15.4,180.6,Sentier,17.6,IRAD,Non,Oui,2.0,1
721,2022,Saison sèche,Diamaré,Bogo,Homme,33.0,Coranique,Marié(e),3,2,17,Arachide,0.62,Sableux,Pluie + retenue,Pluvial pur,50.9,0.0,19.1,333.1,34.2,1032.4,640.1,337,216.0,26.1,189.9,Piste,12.0,Aucun,Non,Oui,7.0,5
722,2022,Saison sèche,Mayo-Kani,Mindif,Homme,45.0,Primaire,Marié(e),8,4,17,Coton,1.43,Argileux,Pluie seule,Pluvial pur,0.3,0.94,33.5,365.5,34.0,1276.0,1824.7,260,474.0,12.5,461.5,Sentier,1.5,WFP,Non,Oui,7.0,3
723,2021,Saison des pluies,Logone-et-Chari,Kousseri,Femme,52.0,Secondaire,Marié(e),2,1,25,Niébé,0.85,Argileux,Pluie + retenue,Pluvial pur,0.8,0.0,32.3,579.3,37.8,881.0,748.9,433,324.0,10.0,314.0,Sentier,7.3,Aucun,Non,Oui,2.0,1
724,2024,Saison des pluies,Mayo-Kani,Mindif,Femme,21.0,Aucun,Célibataire,17,4,0,Niébé,1.43,Sableux,Pluie seule,Mixte,,0.0,14.7,840.2,35.0,376.0,537.7,436,234.0,11.4,222.6,Piste,4.7,SODECOTON,Non,Non,3.0,4
725,2022,Saison sèche,Mayo-Sava,Tokombéré,Homme,27.0,Primaire,Marié(e),7,2,9,Mil,1.13,Argileux,Pluie seule,Mixte,25.7,6.09,19.9,242.3,39.8,633.1,715.4,202,145.0,31.5,113.5,Piste,0.6,WFP,Non,Oui,1.0,3
726,2021,Saison sèche,Diamaré,Maroua I,Femme,75.0,Aucun,Marié(e),1,1,37,Niébé,1.01,Argileux,Pluie seule,Pluvial pur,14.8,0.57,17.8,266.3,30.1,777.9,785.7,402,316.0,12.7,303.3,Route bitumée,36.2,FAO,Non,Non,9.0,1
727,2023,Saison des pluies,Diamaré,Gazawa,Femme,52.0,Aucun,Marié(e),5,3,7,Maïs,0.99,Argileux,Pluie seule,Pluvial pur,48.3,0.0,1.0,,35.7,,1513.2,172,260.0,19.6,240.4,Voie navigable,3.3,FAO,Non,Non,2.0,4
728,2022,Saison sèche,Logone-et-Chari,Blangoua,Homme,18.0,Coranique,Marié(e),6,1,2,Arachide,0.51,Sableux,Irrigation gravitaire,Décrue,34.3,1.53,1.0,362.2,34.8,959.9,489.5,352,172.0,17.8,154.2,Sentier,50.6,Aucun,Non,Oui,8.0,4
729,2023,Saison des pluies,Logone-et-Chari,Kousseri,Homme,,Aucun,Marié(e),7,3,6,Mil,1.97,Limoneux,Pluie seule,Irrigué,42.4,0.34,15.5,707.0,35.2,,1382.5,227,314.0,22.5,291.5,Piste,41.7,ONG locale,Non,Non,9.0,3
730,2022,Saison sèche,Mayo-Kani,Kaélé,Femme,41.0,Secondaire,Marié(e),5,1,1,Maïs,1.33,Argileux,Pluie seule,Pluvial pur,51.0,1.65,1.0,399.1,36.1,2070.5,2753.8,198,545.0,24.8,520.2,Sentier,2.4,Aucun,Non,Oui,3.0,2
731,2024,Saison sèche,Mayo-Sava,Tokombéré,Femme,75.0,Secondaire,Marié(e),5,3,27,Sorgho,0.46,Sableux,Marigot,Pluvial pur,30.5,2.35,14.7,283.6,35.6,627.8,288.8,195,56.0,22.5,33.5,Piste,18.1,Aucun,Oui,Non,3.0,3
732,2024,Saison sèche,Diamaré,Maroua I,Homme,59.0,Secondaire,Marié(e),4,3,7,Mil,,Limoneux,Pluie seule,Mixte,24.1,0.0,17.3,466.2,34.0,736.7,427.3,196,84.0,14.8,69.2,Voie navigable,26.7,FAO,Non,Oui,1.0,2
733,2023,Saison des pluies,Mayo-Kani,Touloum,Homme,55.0,Aucun,Marié(e),5,3,21,Sorgho,1.28,Hardé,Pluie seule,Mixte,0.0,4.77,4.4,818.1,36.2,306.2,391.9,226,89.0,13.2,75.8,Piste,15.3,Aucun,Oui,Oui,8.0,1
734,2023,Saison sèche,Mayo-Danay,Kalfou,Homme,53.0,Secondaire,Marié(e),5,4,21,Maïs,0.39,Hardé,Marigot,Irrigué,,0.0,6.8,293.0,32.4,1316.9,513.6,152,78.0,11.2,66.8,Piste,21.4,Aucun,Non,Non,2.0,5
735,2024,Saison sèche,Logone-et-Chari,Makary,Homme,45.0,Secondaire,Marié(e),1,1,1,Sorgho,1.78,Argileux,Pompe solaire,Irrigué,,2.49,14.3,328.2,35.0,1134.6,2019.6,175,353.0,22.0,331.0,Voie navigable,3.5,Aucun,Non,Non,4.0,5
736,2023,Saison sèche,Diamaré,Bogo,Homme,32.0,Coranique,Marié(e),3,2,16,Sorgho,0.59,Argileux,Pluie seule,Pluvial pur,0.0,0.89,23.3,306.4,33.8,478.6,282.4,180,51.0,9.2,41.8,Sentier,7.9,Aucun,Non,Non,,4
737,2021,Saison des pluies,Mayo-Danay,Wina,Homme,,Coranique,Marié(e),9,2,7,Arachide,0.63,Argileux,Pluie + retenue,Pluvial pur,6.7,1.69,9.7,764.0,35.1,981.1,618.1,332,205.0,9.8,195.2,Route bitumée,2.7,Aucun,Non,Non,9.0,4
738,2023,Saison des pluies,Mayo-Sava,Tokombéré,Homme,31.0,Primaire,Marié(e),4,2,9,Sorgho,1.16,Limoneux,Pluie + retenue,Pluvial pur,0.0,1.53,17.7,704.0,35.8,764.1,886.4,223,198.0,9.1,188.9,Sentier,7.5,SODECOTON,Oui,Non,,2
739,2022,Saison des pluies,Mayo-Danay,Guirvidig,Homme,44.0,Primaire,Marié(e),6,4,12,Maïs,3.42,Limoneux,Irrigation gravitaire,Décrue,62.3,0.53,19.0,931.7,32.4,2518.0,8611.6,191,1645.0,31.9,1613.1,Piste,1.6,SODECOTON,Non,Non,7.0,5
740,2024,Saison des pluies,Mayo-Kani,Kaélé,Homme,53.0,Aucun,Marié(e),10,2,14,Sorgho,0.91,Limoneux,Marigot,Pluvial pur,60.7,2.8,8.3,1017.0,37.0,833.8,758.8,241,183.0,33.8,149.2,Voie navigable,15.8,SODECOTON,Non,Oui,9.0,2
741,2023,Saison sèche,Diamaré,Maroua I,Homme,26.0,Primaire,Marié(e),7,3,5,Sésame,2.0,Limoneux,Pluie + retenue,Pluvial pur,,3.58,1.0,339.5,34.1,709.1,1418.2,614,871.0,11.7,859.3,Route bitumée,30.1,SODECOTON,Non,Non,5.0,5
742,2024,Saison sèche,Mayo-Kani,Touloum,Homme,55.0,Primaire,Marié(e),9,1,1,Sorgho,0.56,Sableux,Pluie seule,Irrigué,35.3,0.0,5.5,,35.6,576.8,323.0,217,70.0,15.8,54.2,Sentier,13.7,Aucun,Non,Non,2.0,3
743,2023,Saison sèche,Diamaré,Bogo,Homme,24.0,Aucun,Marié(e),7,1,8,Mil,1.65,Argilo-sableux,Irrigation gravitaire,Mixte,2.3,0.56,11.6,,33.4,697.4,1150.7,219,252.0,5.8,246.2,Piste,14.4,WFP,Non,Oui,5.0,5
744,2021,Saison sèche,Diamaré,Maroua I,Femme,38.0,Primaire,Marié(e),12,3,22,Maïs,1.4,Limoneux,Pluie seule,Pluvial pur,,3.48,2.1,,36.7,1811.5,2536.1,198,502.0,9.5,492.5,Piste,23.1,ONG locale,Non,Oui,6.0,1
745,2021,Saison sèche,Mayo-Danay,Kalfou,Homme,34.0,Secondaire,Marié(e),7,3,18,Arachide,1.72,Argileux,Irrigation gravitaire,Pluvial pur,22.4,1.48,15.0,329.2,34.5,1527.6,2627.5,365,959.0,17.2,941.8,Route bitumée,6.4,Aucun,Oui,Oui,6.0,4
746,2021,Saison sèche,Mayo-Kani,Kaélé,Homme,42.0,Aucun,Veuf/Veuve,7,3,8,Mil,5.28,Argileux,Irrigation gravitaire,Irrigué,62.4,0.0,9.4,275.7,31.9,1056.8,5579.9,209,1166.0,27.8,1138.2,Sentier,5.2,Aucun,Oui,Non,3.0,4
747,2024,Saison des pluies,Mayo-Danay,Guirvidig,Femme,38.0,Universitaire,Marié(e),6,2,16,Mil,2.94,Sableux,Pluie seule,Pluvial pur,,2.94,13.7,,31.1,650.6,1912.8,198,379.0,34.7,344.3,Route bitumée,1.1,SODECOTON,Non,Non,8.0,4
748,2022,Saison sèche,Diamaré,Mémé,Homme,26.0,Primaire,Marié(e),7,3,10,Mil,1.28,Hardé,Pluie seule,Pluvial pur,41.6,0.0,10.1,489.8,33.4,542.8,694.8,216,150.0,19.7,130.3,Sentier,13.9,FAO,Non,Non,8.0,2
749,2024,Saison des pluies,Mayo-Sava,Waza,Homme,45.0,Primaire,Marié(e),5,4,11,Sorgho,1.21,Sableux,Pluie seule,Pluvial pur,0.0,2.22,4.8,929.7,38.5,476.8,576.9,241,139.0,7.0,132.0,Route bitumée,8.2,FAO,Oui,Oui,1.0,3
750,2022,Saison sèche,Mayo-Sava,Kolofata,Homme,71.0,Secondaire,Marié(e),3,2,17,Niébé,0.32,Limoneux,Pluie seule,Pluvial pur,103.8,2.41,27.2,,40.5,1105.0,353.6,433,153.0,55.7,97.3,Sentier,0.5,ONG locale,Non,Oui,4.0,5
751,2021,Saison des pluies,Mayo-Kani,Kaélé,Homme,18.0,Coranique,Marié(e),9,3,2,Sorgho,,Argilo-sableux,Pluie + retenue,Mixte,,0.0,22.1,779.9,34.6,712.8,919.5,210,193.0,8.3,184.7,Sentier,2.5,FAO,Non,Non,1.0,5
752,2022,Saison des pluies,Diamaré,Maroua I,Homme,37.0,Coranique,Marié(e),6,3,14,Mil,1.35,Argileux,Pluie + retenue,Décrue,2.7,0.0,5.3,930.8,33.2,597.7,806.9,209,169.0,2.7,166.3,Piste,11.3,Aucun,Oui,Non,2.0,2
753,2022,Saison sèche,Mayo-Kani,Moutourwa,Femme,37.0,Secondaire,Marié(e),6,3,21,Mil,0.25,Argileux,Pluie + retenue,Pluvial pur,0.0,0.0,14.9,361.3,35.9,708.9,177.2,236,42.0,4.5,,Piste,5.5,Aucun,Non,Oui,8.0,3
754,2022,Saison sèche,Mayo-Sava,Tokombéré,Homme,41.0,Primaire,Marié(e),11,3,25,Niébé,,Limoneux,Pluie seule,Pluvial pur,,2.68,8.2,303.5,36.6,1139.2,1629.1,396,645.0,32.2,612.8,Piste,9.9,SODECOTON,Non,Oui,6.0,3
755,2022,Saison sèche,Mayo-Kani,Touloum,Homme,,Primaire,Marié(e),2,2,21,Coton,1.54,Argileux,Pluie seule,Pluvial pur,,4.56,16.4,338.4,33.3,1095.3,1686.8,309,521.0,16.3,504.7,Piste,13.6,ONG locale,Non,Non,2.0,2
756,2023,Saison sèche,Mayo-Kani,Kaélé,Homme,39.0,Secondaire,Célibataire,2,2,16,Niébé,0.6,Sableux,Pluie seule,Pluvial pur,0.0,1.65,16.8,348.3,32.8,509.4,305.6,432,132.0,9.2,122.8,Voie navigable,0.5,Aucun,Non,Non,8.0,4
757,2022,Saison sèche,Logone-et-Chari,Goulfey,Homme,40.0,Aucun,Marié(e),8,2,4,Maïs,1.17,Argilo-sableux,Irrigation gravitaire,Décrue,0.0,0.0,7.2,363.4,35.9,1330.1,1556.2,215,335.0,2.2,332.8,Piste,6.7,Aucun,Non,Oui,2.0,5
758,2022,Saison des pluies,Mayo-Sava,Waza,Homme,57.0,Primaire,Marié(e),10,1,5,Maïs,0.55,Argileux,Pluie + retenue,Pluvial pur,32.6,2.53,9.0,746.2,38.5,1864.8,1025.6,212,217.0,22.1,194.9,Sentier,0.9,WFP,Non,Oui,5.0,1
759,2024,Saison des pluies,Mayo-Danay,Yagoua,Homme,22.0,Aucun,Célibataire,7,2,6,Maïs,1.36,Limoneux,Irrigation gravitaire,Irrigué,26.5,0.0,14.5,1060.5,32.1,1989.1,2705.2,230,622.0,15.0,607.0,Route bitumée,13.3,ONG locale,Non,Non,9.0,2
760,2024,Saison des pluies,Logone-et-Chari,Blangoua,Homme,29.0,Coranique,Veuf/Veuve,2,1,10,Mil,2.32,Argileux,Irrigation gravitaire,Pluvial pur,17.0,0.0,4.6,886.8,36.2,1030.8,2391.5,215,514.0,8.2,505.8,Route bitumée,3.7,Aucun,Oui,Non,1.0,2
761,2022,Saison des pluies,Diamaré,Gazawa,Femme,38.0,Secondaire,Marié(e),7,4,22,Sorgho,1.84,Sableux,Pluie seule,Mixte,0.0,0.0,8.1,1007.9,34.6,417.6,768.4,179,138.0,2.4,135.6,Sentier,0.5,Aucun,Non,Oui,4.0,4
762,2023,Saison sèche,Mayo-Sava,Tokombéré,Homme,44.0,Primaire,Marié(e),7,6,19,Mil,1.33,Argileux,Marigot,Irrigué,0.0,0.89,23.1,235.1,33.8,582.8,775.1,224,174.0,9.2,164.8,Sentier,22.5,FAO,Oui,Oui,7.0,1
763,2022,Saison des pluies,Mayo-Danay,Kalfou,Femme,31.0,Universitaire,Marié(e),9,4,0,Niébé,0.46,Sableux,Irrigation gravitaire,Irrigué,18.1,0.79,20.8,926.5,32.4,850.9,391.4,402,157.0,15.5,141.5,Piste,2.2,FAO,Non,Non,6.0,5
764,2021,Saison des pluies,Mayo-Kani,Mindif,Femme,43.0,Aucun,Marié(e),7,4,4,Niébé,0.51,Limoneux,Pluie seule,Pluvial pur,39.3,1.99,11.1,727.7,34.5,843.5,430.2,372,160.0,24.0,136.0,Piste,29.7,SODECOTON,Non,Non,1.0,4
765,2021,Saison des pluies,Mayo-Kani,Touloum,Homme,28.0,Secondaire,Célibataire,5,1,12,Mil,0.95,Limoneux,Irrigation gravitaire,Pluvial pur,,0.0,17.9,764.5,33.6,823.3,782.1,264,206.0,12.9,193.1,Route bitumée,5.1,CARE,Oui,Non,4.0,2
766,2023,Saison sèche,Logone-et-Chari,Makary,Homme,,Coranique,Marié(e),7,2,16,Coton,1.96,Argileux,Pluie seule,Mixte,19.9,1.72,8.7,203.9,36.5,1146.1,2246.4,295,663.0,14.9,648.1,Sentier,7.4,Aucun,Non,Oui,9.0,4
767,2021,Saison des pluies,Diamaré,Mémé,Homme,49.0,Universitaire,Marié(e),8,1,12,Sorgho,3.09,Argileux,Marigot,Pluvial pur,0.0,2.07,16.4,847.3,34.4,774.9,2394.4,219,524.0,10.1,513.9,Voie navigable,0.5,ONG locale,Oui,Oui,2.0,3
768,2021,Saison sèche,Mayo-Sava,Méri,Homme,48.0,Coranique,Marié(e),6,4,14,Niébé,0.63,Limoneux,Irrigation gravitaire,Décrue,17.4,6.91,14.2,232.7,34.6,943.8,594.6,409,243.0,28.5,214.5,Route bitumée,2.1,Aucun,Non,Oui,6.0,3
769,2022,Saison sèche,Mayo-Kani,Mindif,Homme,41.0,Aucun,Veuf/Veuve,4,3,14,Sorgho,1.51,Hardé,Pluie seule,Mixte,0.0,0.0,10.8,369.0,34.8,388.0,585.9,222,130.0,3.2,126.8,Sentier,6.5,FAO,Non,Non,3.0,5
770,2023,Saison des pluies,Diamaré,Maroua III,Femme,49.0,Coranique,Marié(e),5,1,6,Coton,0.8,Argileux,Marigot,Mixte,55.1,0.0,8.3,867.2,35.1,1413.1,1130.5,316,357.0,24.5,332.5,Piste,5.2,WFP,Non,Non,8.0,1
771,2021,Saison des pluies,Diamaré,Maroua III,Homme,48.0,Aucun,Marié(e),12,3,27,Sorgho,0.78,Argileux,Pompe solaire,Pluvial pur,117.9,0.01,4.9,842.9,37.8,1039.8,811.0,212,172.0,48.7,,Piste,17.9,IRAD,Oui,Non,7.0,3
772,2022,Saison sèche,Mayo-Kani,Kaélé,Homme,54.0,Aucun,Marié(e),8,2,21,Mil,1.24,Argileux,Pluie seule,Pluvial pur,4.7,0.0,9.6,398.5,35.9,498.8,618.5,243,150.0,4.8,145.2,Piste,4.6,CARE,Non,Oui,5.0,5
773,2021,Saison sèche,Mayo-Danay,Yagoua,Femme,37.0,Primaire,Marié(e),8,6,12,Maïs,,Argilo-sableux,Marigot,Pluvial pur,107.5,0.0,16.4,330.5,32.7,1843.3,2617.5,214,560.0,47.9,512.1,Sentier,0.8,FAO,Non,Non,,2
774,2021,Saison des pluies,Mayo-Kani,Kaélé,Homme,40.0,Aucun,Célibataire,8,2,7,Sorgho,7.36,Limoneux,Pluie seule,Décrue,35.7,0.36,13.0,679.9,33.8,799.5,5884.3,209,1230.0,19.1,1210.9,Piste,1.6,Aucun,Oui,Non,8.0,1
775,2022,Saison des pluies,Mayo-Sava,Kolofata,Homme,37.0,Primaire,Marié(e),9,2,15,Maïs,1.55,Argileux,Pluie + retenue,Pluvial pur,73.9,0.24,7.1,749.7,35.5,2339.9,3626.8,215,780.0,32.3,747.7,Piste,12.2,Aucun,Non,Oui,8.0,4
776,2024,Saison sèche,Diamaré,Maroua III,Homme,55.0,Coranique,Marié(e),4,3,20,Sorgho,0.76,Sableux,Pluie seule,Pluvial pur,197.3,2.18,19.4,364.5,33.9,,498.0,227,113.0,90.2,22.8,Piste,19.9,ONG locale,Non,Non,7.0,5
777,2023,Saison des pluies,Mayo-Kani,Moutourwa,Femme,60.0,Secondaire,Marié(e),7,3,13,Mil,3.47,Sableux,Pluie seule,Pluvial pur,0.0,4.13,9.4,800.3,35.8,444.5,1542.4,219,338.0,13.1,324.9,Route bitumée,5.5,Aucun,Oui,Oui,2.0,2
778,2023,Saison des pluies,Mayo-Sava,Kolofata,Homme,49.0,Coranique,Marié(e),6,1,10,Arachide,0.62,Sableux,Pluie + retenue,Pluvial pur,4.5,1.57,8.8,648.9,38.0,503.5,312.2,384,120.0,8.4,111.6,Piste,20.5,Aucun,Non,Non,8.0,1
779,2024,Saison sèche,Mayo-Kani,Moutourwa,Femme,59.0,Primaire,Marié(e),4,1,24,Maïs,2.09,Sableux,Irrigation gravitaire,Irrigué,64.7,0.8,20.5,306.1,35.9,1925.1,4023.5,200,805.0,34.0,771.0,Voie navigable,0.5,SODECOTON,Non,Non,1.0,1
780,2021,Saison sèche,Mayo-Sava,Kolofata,Homme,32.0,Secondaire,Marié(e),6,2,16,Mil,2.54,Argileux,Marigot,Mixte,73.8,5.6,14.3,318.0,38.6,825.9,2097.8,264,554.0,47.8,506.2,Piste,5.7,WFP,Non,Oui,5.0,2
781,2024,Saison sèche,Diamaré,Maroua III,Homme,18.0,Aucun,Marié(e),7,4,2,Mil,0.94,Argilo-sableux,Irrigation gravitaire,Irrigué,6.6,2.32,10.4,285.0,35.0,384.0,361.0,198,71.0,11.6,59.4,Route bitumée,43.4,Aucun,Non,Oui,7.0,4
782,2022,Saison des pluies,Logone-et-Chari,Kousseri,Homme,45.0,Primaire,Marié(e),10,2,24,Sorgho,1.92,Argileux,Pluie seule,Pluvial pur,27.3,0.64,21.7,774.5,36.8,793.3,1523.1,180,274.0,19.0,255.0,Voie navigable,15.0,IRAD,Oui,Non,1.0,5
783,2023,Saison des pluies,Logone-et-Chari,Hilé-Alifa,Homme,,Aucun,Marié(e),9,4,7,Maïs,0.87,Limoneux,Irrigation gravitaire,Pluvial pur,13.9,0.0,11.4,700.9,35.6,1914.1,1665.3,188,313.0,9.0,304.0,Route bitumée,16.5,Aucun,Non,Non,4.0,1
784,2022,Saison des pluies,Mayo-Kani,Guidiguis,Femme,60.0,Secondaire,Veuf/Veuve,9,1,39,Mil,0.56,Limoneux,Marigot,Mixte,17.5,0.0,12.5,882.8,34.3,718.0,402.1,214,86.0,10.8,75.2,Sentier,25.7,WFP,Oui,Non,9.0,2
785,2023,Saison des pluies,Mayo-Kani,Mindif,Femme,62.0,Aucun,Célibataire,8,3,0,Arachide,0.61,Argilo-sableux,Marigot,Pluvial pur,69.2,1.86,1.0,860.2,32.7,1133.3,691.3,371,256.0,32.6,223.4,Sentier,3.0,Aucun,Non,Non,7.0,4
786,2021,Saison sèche,Mayo-Danay,Tchatibali,Femme,52.0,Secondaire,Marié(e),8,1,7,Sorgho,0.67,Argilo-sableux,Pluie seule,Pluvial pur,48.8,3.27,26.9,374.1,31.9,542.2,363.3,233,85.0,35.8,49.2,Piste,0.8,Aucun,Non,Non,2.0,3
787,2022,Saison sèche,Logone-et-Chari,Makary,Homme,32.0,Primaire,Veuf/Veuve,5,3,16,Coton,1.03,Limoneux,Pompe solaire,Pluvial pur,71.6,0.97,45.5,357.8,37.8,1840.5,1895.7,289,548.0,44.7,503.3,Sentier,13.6,Aucun,Non,Non,3.0,2
788,2024,Saison des pluies,Mayo-Sava,Waza,Femme,34.0,Secondaire,Marié(e),1,1,10,Sésame,0.96,Argileux,Pluie + retenue,Irrigué,17.1,0.0,20.6,793.0,37.7,756.8,726.5,598,434.0,13.0,421.0,Sentier,9.0,Aucun,Oui,Non,6.0,4
789,2022,Saison des pluies,Logone-et-Chari,Hilé-Alifa,Homme,30.0,Coranique,Marié(e),8,2,14,Sorgho,1.43,Sableux,Pluie + retenue,Pluvial pur,0.0,0.0,35.3,794.9,35.4,499.0,713.6,209,149.0,10.6,138.4,Voie navigable,0.5,Aucun,Non,Oui,,3
790,2021,Saison sèche,Mayo-Sava,Kolofata,Femme,49.0,Universitaire,Marié(e),8,3,10,Niébé,0.44,Argileux,Pluie seule,Décrue,14.0,0.0,8.0,204.8,34.7,,361.2,417,151.0,8.0,143.0,Route bitumée,4.3,SODECOTON,Non,Oui,6.0,2
791,2021,Saison des pluies,Logone-et-Chari,Goulfey,Homme,48.0,Coranique,Marié(e),1,1,16,Maïs,1.71,Limoneux,Pluie + retenue,Irrigué,151.2,0.0,1.9,632.0,36.4,1737.3,2970.8,207,615.0,61.0,554.0,Piste,39.5,Aucun,Non,Non,2.0,5
792,2022,Saison des pluies,Diamaré,Maroua II,Femme,47.0,Secondaire,Marié(e),13,4,7,Sorgho,0.84,Argileux,Marigot,Pluvial pur,8.2,1.37,1.3,861.1,33.2,844.7,709.5,219,155.0,7.1,147.9,Sentier,12.8,Aucun,Oui,Non,8.0,5
793,2022,Saison des pluies,Mayo-Sava,Méri,Femme,33.0,Secondaire,Marié(e),9,3,15,Maïs,1.31,Argileux,Irrigation gravitaire,Pluvial pur,2.5,0.0,10.1,803.9,36.0,2242.4,2937.5,205,602.0,4.0,598.0,Route bitumée,22.6,WFP,Oui,Non,1.0,2
794,2024,Saison des pluies,Mayo-Danay,Tchatibali,Homme,56.0,Aucun,Marié(e),7,4,11,Sorgho,0.5,Argileux,Irrigation gravitaire,Pluvial pur,,0.0,11.1,,32.1,864.7,432.4,237,102.0,21.7,80.3,Route bitumée,0.5,Aucun,Oui,Oui,9.0,3
795,2023,Saison des pluies,Mayo-Danay,Tchatibali,Homme,31.0,Primaire,Marié(e),6,1,15,Mil,2.87,Argileux,Pompe solaire,Pluvial pur,35.4,0.0,19.7,804.6,31.2,923.4,2650.2,268,710.0,20.1,689.9,Piste,4.3,IRAD,Oui,Non,9.0,4
796,2023,Saison sèche,Logone-et-Chari,Makary,Homme,43.0,Aucun,Marié(e),9,5,9,Mil,,Argileux,Marigot,Pluvial pur,,1.62,9.8,313.4,36.6,548.0,663.1,250,166.0,18.4,147.6,Piste,21.5,Aucun,Non,Non,2.0,3
797,2024,Saison sèche,Mayo-Sava,Kolofata,Homme,61.0,Coranique,Marié(e),10,5,8,Arachide,0.39,Sableux,Irrigation gravitaire,Pluvial pur,0.0,3.22,7.4,213.4,36.9,1036.7,404.3,388,157.0,10.3,146.7,Sentier,6.4,SODECOTON,Non,Non,9.0,1
798,2021,Saison des pluies,Mayo-Sava,Kolofata,Homme,60.0,Secondaire,Marié(e),7,4,16,Sésame,,Argileux,Pluie + retenue,Mixte,,0.0,12.8,503.9,39.2,,440.0,632,278.0,3.8,274.2,Piste,8.7,SODECOTON,Non,Non,1.0,1
799,2023,Saison des pluies,Diamaré,Maroua I,Femme,40.0,Universitaire,Marié(e),7,2,3,Niébé,,Limoneux,Marigot,Irrigué,0.0,0.0,16.8,,32.9,918.5,1120.6,448,502.0,5.0,497.0,Sentier,4.7,FAO,Non,Oui,5.0,3
800,2024,Saison sèche,Logone-et-Chari,Kousseri,Homme,37.0,Primaire,Marié(e),2,2,15,Mil,1.08,Hardé,Pluie + retenue,Pluvial pur,6.3,8.12,19.9,277.0,35.9,,384.9,232,89.0,28.8,60.2,Route bitumée,5.2,Aucun,Non,Non,4.0,2
801,2021,Saison des pluies,Mayo-Sava,Mora,Femme,,Aucun,Marié(e),10,2,25,Maïs,0.47,Argileux,Pluie seule,Pluvial pur,40.7,3.32,22.0,609.7,37.3,1894.7,890.5,205,183.0,31.2,151.8,Piste,34.2,FAO,Non,Oui,8.0,3
802,2022,Saison des pluies,Mayo-Kani,Guidiguis,Homme,65.0,Coranique,Célibataire,8,2,9,Arachide,,Sableux,Pluie seule,Pluvial pur,10.2,0.54,11.4,892.7,36.1,533.9,2231.7,358,799.0,8.8,790.2,Piste,8.2,IRAD,Non,Non,2.0,4
803,2022,Saison des pluies,Mayo-Kani,Touloum,Homme,30.0,Primaire,Marié(e),6,2,1,Arachide,1.86,Sableux,Pompe solaire,Irrigué,80.5,9.19,4.3,1001.7,36.9,1245.8,2317.2,367,850.0,56.5,793.5,Voie navigable,15.7,SODECOTON,Non,Non,2.0,4
804,2023,Saison des pluies,Mayo-Danay,Yagoua,Homme,32.0,Primaire,Marié(e),5,2,16,Mil,2.67,Sableux,Pompe solaire,Pluvial pur,28.1,0.0,10.7,798.8,34.2,742.7,1983.0,192,381.0,14.5,366.5,Sentier,23.7,Aucun,Non,Oui,5.0,3
805,2024,Saison sèche,Mayo-Sava,Méri,Homme,45.0,Aucun,Marié(e),2,2,8,Niébé,,Argileux,Pompe solaire,Pluvial pur,,0.0,20.0,318.4,37.1,1164.1,1071.0,423,453.0,8.8,444.2,Route bitumée,1.5,WFP,Non,Oui,4.0,2
806,2021,Saison des pluies,Mayo-Kani,Moutourwa,Homme,26.0,Aucun,Marié(e),10,5,10,Sorgho,2.41,Argileux,Pluie seule,Pluvial pur,0.5,0.42,12.6,749.4,35.9,422.3,1017.7,175,178.0,5.0,173.0,Piste,2.0,Aucun,Non,Non,3.0,5
807,2022,Saison des pluies,Diamaré,Gazawa,Homme,28.0,Secondaire,Marié(e),8,2,11,Maïs,1.63,Limoneux,Pluie seule,Mixte,1.2,3.02,11.8,899.5,32.4,1655.2,2698.0,183,494.0,11.6,482.4,Sentier,0.5,Aucun,Oui,Non,1.0,3
808,2021,Saison des pluies,Mayo-Danay,Wina,Homme,44.0,Primaire,Marié(e),10,2,4,Arachide,2.2,Argileux,Pluie seule,Pluvial pur,9.8,0.16,14.8,806.6,34.0,882.6,1941.7,354,687.0,8.8,678.2,Piste,6.8,Aucun,Non,Oui,6.0,1
809,2021,Saison des pluies,Mayo-Kani,Mindif,Homme,29.0,Aucun,Célibataire,3,3,13,Mil,0.57,Sableux,Pluie seule,Pluvial pur,69.9,0.0,22.4,691.5,31.8,580.1,330.7,215,71.0,34.7,36.3,Piste,10.6,Aucun,Non,Oui,5.0,3
810,2024,Saison des pluies,Mayo-Danay,Tchatibali,Homme,55.0,Aucun,Marié(e),8,2,30,Maïs,2.31,Argilo-sableux,Pluie + retenue,Pluvial pur,0.0,5.67,24.8,896.8,32.3,922.0,2129.8,191,407.0,21.6,385.4,Route bitumée,17.1,CARE,Non,Oui,7.0,3
811,2024,Saison sèche,Mayo-Kani,Moutourwa,Femme,,Secondaire,Marié(e),10,2,4,Mil,2.42,Hardé,Pluie seule,Mixte,25.8,0.0,9.3,422.8,35.7,271.7,657.5,269,177.0,13.1,163.9,Route bitumée,42.6,WFP,Non,Oui,4.0,3
812,2022,Saison des pluies,Mayo-Kani,Moutourwa,Femme,52.0,Coranique,Marié(e),5,2,12,Sésame,2.15,Limoneux,Pluie seule,Pluvial pur,0.0,10.46,11.4,899.4,35.9,407.1,875.3,634,555.0,29.6,525.4,Sentier,11.5,WFP,Oui,Non,5.0,1
813,2024,Saison sèche,Mayo-Danay,Guirvidig,Femme,56.0,Primaire,Marié(e),6,3,19,Arachide,,Argileux,Pluie + retenue,Mixte,77.5,0.71,28.1,419.3,33.0,1484.4,1914.9,379,726.0,41.2,684.8,Sentier,13.2,Aucun,Non,Non,5.0,3
814,2023,Saison sèche,Mayo-Sava,Kolofata,Homme,42.0,Aucun,Marié(e),10,2,13,Mil,1.08,Sableux,Pluie seule,Irrigué,0.0,0.0,12.9,230.9,38.9,310.2,335.0,248,83.0,3.9,79.1,Piste,12.4,SODECOTON,Oui,Non,8.0,5
815,2022,Saison des pluies,Mayo-Sava,Tokombéré,Homme,42.0,Primaire,Marié(e),11,4,26,Sorgho,1.04,Limoneux,Pompe solaire,Pluvial pur,0.0,0.0,22.8,813.6,37.8,930.2,967.4,232,224.0,6.8,217.2,Piste,9.9,FAO,Non,Oui,3.0,5
816,2023,Saison des pluies,Diamaré,Maroua I,Homme,33.0,Primaire,Marié(e),11,1,10,Maïs,1.76,Argileux,Pluie seule,Mixte,16.1,5.23,8.9,881.0,33.2,1423.9,2506.1,158,396.0,22.2,373.8,Piste,3.1,SODECOTON,Oui,Oui,7.0,3
817,2024,Saison des pluies,Mayo-Kani,Kaélé,Homme,34.0,Coranique,Marié(e),3,2,13,Sorgho,4.83,Argilo-sableux,Pluie seule,Pluvial pur,0.0,0.0,14.5,766.2,33.2,-99.0,2394.2,221,529.0,4.3,524.7,Route bitumée,4.2,WFP,Non,Oui,1.0,5
818,2022,Saison des pluies,Mayo-Sava,Tokombéré,Femme,33.0,Aucun,Marié(e),3,1,13,Sésame,0.99,Argilo-sableux,Marigot,Pluvial pur,,2.33,4.9,686.7,36.1,374.8,371.1,590,219.0,7.3,211.7,Route bitumée,40.0,Aucun,Non,Non,1.0,3
819,2024,Saison sèche,Mayo-Danay,Kalfou,Homme,43.0,Aucun,Marié(e),4,1,14,Arachide,5.56,Limoneux,Pluie + retenue,Pluvial pur,40.3,4.34,1.0,409.0,32.8,981.3,5456.0,383,2090.0,27.3,2062.7,Sentier,4.1,CARE,Non,Oui,3.0,4
820,2024,Saison des pluies,Mayo-Kani,Mindif,Homme,45.0,Secondaire,Marié(e),1,1,16,Sorgho,0.61,Sableux,Pluie + retenue,Irrigué,4.1,3.64,19.3,1002.9,35.7,518.0,316.0,212,67.0,16.5,,Sentier,0.5,Aucun,Non,Non,5.0,5
821,2024,Saison des pluies,Mayo-Kani,Kaélé,Femme,,Coranique,Marié(e),12,1,18,Coton,1.5,Argileux,Pluie + retenue,Pluvial pur,11.7,5.11,22.7,929.6,35.6,1645.4,2468.1,280,691.0,24.3,666.7,Route bitumée,9.5,FAO,Oui,Non,7.0,1
822,2021,Saison sèche,Mayo-Kani,Moutourwa,Femme,33.0,Coranique,Marié(e),3,3,17,Sésame,,Limoneux,Pluie seule,Mixte,15.4,0.0,1.0,290.4,35.0,503.4,533.6,636,339.0,6.5,332.5,Sentier,23.5,WFP,Oui,Oui,2.0,1
823,2021,Saison sèche,Mayo-Sava,Kolofata,Femme,28.0,Aucun,Célibataire,9,1,11,Niébé,0.85,Argilo-sableux,Irrigation gravitaire,Pluvial pur,0.0,0.56,20.9,312.4,34.5,627.8,533.6,384,205.0,7.7,197.3,Route bitumée,1.6,ONG locale,Oui,Non,8.0,3
824,2021,Saison sèche,Diamaré,Gazawa,Femme,,Primaire,Marié(e),5,3,18,Mil,0.55,Sableux,Irrigation gravitaire,Irrigué,24.9,3.57,9.2,359.4,34.5,,304.3,263,80.0,21.6,58.4,Route bitumée,7.4,Aucun,Non,Non,,3
825,2022,Saison sèche,Mayo-Danay,Tchatibali,Homme,49.0,Primaire,Célibataire,4,4,4,Mil,0.66,Sableux,Pluie + retenue,Irrigué,140.0,12.6,4.7,381.3,35.5,814.2,537.4,202,109.0,88.9,20.1,Sentier,13.3,SODECOTON,Non,Oui,1.0,3
826,2023,Saison des pluies,Mayo-Kani,Guidiguis,Femme,53.0,Aucun,Célibataire,7,2,12,Arachide,3.3,Argileux,Pluie seule,Mixte,24.7,2.3,20.0,740.6,39.1,680.3,2245.0,356,799.0,21.6,777.4,Piste,9.6,CARE,Non,Non,9.0,5
827,2023,Saison des pluies,Diamaré,Bogo,Homme,38.0,Aucun,Marié(e),3,3,21,Mil,1.19,Sableux,Pluie seule,Pluvial pur,71.7,3.83,1.1,812.6,34.0,420.8,500.8,194,97.0,38.6,,Sentier,9.0,WFP,Non,Non,2.0,3
828,2021,Saison sèche,Mayo-Kani,Moutourwa,Homme,,Aucun,Marié(e),8,3,4,Niébé,4.74,Argilo-sableux,Pluie + retenue,Pluvial pur,0.0,1.01,16.6,149.3,35.7,,2973.4,375,1115.0,7.5,1107.5,Route bitumée,7.9,SODECOTON,Non,Oui,9.0,1
829,2021,Saison des pluies,Mayo-Kani,Guidiguis,Homme,,Universitaire,Marié(e),5,1,14,Sorgho,1.7,Hardé,Irrigation gravitaire,Pluvial pur,0.0,1.71,21.3,734.9,34.8,733.7,1247.3,250,312.0,10.7,301.3,Sentier,2.8,Aucun,Non,Non,7.0,1
830,2021,Saison sèche,Diamaré,Gazawa,Femme,34.0,Aucun,Marié(e),7,2,11,Arachide,1.59,Argileux,Pompe solaire,Irrigué,38.7,1.4,23.8,316.0,31.8,1413.2,2247.0,362,813.0,26.1,786.9,Voie navigable,5.3,WFP,Non,Non,4.0,4
831,2021,Saison des pluies,Mayo-Sava,Mora,Femme,47.0,Coranique,Marié(e),5,3,10,Sorgho,,Limoneux,Irrigation gravitaire,Pluvial pur,0.0,1.52,14.3,,37.7,900.2,855.2,206,176.0,8.1,167.9,Piste,28.2,Aucun,Non,Oui,4.0,5
832,2021,Saison des pluies,Diamaré,Mémé,Homme,41.0,Coranique,Veuf/Veuve,7,3,5,Sorgho,1.87,Limoneux,Pluie seule,Pluvial pur,76.0,3.31,8.1,826.8,36.6,764.6,1429.8,230,329.0,41.1,287.9,Piste,1.1,SODECOTON,Oui,Oui,6.0,2
833,2021,Saison sèche,Mayo-Sava,Waza,Homme,43.0,Primaire,Marié(e),10,1,0,Arachide,1.17,Sableux,Pluie seule,Pluvial pur,9.7,0.48,10.6,271.8,35.5,684.7,801.1,334,268.0,8.3,259.7,Voie navigable,7.3,SODECOTON,Non,Non,8.0,2
834,2023,Saison des pluies,Mayo-Kani,Mindif,Femme,,Primaire,Marié(e),8,1,29,Sorgho,1.21,Limoneux,Pluie + retenue,Mixte,0.0,10.0,13.4,789.5,36.4,639.1,773.3,196,152.0,29.0,123.0,Route bitumée,4.2,IRAD,Non,Non,7.0,2
835,2023,Saison des pluies,Logone-et-Chari,Blangoua,Homme,33.0,Primaire,Marié(e),4,3,8,Sorgho,1.6,Sableux,Irrigation gravitaire,Pluvial pur,,0.0,8.9,728.9,38.3,,1231.0,237,292.0,38.3,253.7,Sentier,11.8,Aucun,Non,Oui,7.0,3
836,2024,Saison sèche,Logone-et-Chari,Hilé-Alifa,Homme,35.0,Coranique,Marié(e),5,3,12,Sésame,0.61,Sableux,Pluie + retenue,Pluvial pur,11.1,5.56,17.5,,33.3,439.1,267.9,623,167.0,23.6,143.4,Piste,3.6,FAO,Non,Oui,6.0,3
837,2021,Saison des pluies,Mayo-Sava,Tokombéré,Homme,35.0,Aucun,Marié(e),6,4,19,Mil,0.7,Sableux,Marigot,Irrigué,47.3,1.48,6.0,448.9,36.5,463.0,324.1,260,84.0,24.4,,Piste,17.9,ONG locale,Non,Non,2.0,3
838,2024,Saison des pluies,Mayo-Sava,Waza,Homme,48.0,Aucun,Veuf/Veuve,7,2,16,Coton,3.22,Limoneux,Pluie seule,Mixte,88.3,11.45,18.8,863.5,37.1,1003.6,3231.6,306,989.0,69.6,919.4,Piste,20.5,IRAD,Oui,Oui,6.0,5
839,2024,Saison sèche,Logone-et-Chari,Kousseri,Homme,53.0,Aucun,Marié(e),7,2,22,Arachide,1.38,Hardé,Pluie seule,Irrigué,10.6,0.0,17.4,264.8,35.6,450.9,622.2,354,220.0,9.5,210.5,Voie navigable,10.3,Aucun,Oui,Oui,1.0,4
840,2023,Saison des pluies,Mayo-Kani,Kaélé,Femme,54.0,Universitaire,Célibataire,1,1,8,Mil,0.59,Limoneux,Pluie seule,Pluvial pur,51.8,0.0,13.7,835.6,36.6,716.9,423.0,233,99.0,24.8,74.2,Piste,35.7,SODECOTON,Oui,Non,3.0,3
841,2021,Saison sèche,Diamaré,Bogo,Homme,32.0,Aucun,Marié(e),6,1,13,Mil,1.81,Limoneux,Pluie seule,Mixte,0.0,4.2,27.0,219.3,34.5,433.4,784.5,211,166.0,18.6,147.4,Sentier,20.7,Aucun,Oui,Non,8.0,4
842,2022,Saison des pluies,Mayo-Sava,Mora,Homme,43.0,Aucun,Marié(e),9,3,24,Niébé,0.3,Argileux,Pluie seule,Pluvial pur,100.1,0.0,19.2,835.8,36.7,1041.9,312.6,421,132.0,45.8,86.2,Piste,26.2,Aucun,Oui,Oui,4.0,1
843,2021,Saison sèche,Diamaré,Maroua III,Homme,52.0,Secondaire,Marié(e),3,3,23,Niébé,2.3,Argileux,Pluie seule,Pluvial pur,8.6,1.46,21.8,342.0,33.6,864.3,1987.9,433,861.0,13.6,847.4,Voie navigable,13.9,Aucun,Non,Oui,4.0,5
844,2022,Saison sèche,Mayo-Danay,Kalfou,Homme,33.0,Universitaire,Marié(e),1,1,17,Maïs,0.37,Argileux,Pluie seule,Pluvial pur,100.9,0.03,15.2,389.6,31.6,2719.9,1006.4,157,158.0,45.0,113.0,Route bitumée,0.9,Aucun,Non,Oui,3.0,2
845,2024,Saison sèche,Mayo-Danay,Guirvidig,Homme,35.0,Coranique,Marié(e),10,2,5,Mil,0.68,Limoneux,Pompe solaire,Pluvial pur,1.8,0.0,23.4,364.6,32.9,827.5,562.7,238,134.0,7.7,126.3,Sentier,14.4,IRAD,Non,Oui,5.0,4
846,2024,Saison sèche,Diamaré,Maroua III,Femme,23.0,Primaire,Marié(e),6,1,7,Sésame,1.05,Sableux,Pluie seule,Mixte,,3.68,17.2,379.5,34.4,409.8,430.3,619,266.0,31.3,234.7,Sentier,1.3,ONG locale,Non,Oui,5.0,4
847,2023,Saison sèche,Mayo-Sava,Waza,Homme,,Aucun,Célibataire,6,2,16,Sorgho,1.0,Sableux,Pluie + retenue,Décrue,,0.09,15.0,194.9,38.0,444.4,444.4,176,78.0,9.3,68.7,Voie navigable,0.5,Aucun,Non,Non,,3
848,2023,Saison sèche,Diamaré,Maroua II,Femme,65.0,Primaire,Célibataire,7,3,11,Arachide,2.4,Sableux,Marigot,Mixte,80.4,0.0,18.2,272.4,33.8,0.0,2027.0,337,683.0,37.6,645.4,Sentier,4.2,IRAD,Non,Non,7.0,4
849,2023,Saison sèche,Mayo-Danay,Tchatibali,Homme,31.0,Primaire,Célibataire,7,4,14,Maïs,0.97,Hardé,Irrigation gravitaire,Pluvial pur,0.0,5.41,32.0,405.5,33.1,1297.5,1258.6,229,288.0,23.1,264.9,Voie navigable,17.4,Aucun,Oui,Oui,9.0,5
850,2024,Saison des pluies,Mayo-Kani,Mindif,Homme,37.0,Aucun,Marié(e),4,4,21,Maïs,2.2,Argilo-sableux,Irrigation gravitaire,Pluvial pur,10.7,0.0,14.9,934.1,35.4,1329.3,2924.5,168,491.0,8.8,482.2,Piste,12.4,Aucun,Non,Non,8.0,1
851,2021,Saison sèche,Mayo-Sava,Waza,Homme,47.0,Coranique,Marié(e),7,3,7,Niébé,1.42,Argileux,Irrigation gravitaire,Pluvial pur,,4.32,12.0,215.2,36.7,1252.4,1778.4,408,726.0,27.2,698.8,Piste,22.7,Aucun,Non,Non,2.0,2
852,2021,Saison sèche,Mayo-Sava,Mora,Homme,46.0,Primaire,Célibataire,3,3,20,Niébé,,Sableux,Irrigation gravitaire,Pluvial pur,4.5,0.27,14.4,157.1,36.5,872.9,1833.1,400,733.0,6.8,726.2,Sentier,13.5,WFP,Non,Oui,2.0,2
853,2024,Saison sèche,Mayo-Sava,Méri,Femme,47.0,Coranique,Marié(e),8,2,16,Sorgho,1.14,Limoneux,Pluie + retenue,Pluvial pur,24.4,0.0,12.7,255.2,35.9,745.5,849.9,193,164.0,13.6,150.4,Voie navigable,12.9,ONG locale,Non,Non,6.0,4
854,2021,Saison sèche,Logone-et-Chari,Kousseri,Homme,45.0,Coranique,Marié(e),7,3,18,Sorgho,0.68,Sableux,Pluie seule,Décrue,95.0,0.7,25.9,176.4,32.1,534.4,363.4,171,62.0,47.5,14.5,Piste,10.8,FAO,Oui,Non,,2
855,2021,Saison sèche,Logone-et-Chari,Goulfey,Femme,46.0,Aucun,Marié(e),4,1,15,Sorgho,0.82,Sableux,Pompe solaire,Décrue,42.7,0.0,22.7,365.6,34.5,552.8,453.3,184,83.0,23.9,59.1,Route bitumée,19.6,ONG locale,Non,Non,4.0,4
856,2024,Saison sèche,Mayo-Kani,Kaélé,Homme,30.0,Universitaire,Marié(e),8,5,14,Maïs,0.9,Argileux,Pluie seule,Mixte,0.0,2.01,24.1,274.3,34.7,1606.2,1445.6,217,314.0,12.3,301.7,Sentier,2.7,FAO,Oui,Non,6.0,5
857,2024,Saison des pluies,Mayo-Sava,Mora,Homme,28.0,Aucun,Célibataire,5,1,10,Coton,0.32,Limoneux,Pluie seule,Irrigué,6.8,2.16,10.6,833.9,37.5,1172.9,375.3,330,124.0,11.3,112.7,Sentier,8.0,FAO,Non,Non,1.0,5
858,2024,Saison sèche,Logone-et-Chari,Makary,Homme,49.0,Primaire,Marié(e),3,3,19,Mil,2.61,Sableux,Pluie seule,Irrigué,32.6,0.05,15.5,308.6,34.2,504.7,1317.3,254,335.0,17.8,317.2,Route bitumée,1.9,IRAD,Non,Non,2.0,4
859,2024,Saison sèche,Diamaré,Gazawa,Homme,42.0,Aucun,Veuf/Veuve,9,3,12,Maïs,1.39,Argilo-sableux,Marigot,Mixte,1.4,5.51,17.8,395.2,34.3,1173.5,1631.2,159,259.0,19.7,239.3,Piste,13.2,Aucun,Non,Non,7.0,3
860,2023,Saison des pluies,Logone-et-Chari,Blangoua,Homme,34.0,Secondaire,Marié(e),5,4,16,Sorgho,0.35,Sableux,Pluie seule,Mixte,19.9,0.0,5.3,654.0,37.5,449.1,157.2,225,35.0,9.6,25.4,Sentier,20.5,FAO,Non,Oui,4.0,4
861,2023,Saison des pluies,Logone-et-Chari,Blangoua,Homme,27.0,Primaire,Marié(e),8,4,11,Arachide,2.54,Argileux,Pluie seule,Mixte,9.7,0.83,42.4,739.1,38.3,,2793.0,374,1045.0,18.7,1026.3,Piste,5.8,WFP,Non,Non,3.0,1
862,2024,Saison sèche,Mayo-Sava,Kolofata,Homme,23.0,Coranique,Marié(e),7,1,5,Maïs,1.56,Argilo-sableux,Pluie + retenue,Pluvial pur,62.7,0.92,11.9,232.7,39.1,1603.7,2501.8,197,493.0,31.0,462.0,Piste,15.2,ONG locale,Oui,Non,9.0,5
863,2023,Saison des pluies,Mayo-Kani,Kaélé,Homme,47.0,Aucun,Marié(e),3,2,9,Maïs,1.73,Sableux,Pluie seule,Irrigué,0.0,0.0,7.4,,36.6,1104.4,1910.6,225,430.0,2.2,427.8,Voie navigable,8.5,Aucun,Oui,Oui,1.0,4
864,2023,Saison sèche,Logone-et-Chari,Hilé-Alifa,Homme,56.0,Secondaire,Marié(e),4,3,17,Niébé,0.43,Argilo-sableux,Pluie seule,Pluvial pur,168.5,1.85,13.5,326.5,32.7,,540.2,420,227.0,76.1,150.9,Piste,17.9,CARE,Non,Oui,,3
865,2022,Saison des pluies,Logone-et-Chari,Blangoua,Homme,41.0,Secondaire,Marié(e),7,4,5,Niébé,1.13,Argilo-sableux,Pompe solaire,Irrigué,11.8,2.56,17.3,725.1,34.4,1100.0,1243.0,390,485.0,16.3,468.7,Route bitumée,28.5,WFP,Non,Non,,2
866,2024,Saison sèche,Diamaré,Maroua II,Homme,36.0,Primaire,Marié(e),2,2,17,Sorgho,1.95,Argilo-sableux,Irrigation gravitaire,Décrue,0.0,0.08,16.7,477.5,34.2,802.9,1565.7,205,321.0,5.2,315.8,Piste,12.6,WFP,Non,Non,4.0,2
867,2023,Saison sèche,Mayo-Danay,Guirvidig,Homme,43.0,Coranique,Marié(e),3,3,16,Niébé,1.22,Hardé,Pluie seule,Pluvial pur,22.0,2.01,29.1,307.2,33.5,544.8,664.7,403,268.0,22.6,245.4,Route bitumée,26.0,FAO,Oui,Non,8.0,3
868,2021,Saison des pluies,Mayo-Sava,Waza,Homme,47.0,Primaire,Marié(e),6,2,9,Arachide,1.77,Sableux,Marigot,Pluvial pur,42.9,0.0,2.7,558.6,38.9,704.8,1247.5,349,435.0,18.0,417.0,Sentier,1.8,Aucun,Non,Oui,,1
869,2022,Saison des pluies,Mayo-Sava,Méri,Homme,26.0,Secondaire,Marié(e),7,4,10,Sorgho,1.37,Sableux,Pluie seule,Irrigué,0.0,0.0,8.3,844.4,36.7,555.9,761.6,228,174.0,2.5,171.5,Sentier,3.1,SODECOTON,Non,Non,3.0,5
870,2023,Saison sèche,Diamaré,Bogo,Homme,56.0,Aucun,Marié(e),12,3,32,Sorgho,,Sableux,Marigot,Irrigué,0.0,3.02,17.6,254.5,31.8,460.8,516.1,229,118.0,12.8,105.2,Route bitumée,17.1,Aucun,Oui,Non,7.0,1
871,2023,Saison sèche,Mayo-Sava,Kolofata,Homme,37.0,Secondaire,Marié(e),8,4,8,Mil,1.31,Sableux,Pluie seule,Mixte,,0.0,10.9,274.7,37.0,552.8,724.2,223,161.0,4.6,156.4,Piste,10.8,SODECOTON,Non,Non,7.0,2
872,2022,Saison des pluies,Mayo-Sava,Mora,Homme,44.0,Primaire,Marié(e),12,4,19,Sésame,1.47,Hardé,Pompe solaire,Pluvial pur,1.6,0.0,22.7,732.1,40.3,426.0,626.2,584,366.0,7.4,358.6,Piste,11.1,SODECOTON,Non,Non,8.0,1
873,2022,Saison sèche,Mayo-Danay,Guirvidig,Homme,33.0,Coranique,Marié(e),9,3,17,Sorgho,2.25,Hardé,Pluie seule,Décrue,7.8,0.0,1.0,342.6,32.8,274.2,616.9,226,139.0,3.4,135.6,Route bitumée,8.0,IRAD,Non,Oui,5.0,1
874,2024,Saison des pluies,Mayo-Sava,Kolofata,Homme,-3.0,Secondaire,Marié(e),10,1,15,Sésame,0.92,Sableux,Pompe solaire,Mixte,9.7,1.25,20.4,772.5,35.4,692.3,636.9,611,389.0,13.1,375.9,Voie navigable,25.1,Aucun,Non,Oui,1.0,1
875,2022,Saison des pluies,Logone-et-Chari,Hilé-Alifa,Homme,42.0,Coranique,Marié(e),6,2,23,Niébé,0.81,Sableux,Pluie seule,Pluvial pur,10.5,0.16,11.8,818.4,38.9,373.3,302.4,402,122.0,8.1,,Piste,19.4,SODECOTON,Non,Non,5.0,5
876,2024,Saison sèche,Mayo-Danay,Yagoua,Homme,26.0,Primaire,Marié(e),7,1,10,Sésame,1.12,Sableux,Pluie seule,Irrigué,0.0,0.59,6.9,394.6,35.0,,410.1,626,257.0,3.5,253.5,Sentier,0.6,CARE,Non,Non,,5
877,2021,Saison des pluies,Mayo-Sava,Mora,Femme,31.0,Coranique,Célibataire,2,2,13,Mil,0.31,Sableux,Pluie seule,Pluvial pur,0.0,0.0,16.8,,39.3,321.5,99.7,242,24.0,5.0,19.0,Route bitumée,6.0,SODECOTON,Oui,Oui,8.0,2
878,2021,Saison des pluies,Mayo-Sava,Mora,Femme,39.0,Secondaire,Marié(e),11,2,11,Maïs,-5.0,Sableux,Pluie seule,Pluvial pur,5.1,0.0,19.7,554.3,37.3,1443.0,4170.3,162,676.0,7.9,,Piste,68.4,Aucun,Non,Oui,7.0,3
879,2023,Saison sèche,Mayo-Kani,Moutourwa,Homme,43.0,Aucun,Marié(e),1,1,24,Mil,2.63,Argileux,Pluie seule,Pluvial pur,0.0,0.0,11.2,411.3,33.1,548.3,1442.0,256,369.0,3.4,365.6,Sentier,37.4,FAO,Non,Oui,,5
880,2022,Sec,Logone-et-Chari,Hilé-Alifa,Femme,43.0,Secondaire,Marié(e),5,3,10,Arachide,0.86,Argileux,Pluie + retenue,Pluvial pur,64.9,0.0,25.7,843.9,37.5,1594.5,1371.3,379,520.0,33.7,486.3,Route bitumée,4.5,ONG locale,Non,Oui,6.0,1
881,2023,Saison des pluies,Mayo-Sava,Méri,Homme,27.0,Aucun,Marié(e),5,5,4,Maïs,0.48,Argilo-sableux,Pluie seule,Pluvial pur,48.6,1.1,15.5,808.6,36.1,1397.7,670.9,160,107.0,26.8,,Piste,0.5,Aucun,Non,Oui,9.0,3
882,2024,Saison sèche,Mayo-Danay,Guirvidig,Homme,38.0,Coranique,Veuf/Veuve,11,3,15,Sésame,1.99,Argileux,Pompe solaire,Pluvial pur,26.7,0.96,30.3,,33.9,,1589.4,632,1005.0,22.2,982.8,Voie navigable,1.0,Aucun,Oui,Non,5.0,3
883,2021,Saison sèche,Mayo-Danay,Yagoua,Femme,55.0,Aucun,Marié(e),8,2,17,Sésame,1.62,Limoneux,Pluie seule,Pluvial pur,0.0,2.22,11.1,332.3,34.1,300.3,486.5,596,290.0,8.9,281.1,Sentier,1.7,Aucun,Non,Oui,2.0,4
884,2023,Saison des pluies,Diamaré,Maroua II,Homme,58.0,Primaire,Marié(e),4,1,29,Sésame,0.64,Argilo-sableux,Pluie seule,Irrigué,26.1,0.0,12.9,956.9,32.1,457.0,292.5,635,186.0,14.3,171.7,Voie navigable,15.1,FAO,Non,Oui,6.0,3
885,2021,Saison des pluies,Mayo-Kani,Kaélé,Femme,29.0,Aucun,Célibataire,4,1,13,Niébé,1.26,Limoneux,Irrigation gravitaire,Pluvial pur,0.0,0.0,5.1,,35.2,781.9,985.2,372,366.0,1.5,364.5,Piste,9.4,Aucun,Non,Oui,6.0,3
886,2023,Saison des pluies,Mayo-Kani,Mindif,Homme,32.0,Coranique,Marié(e),7,4,16,Niébé,0.55,Argilo-sableux,Pluie seule,Pluvial pur,10.7,0.0,7.1,827.2,36.7,669.8,368.4,436,161.0,6.4,154.6,Piste,18.6,WFP,Oui,Non,7.0,1
887,2023,Saison sèche,Mayo-Danay,Guirvidig,Homme,34.0,Secondaire,Marié(e),12,1,14,Maïs,2.81,Sableux,Pluie + retenue,Pluvial pur,44.9,0.31,7.4,357.6,33.1,1463.4,4112.2,163,670.0,21.0,649.0,Piste,10.7,Aucun,Non,Oui,7.0,2
888,2021,Saison des pluies,Logone-et-Chari,Goulfey,Femme,56.0,Aucun,Marié(e),3,2,11,Niébé,1.98,Argilo-sableux,Pluie + retenue,Pluvial pur,0.0,0.0,9.2,567.7,35.4,,1608.2,440,708.0,2.8,705.2,Sentier,6.9,SODECOTON,Non,Oui,9.0,5
889,2024,Saison des pluies,Logone-et-Chari,Blangoua,Femme,54.0,Primaire,Célibataire,4,1,2,Maïs,,Argilo-sableux,Marigot,Pluvial pur,0.0,0.0,19.8,756.5,35.4,1106.8,697.3,163,114.0,5.9,108.1,Sentier,1.6,Aucun,Non,Non,5.0,4
890,2021,Saison sèche,Mayo-Kani,Moutourwa,Homme,49.0,Aucun,Marié(e),7,4,11,Sésame,0.43,Limoneux,Pluie seule,Mixte,0.0,0.0,1.0,250.4,31.8,378.1,162.6,605,98.0,0.3,97.7,Route bitumée,0.5,CARE,Non,Oui,9.0,5
891,2021,Saison sèche,Logone-et-Chari,Hilé-Alifa,Homme,18.0,Universitaire,Marié(e),10,1,2,Mil,0.68,Argilo-sableux,Marigot,Décrue,39.0,0.0,20.0,230.3,33.3,761.7,518.0,260,135.0,21.6,113.4,Route bitumée,12.7,WFP,Non,Non,3.0,3
892,2021,Sec,Mayo-Sava,Méri,Femme,60.0,Aucun,Marié(e),10,2,16,Mil,,Argileux,Pluie + retenue,Pluvial pur,2.7,2.68,15.0,532.2,38.2,714.4,1143.0,198,226.0,12.3,213.7,Route bitumée,21.0,FAO,Non,Non,6.0,2
893,2022,Saison des pluies,Mayo-Sava,Kolofata,Homme,200.0,Primaire,Veuf/Veuve,7,2,19,Maïs,1.35,Sableux,Pluie + retenue,Pluvial pur,0.0,0.16,1.0,779.9,35.3,1309.6,1768.0,152,269.0,0.7,268.3,Voie navigable,27.0,Aucun,Non,Non,4.0,2
894,2021,Saison des pluies,Mayo-Danay,Kalfou,Homme,34.0,Coranique,Marié(e),9,4,3,Maïs,1.03,Argileux,Pluie seule,Mixte,26.6,3.19,22.5,779.0,32.3,1650.4,1699.9,214,364.0,25.4,,Route bitumée,2.7,WFP,Non,Non,7.0,2
895,2021,Saison des pluies,Logone-et-Chari,Kousseri,Homme,63.0,Secondaire,Marié(e),8,4,28,Niébé,2.25,Argileux,Pluie + retenue,Pluvial pur,72.8,0.0,17.5,525.7,31.5,1390.2,3128.0,377,1179.0,34.4,1144.6,Route bitumée,8.4,Aucun,Oui,Non,4.0,1
896,2024,Saison sèche,Logone-et-Chari,Kousseri,Homme,46.0,Primaire,Célibataire,9,2,17,Niébé,2.52,Limoneux,Pluie + retenue,Mixte,0.0,0.25,18.6,214.5,35.2,738.3,1860.5,413,768.0,6.2,761.8,Sentier,19.0,Aucun,Oui,Oui,2.0,5
897,2022,Saison des pluies,Logone-et-Chari,Goulfey,Homme,34.0,Primaire,Marié(e),6,2,7,Arachide,1.61,Argileux,Pluie + retenue,Pluvial pur,8.7,0.0,27.5,,35.9,1167.9,1880.3,381,716.0,11.7,704.3,Piste,5.3,SODECOTON,Non,Non,2.0,1
898,2022,Saison des pluies,Logone-et-Chari,Blangoua,Homme,40.0,Aucun,Marié(e),6,4,24,Mil,0.76,Sableux,Pluie + retenue,Pluvial pur,10.6,0.35,8.8,746.0,37.4,485.4,368.9,237,87.0,7.8,79.2,Sentier,5.4,IRAD,Non,Non,3.0,3
899,2022,Saison sèche,Logone-et-Chari,Kousseri,homme,41.0,Aucun,Marié(e),7,1,20,Mil,0.57,Argilo-sableux,Pluie + retenue,Pluvial pur,0.0,4.2,15.2,305.2,34.1,394.9,225.1,227,51.0,15.1,,Sentier,5.4,Aucun,Non,Non,2.0,4
900,2024,Saison des pluies,Logone-et-Chari,Kousseri,Femme,24.0,Universitaire,Marié(e),12,3,4,Niébé,,Limoneux,Pluie seule,Irrigué,10.8,0.8,20.5,801.3,35.8,959.6,1026.8,445,457.0,12.5,444.5,Voie navigable,3.3,Aucun,Oui,Oui,1.0,3
901,2022,Saison des pluies,Diamaré,Maroua II,Homme,61.0,Coranique,Marié(e),1,1,5,Sorgho,2.0,Limoneux,Marigot,Décrue,,9.82,3.0,929.2,33.7,726.9,1453.8,173,252.0,45.1,,Piste,3.4,WFP,Non,Non,4.0,3
902,2022,Saison des pluies,Diamaré,Maroua II,Femme,36.0,Coranique,Marié(e),1,1,12,Mil,0.58,Limoneux,Pluie seule,Irrigué,,8.42,21.3,1028.4,34.9,669.4,388.3,213,83.0,51.6,31.4,Sentier,17.2,Aucun,Non,Non,7.0,5
903,2021,Saison sèche,Mayo-Danay,Wina,Homme,44.0,Primaire,Marié(e),4,3,18,Niébé,1.07,Argileux,Pluie + retenue,Mixte,0.0,0.0,14.0,300.7,36.9,810.8,867.6,446,387.0,4.2,382.8,Piste,15.2,WFP,Non,Oui,7.0,3
904,2022,Saison sèche,Mayo-Danay,Yagoua,Homme,39.0,Primaire,Marié(e),10,3,9,Niébé,1.61,Limoneux,Pluie seule,Irrigué,76.0,4.1,26.5,442.5,33.9,,1727.5,405,700.0,48.6,651.4,Piste,5.7,ONG locale,Oui,Non,3.0,5
905,2023,Saison des pluies,Mayo-Sava,Waza,Homme,41.0,Coranique,Marié(e),6,3,13,Sorgho,,Sableux,Irrigation gravitaire,Mixte,21.5,4.12,25.5,736.3,38.9,668.3,2125.2,237,504.0,26.5,477.5,Route bitumée,11.6,FAO,Oui,Non,8.0,1
906,2021,Saison des pluies,Mayo-Kani,Touloum,Homme,53.0,Secondaire,Marié(e),3,3,8,Maïs,1.84,Sableux,Pluie + retenue,Irrigué,0.0,0.0,5.2,714.5,36.0,1826.4,3360.6,176,591.0,1.6,589.4,Sentier,0.8,IRAD,Oui,Oui,3.0,2
907,2024,Saison des pluies,Mayo-Danay,Tchatibali,Femme,35.0,Aucun,Marié(e),3,1,14,Sorgho,0.42,Sableux,Pluie seule,Irrigué,10.7,0.0,32.5,1037.8,32.2,336.4,141.3,224,32.0,14.0,18.0,Sentier,15.0,IRAD,Oui,Oui,1.0,5
908,2021,Saison sèche,Mayo-Kani,Mindif,Femme,42.0,Primaire,Marié(e),5,1,23,Sorgho,0.9,Argilo-sableux,Pluie seule,Irrigué,2.7,13.7,21.8,178.7,35.7,677.9,610.1,246,150.0,41.9,108.1,Sentier,26.1,ONG locale,Non,Non,8.0,3
909,2023,Saison des pluies,Diamaré,Mémé,Homme,29.0,Aucun,Marié(e),15,4,13,Mil,1.72,Limoneux,Pluie seule,Pluvial pur,,0.0,20.7,806.4,33.7,731.8,1258.7,252,317.0,28.1,288.9,Sentier,5.9,Aucun,Non,Non,4.0,3
910,2024,Saison des pluies,Mayo-Sava,Méri,Femme,42.0,Aucun,Marié(e),10,3,15,Mil,1.52,Argileux,Pluie seule,Irrigué,0.0,0.34,8.7,792.2,39.3,606.9,922.5,194,179.0,3.5,175.5,Voie navigable,27.6,FAO,Non,Oui,,4
911,2021,Saison des pluies,Mayo-Danay,Kalfou,Homme,45.0,Secondaire,Marié(e),5,1,21,Maïs,2.87,Limoneux,Pompe solaire,Pluvial pur,6.8,0.87,12.2,672.3,32.0,2875.6,8253.0,216,1783.0,8.6,,Sentier,14.2,Aucun,Non,Oui,7.0,5
912,2023,Saison des pluies,Diamaré,Maroua III,Homme,43.0,Coranique,Célibataire,3,3,4,Sésame,4.77,Argileux,Pluie seule,Mixte,16.7,17.45,5.1,843.1,31.9,559.2,2667.4,600,1600.0,51.8,1548.2,Route bitumée,0.6,Aucun,Non,Non,7.0,2
913,2021,Saison sèche,Diamaré,Maroua III,Homme,47.0,Aucun,Veuf/Veuve,8,1,16,Sorgho,0.84,Argileux,Pluie + retenue,Pluvial pur,5.3,0.0,13.2,278.8,33.3,671.9,564.4,187,106.0,6.1,99.9,Sentier,0.8,ONG locale,Non,Oui,9.0,4
914,2022,Saison des pluies,Logone-et-Chari,Hilé-Alifa,Homme,,Primaire,Marié(e),7,2,15,Mil,1.16,Argileux,Pluie + retenue,Pluvial pur,54.8,3.72,18.8,748.6,35.2,825.7,957.8,250,239.0,36.9,202.1,Route bitumée,0.5,CARE,Non,Non,7.0,3
915,2021,Saison des pluies,Diamaré,Mémé,Homme,64.0,Primaire,Marié(e),9,4,32,Niébé,0.81,Limoneux,Irrigation gravitaire,Mixte,0.3,0.0,28.5,772.9,34.9,1114.3,902.6,405,366.0,8.7,357.3,Piste,4.0,Aucun,Oui,Non,5.0,5
916,2022,Saison sèche,Diamaré,Gazawa,Homme,23.0,Primaire,Marié(e),9,3,6,Coton,0.97,Sableux,Pluie seule,Décrue,0.0,0.36,14.6,398.4,31.5,1054.7,1023.1,299,306.0,5.3,300.7,Piste,10.8,ONG locale,Non,Oui,8.0,1
917,2022,Saison des pluies,Diamaré,Maroua II,Femme,56.0,Coranique,Marié(e),7,1,18,Maïs,1.21,Argilo-sableux,Irrigation gravitaire,Pluvial pur,3.1,0.0,20.9,899.7,36.5,1685.1,2039.0,161,328.0,7.5,320.5,Piste,1.1,SODECOTON,Non,Non,6.0,1
918,2021,Saison des pluies,Diamaré,Maroua I,Femme,41.0,Aucun,Marié(e),10,5,9,Sorgho,0.24,Argilo-sableux,Pluie seule,Mixte,34.2,7.47,9.0,712.2,32.4,321.7,77.2,183,14.0,35.1,-21.1,Sentier,8.6,Aucun,Non,Non,9.0,4
919,2023,Saison des pluies,Logone-et-Chari,Goulfey,Homme,37.0,Coranique,Marié(e),11,2,16,Sorgho,5.76,Hardé,Pluie seule,Décrue,54.5,1.13,5.6,674.4,34.7,456.7,2630.6,210,552.0,26.3,525.7,Sentier,7.0,Aucun,Non,Non,9.0,2
920,2023,Saison sèche,Mayo-Sava,Kolofata,Femme,30.0,Coranique,Veuf/Veuve,5,2,14,Niébé,1.12,Argileux,Pluie seule,Pluvial pur,19.0,0.0,3.6,234.2,35.5,846.6,948.2,390,370.0,8.7,361.3,Sentier,3.7,Aucun,Oui,Non,9.0,5
921,2022,Saison des pluies,Logone-et-Chari,Blangoua,Homme,47.0,Primaire,Marié(e),5,2,7,Sésame,1.31,Limoneux,Pluie seule,Pluvial pur,26.2,0.0,2.1,702.3,35.0,552.6,723.9,642,465.0,11.1,453.9,Sentier,15.1,Aucun,Oui,Non,7.0,4
922,2022,Saison des pluies,Mayo-Kani,Touloum,Homme,25.0,Primaire,Marié(e),9,1,9,Sorgho,0.6,Argilo-sableux,Marigot,Pluvial pur,0.0,3.7,9.1,906.8,34.9,,414.9,179,74.0,12.0,62.0,Piste,20.9,SODECOTON,Non,Non,3.0,5
923,2023,Saison des pluies,Diamaré,Bogo,Homme,38.0,Aucun,Marié(e),6,3,16,Mil,,Argileux,Pluie seule,Mixte,17.7,0.0,17.6,893.4,34.8,598.7,449.0,193,87.0,12.4,74.6,Voie navigable,4.7,Aucun,Non,Non,2.0,2
924,2021,Saison des pluies,Mayo-Sava,Waza,Homme,33.0,Aucun,Marié(e),3,2,13,Arachide,1.5,Argilo-sableux,Marigot,Pluvial pur,29.8,0.0,18.2,529.8,38.8,,1486.7,338,503.0,17.4,485.6,Piste,17.4,Aucun,Non,Oui,6.0,1
925,2021,Saison sèche,Logone-et-Chari,Goulfey,Femme,43.0,Aucun,Marié(e),10,3,22,Niébé,2.28,Argilo-sableux,Marigot,Mixte,2.4,0.0,17.8,,34.6,568.1,1295.3,391,506.0,6.3,499.7,Voie navigable,4.5,Aucun,Oui,Non,7.0,1
926,2023,Saison sèche,Mayo-Sava,Waza,Femme,22.0,Aucun,Marié(e),5,4,6,Mil,0.57,Hardé,Irrigation gravitaire,Décrue,0.0,4.49,29.1,170.1,39.1,527.4,300.6,262,79.0,20.0,59.0,Sentier,2.7,Aucun,Non,Non,5.0,3
927,2024,Saison des pluies,Diamaré,Maroua I,Homme,18.0,Secondaire,Marié(e),4,3,2,Niébé,6.46,Hardé,Pluie + retenue,Irrigué,0.0,0.0,10.0,1018.6,34.5,476.6,3078.8,437,1345.0,3.0,1342.0,Piste,11.9,ONG locale,Non,Oui,5.0,1
928,2024,Saison sèche,Logone-et-Chari,Kousseri,Homme,26.0,Aucun,Marié(e),6,1,10,Arachide,1.53,Sableux,Pluie seule,Décrue,8.1,4.32,24.4,384.1,35.7,518.2,792.8,366,290.0,21.4,268.6,Route bitumée,2.8,Aucun,Non,Oui,4.0,3
929,2022,Saison sèche,Diamaré,Bogo,Femme,48.0,Aucun,Célibataire,11,3,15,Arachide,0.35,Limoneux,Pluie seule,Décrue,52.5,2.79,9.2,331.9,34.6,1018.0,356.3,333,119.0,30.7,88.3,Route bitumée,11.5,Aucun,Oui,Non,2.0,4
930,2023,Saison des pluies,Mayo-Sava,Méri,Homme,50.0,Secondaire,Célibataire,11,3,1,Coton,0.65,Argileux,Pluie seule,Pluvial pur,0.0,1.6,12.2,723.1,38.3,1223.4,795.2,281,223.0,7.7,215.3,Sentier,2.8,WFP,Oui,Oui,6.0,1
931,2024,Saison des pluies,Logone-et-Chari,Hilé-Alifa,Homme,54.0,Primaire,Marié(e),12,3,5,Sorgho,1.9,Argileux,Irrigation gravitaire,Mixte,33.8,0.0,15.9,776.6,35.8,1045.1,1985.7,230,457.0,18.3,438.7,Piste,11.9,Aucun,Non,Oui,5.0,5
932,2022,Saison sèche,Mayo-Kani,Mindif,Homme,35.0,Primaire,Marié(e),6,2,11,Mil,0.81,Sableux,Pluie + retenue,Irrigué,54.9,0.0,12.5,338.8,35.0,633.9,513.5,228,117.0,25.7,91.3,Voie navigable,18.9,Aucun,Non,Non,7.0,4
933,2024,Saison des pluies,Mayo-Danay,Wina,Femme,47.0,Secondaire,Marié(e),5,3,17,Sésame,1.26,Argileux,Pluie + retenue,Pluvial pur,7.4,0.27,14.2,1042.5,32.3,654.9,825.2,619,511.0,7.9,503.1,Voie navigable,14.9,SODECOTON,Non,Non,8.0,5
934,2021,Saison des pluies,Mayo-Kani,Mindif,Homme,36.0,Aucun,Marié(e),8,3,17,Niébé,1.72,Argilo-sableux,Pluie seule,Décrue,32.9,0.0,1.4,581.6,35.2,777.1,1336.6,445,595.0,13.6,581.4,Piste,45.2,Aucun,Non,Oui,1.0,1
935,2024,Saison sèche,Mayo-Sava,Mora,Femme,26.0,Primaire,Marié(e),1,1,10,Niébé,1.12,Sableux,Marigot,Pluvial pur,0.0,0.0,23.6,351.3,37.4,462.8,518.3,412,214.0,7.1,206.9,Route bitumée,5.7,Aucun,Non,Oui,9.0,1
936,2024,Saison sèche,Mayo-Sava,Tokombéré,Homme,,Secondaire,Marié(e),8,4,2,Sorgho,1.27,Hardé,Irrigation gravitaire,Mixte,11.0,6.19,7.7,209.5,35.6,377.4,479.3,242,116.0,22.2,,Voie navigable,9.0,FAO,Oui,Non,8.0,5
937,2023,Saison des pluies,Mayo-Sava,Waza,Homme,58.0,Primaire,Marié(e),8,1,12,Maïs,0.4,Sableux,Pluie + retenue,Pluvial pur,50.4,0.64,16.9,644.7,35.4,1368.8,547.5,203,111.0,26.8,84.2,Piste,10.8,WFP,Non,Non,6.0,2
938,2022,Saison sèche,Diamaré,Maroua II,Homme,48.0,Coranique,Marié(e),5,3,24,Mil,2.46,Argileux,Pluie seule,Pluvial pur,6.3,4.92,25.1,,33.8,597.9,1470.8,212,312.0,22.4,289.6,Voie navigable,72.1,IRAD,Non,Oui,1.0,3
939,2023,Saison sèche,Logone-et-Chari,Hilé-Alifa,Homme,31.0,Aucun,Marié(e),6,3,12,Sésame,1.53,Argileux,Pluie + retenue,Irrigué,45.8,0.79,19.6,233.1,39.3,673.6,1030.6,622,641.0,26.2,614.8,Piste,9.7,Aucun,Non,Non,8.0,2
940,2023,Saison sèche,Mayo-Sava,Kolofata,Femme,35.0,Primaire,Marié(e),9,4,19,Coton,2.1,Sableux,Irrigation gravitaire,Mixte,95.5,2.49,1.0,280.5,37.1,1254.3,2634.0,256,674.0,44.7,629.3,Piste,3.4,ONG locale,Non,Non,5.0,2
941,2024,Saison sèche,Mayo-Danay,Tchatibali,Homme,54.0,Aucun,Marié(e),14,4,1,Arachide,0.83,Argileux,Pluie seule,Irrigué,33.9,1.33,28.6,366.6,34.1,820.2,680.8,356,242.0,25.5,216.5,Route bitumée,8.1,SODECOTON,Non,Non,6.0,2
942,2021,Saison des pluies,Mayo-Kani,Moutourwa,Homme,,Primaire,Marié(e),10,1,15,Coton,,Limoneux,Pluie + retenue,Mixte,40.2,0.0,1.0,673.7,33.0,1403.7,1431.8,252,361.0,16.4,344.6,Route bitumée,3.9,IRAD,Non,Non,9.0,1
943,2023,Saison sèche,Mayo-Danay,Yagoua,Homme,31.0,Secondaire,Marié(e),6,5,7,Maïs,0.36,Argileux,Pluie seule,Pluvial pur,79.0,0.0,19.0,366.0,34.7,2204.8,793.7,159,126.0,37.3,88.7,Piste,22.1,ONG locale,Oui,Non,2.0,5
944,2023,Saison des pluies,Logone-et-Chari,Kousseri,Homme,48.0,Secondaire,Marié(e),5,1,26,Mil,0.82,Argileux,Pompe solaire,Irrigué,34.0,0.0,18.8,742.6,36.8,1017.6,834.4,235,196.0,19.2,176.8,Voie navigable,25.3,WFP,Non,Non,7.0,4
945,2022,Saison sèche,Logone-et-Chari,Goulfey,Femme,,Aucun,Marié(e),6,5,23,Sésame,0.51,Limoneux,Pluie seule,Pluvial pur,0.0,0.0,10.7,321.1,38.6,382.0,194.8,584,114.0,3.2,110.8,Voie navigable,22.7,ONG locale,Non,Non,1.0,2
946,2023,Saison des pluies,Logone-et-Chari,Blangoua,Homme,,Aucun,Marié(e),7,1,10,Coton,0.72,Argileux,Pompe solaire,Pluvial pur,9.4,0.06,17.2,838.8,36.9,1704.1,1227.0,280,344.0,9.1,334.9,Route bitumée,6.1,Aucun,Oui,Oui,5.0,2
947,2021,Saison des pluies,Diamaré,Bogo,Homme,43.0,Aucun,Marié(e),5,3,5,Arachide,1.78,Sableux,Pluie seule,Pluvial pur,0.0,6.3,7.7,822.3,32.2,597.1,1062.8,400,425.0,18.1,406.9,Piste,3.3,Aucun,Non,Non,,5
948,2021,Saison sèche,Mayo-Kani,Mindif,Homme,40.0,Secondaire,Marié(e),12,1,13,Sésame,3.2,Limoneux,Pluie + retenue,Irrigué,19.5,3.38,8.3,356.3,36.3,696.1,2227.5,622,1386.0,18.7,1367.3,Voie navigable,3.1,Aucun,Non,Non,4.0,2
949,2021,Saison des pluies,Logone-et-Chari,Hilé-Alifa,Homme,53.0,Aucun,Veuf/Veuve,7,1,14,Sorgho,2.51,Sableux,Pluie seule,Pluvial pur,87.3,0.0,15.6,680.4,34.6,603.6,1515.0,196,297.0,39.6,257.4,Sentier,25.6,Aucun,Oui,Oui,5.0,4
950,2024,Saison des pluies,Mayo-Sava,Tokombéré,Homme,36.0,Aucun,Marié(e),6,4,18,Mil,1.1,Sableux,Pluie seule,Mixte,,4.66,22.7,804.6,35.7,309.2,340.1,242,82.0,18.7,63.3,Sentier,2.5,Aucun,Oui,Non,8.0,1
951,2022,Saison sèche,Logone-et-Chari,Kousseri,Femme,18.0,Coranique,Célibataire,8,4,2,Sorgho,1.45,Hardé,Pluie + retenue,Pluvial pur,37.7,1.84,15.3,314.4,35.4,406.0,588.7,245,144.0,24.3,119.7,Sentier,0.6,CARE,Oui,Non,4.0,4
952,2021,Saison des pluies,Mayo-Kani,Mindif,Homme,25.0,Secondaire,Célibataire,4,1,9,Sésame,0.78,Argileux,Pompe solaire,Pluvial pur,5.8,0.0,13.7,811.6,35.4,879.0,685.6,585,401.0,6.4,394.6,Route bitumée,2.5,WFP,Non,Non,1.0,4
953,2023,Saison des pluies,Diamaré,Maroua III,Homme,42.0,Aucun,Marié(e),9,1,18,Mil,0.67,Argileux,Pluie + retenue,Irrigué,41.5,0.0,8.1,870.4,32.1,556.4,372.8,203,76.0,19.0,57.0,Route bitumée,3.8,IRAD,Non,Oui,9.0,2
954,2021,Saison des pluies,Mayo-Danay,Yagoua,Homme,42.0,Aucun,Marié(e),3,3,16,Sorgho,1.79,Argileux,Pluie seule,Pluvial pur,,0.0,15.6,768.3,32.7,655.5,1173.3,201,236.0,21.3,,Route bitumée,8.8,Aucun,Non,Non,3.0,5
955,2022,Saison sèche,Mayo-Sava,Waza,Femme,25.0,Aucun,Marié(e),6,1,8,Sésame,,Argileux,Irrigation gravitaire,Irrigué,28.3,0.0,9.3,407.8,36.6,770.0,346.5,583,202.0,14.1,,Piste,23.0,SODECOTON,Non,Oui,9.0,3
956,2023,Saison sèche,Mayo-Kani,Kaélé,Homme,60.0,Secondaire,Marié(e),8,2,3,Mil,1.48,Limoneux,Pompe solaire,Pluvial pur,4.0,0.0,11.0,263.0,36.8,787.1,1164.9,227,264.0,4.9,259.1,Sentier,16.6,CARE,Non,Non,5.0,5
957,2021,Saison des pluies,Logone-et-Chari,Makary,Homme,47.0,Primaire,Marié(e),7,3,21,Sorgho,1.8,Sableux,Marigot,Décrue,9.8,3.7,18.1,535.6,35.2,443.9,799.0,203,162.0,18.6,143.4,Piste,3.8,SODECOTON,Non,Oui,,5
958,2023,Saison des pluies,Logone-et-Chari,Kousseri,Homme,35.0,Aucun,Marié(e),7,2,19,Coton,0.77,Argileux,Pluie seule,Mixte,,3.37,22.3,778.5,35.6,1193.8,919.2,263,242.0,28.3,213.7,Voie navigable,11.8,SODECOTON,Non,Non,1.0,1
959,2021,Saison des pluies,Mayo-Sava,Méri,Homme,38.0,Secondaire,Marié(e),3,3,14,Sorgho,3.03,Argileux,Irrigation gravitaire,Pluvial pur,51.4,5.12,11.9,665.3,37.0,,3624.5,213,772.0,36.9,735.1,Piste,29.2,Aucun,Non,Oui,2.0,4
960,2024,Saison des pluies,Mayo-Danay,Guirvidig,Homme,47.0,Primaire,Marié(e),6,3,14,Sorgho,0.69,Argilo-sableux,Pluie + retenue,Mixte,22.9,0.52,16.4,1022.0,33.0,625.4,431.5,230,99.0,15.4,83.6,Piste,66.2,IRAD,Oui,Oui,6.0,3
961,2022,Saison sèche,Mayo-Kani,Moutourwa,Homme,40.0,Aucun,Marié(e),5,3,14,Mil,0.91,Sableux,Pluie seule,Pluvial pur,28.9,0.0,21.9,,36.2,478.9,435.8,264,115.0,18.1,96.9,Sentier,13.3,CARE,Non,Oui,8.0,2
962,2021,Saison des pluies,Mayo-Danay,Guirvidig,Femme,18.0,Aucun,Marié(e),8,2,2,Sorgho,0.54,Limoneux,Pluie seule,Pluvial pur,1.8,0.0,20.8,809.3,33.3,566.2,305.7,206,63.0,7.0,56.0,Piste,29.1,Aucun,Non,Non,4.0,2
963,2024,Saison des pluies,Mayo-Danay,Kalfou,Femme,46.0,Aucun,Marié(e),8,2,24,Maïs,2.75,Sableux,Pluie seule,Mixte,37.9,3.86,15.5,,30.5,961.0,2642.8,197,521.0,29.5,491.5,Piste,10.3,Aucun,Oui,Non,3.0,5
964,2022,Saison des pluies,Diamaré,Maroua III,Homme,,Aucun,Marié(e),7,1,9,Niébé,1.45,Limoneux,Marigot,Irrigué,135.4,2.01,15.6,846.4,34.7,901.6,1307.3,405,529.0,63.9,,Route bitumée,3.2,Aucun,Non,Oui,8.0,5
965,2024,Saison des pluies,Mayo-Kani,Mindif,Homm,38.0,Aucun,Célibataire,7,3,22,Mil,0.89,Sableux,Marigot,Irrigué,108.6,0.0,17.1,,36.0,641.7,571.1,268,153.0,48.6,104.4,Route bitumée,5.4,Aucun,Non,Oui,1.0,5
966,2023,Saison des pluies,Mayo-Sava,Tokombéré,Homme,42.0,Aucun,Marié(e),11,5,6,Sorgho,1.62,Argileux,Pluie + retenue,Pluvial pur,61.7,0.0,10.1,,34.8,739.0,1197.2,172,206.0,27.7,178.3,Voie navigable,50.8,Aucun,Non,Non,1.0,1
967,2021,Saison des pluies,Diamaré,Bogo,Femme,40.0,Secondaire,Marié(e),9,2,0,Niébé,2.64,Limoneux,Marigot,Mixte,,2.85,16.7,777.5,31.8,1158.2,3057.6,375,1147.0,24.7,1122.3,Sentier,12.9,Aucun,Non,Non,2.0,3
968,2021,Saison sèche,Mayo-Danay,Guirvidig,Homme,30.0,Secondaire,Marié(e),6,1,14,Sorgho,2.32,Sableux,Pluie + retenue,Pluvial pur,4.0,0.0,17.0,284.4,34.8,462.7,1073.5,186,200.0,6.7,193.3,Sentier,4.3,ONG locale,Oui,Oui,1.0,5
969,2023,Saison sèche,Logone-et-Chari,Blangoua,Homme,52.0,Coranique,Marié(e),7,1,20,Niébé,0.48,Sableux,Pompe solaire,Pluvial pur,1.4,0.0,26.5,273.9,37.9,761.9,365.7,402,147.0,8.5,138.5,Voie navigable,3.3,FAO,Non,Oui,7.0,3
970,2024,Saison des pluies,Mayo-Kani,Moutourwa,Homme,47.0,Primaire,Marié(e),2,2,9,Niébé,0.58,Sableux,Pluie seule,Pluvial pur,29.4,0.0,11.6,981.9,32.9,659.1,382.3,386,148.0,15.2,132.8,Sentier,7.6,ONG locale,Non,Oui,9.0,1
971,2024,Saison sèche,Logone-et-Chari,Blangoua,Femme,49.0,Secondaire,Célibataire,4,4,13,Sorgho,0.23,Limoneux,Irrigation gravitaire,Pluvial pur,0.0,0.0,31.9,261.3,34.9,876.0,201.5,187,38.0,9.6,,Voie navigable,13.2,ONG locale,Non,Non,7.0,4
972,2021,Saison des pluies,Diamaré,Bogo,Homme,,Coranique,Marié(e),3,2,4,Arachide,,Sableux,Pluie + retenue,Mixte,9.1,0.0,17.2,821.2,35.2,715.9,708.7,348,247.0,8.8,238.2,Piste,21.2,Aucun,Non,Non,1.0,2
973,2023,Saison sèche,Diamaré,Bogo,Homme,44.0,Aucun,Marié(e),4,4,20,Niébé,1.26,Sableux,Pluie seule,Mixte,62.4,7.18,10.8,386.2,34.3,659.1,830.5,450,374.0,46.1,327.9,Sentier,4.4,WFP,Oui,Non,8.0,4
974,2022,Saison des pluies,Mayo-Danay,Guirvidig,Homme,63.0,Secondaire,Marié(e),6,2,15,Mil,2.11,Sableux,Pluie + retenue,Pluvial pur,14.5,0.0,11.8,1019.9,34.7,749.3,1581.0,204,323.0,9.3,313.7,Sentier,16.4,Aucun,Non,Oui,8.0,5
975,2024,Saison des pluies,Diamaré,Mémé,Homme,53.0,Primaire,Marié(e),9,2,11,Mil,3.16,Argileux,Pluie + retenue,Mixte,3.6,7.88,25.6,1001.2,33.6,809.1,2556.8,267,683.0,28.8,654.2,Piste,8.4,Aucun,Oui,Oui,9.0,4
976,2021,Saison sèche,Diamaré,Bogo,Homme,40.0,Primaire,Veuf/Veuve,4,4,20,Mil,1.34,Argilo-sableux,Pluie seule,Pluvial pur,54.5,0.21,21.8,334.8,35.5,463.0,620.4,195,121.0,28.9,92.1,Piste,26.4,ONG locale,Non,Non,7.0,4
977,2023,Saison des pluies,Mayo-Kani,Kaélé,Homme,32.0,Aucun,Marié(e),5,2,2,Arachide,1.91,Sableux,Pluie seule,Mixte,17.0,0.0,15.3,791.5,33.9,816.3,1559.1,353,550.0,11.4,538.6,Piste,5.8,Aucun,Non,Oui,2.0,5
978,2023,Saison sèche,Mayo-Sava,Kolofata,Homme,53.0,Secondaire,Célibataire,9,1,29,Coton,2.64,Argileux,Pluie seule,Pluvial pur,10.2,0.43,18.9,190.2,36.4,1049.2,2769.9,284,787.0,10.8,776.2,Voie navigable,63.1,Aucun,Non,Oui,2.0,1
979,2023,Saison sèche,Mayo-Sava,Tokombéré,Femme,66.0,Coranique,Marié(e),9,3,20,Maïs,1.91,Hardé,Pluie seule,Décrue,21.0,1.61,16.4,258.5,38.5,932.8,1781.6,217,387.0,17.3,369.7,Sentier,15.4,ONG locale,Non,Oui,5.0,2
980,2024,Saison sèche,Logone-et-Chari,Goulfey,Homme,,Primaire,Marié(e),6,4,14,Arachide,0.44,Argilo-sableux,Pompe solaire,Mixte,68.4,2.98,5.1,327.4,34.5,1278.3,562.5,358,201.0,36.3,164.7,Route bitumée,5.3,CARE,Non,Oui,,3
981,2024,Saison sèche,Mayo-Sava,Méri,Femme,49.0,Secondaire,Marié(e),3,1,20,Mil,0.81,Sableux,Pompe solaire,Pluvial pur,207.2,1.27,7.0,320.0,39.7,878.7,711.7,219,156.0,88.2,67.8,Piste,17.8,SODECOTON,Non,Oui,3.0,2
982,2024,Saison sèche,Logone-et-Chari,Blangoua,Homme,47.0,Coranique,Marié(e),9,4,31,Niébé,0.31,Argileux,Pompe solaire,Décrue,0.0,3.89,13.4,232.5,37.9,1141.3,353.8,446,158.0,13.7,144.3,Piste,8.9,Aucun,Non,Oui,2.0,3
983,2021,Saison sèche,Mayo-Danay,Tchatibali,Homme,47.0,Primaire,Marié(e),7,4,11,Niébé,0.47,Sableux,Pluie seule,Mixte,0.0,0.0,19.7,252.8,33.7,,274.3,372,102.0,5.9,96.1,Sentier,8.3,Aucun,Non,Non,2.0,3
984,2024,Saison sèche,Diamaré,Maroua I,Homme,36.0,Coranique,Marié(e),8,4,18,Sorgho,1.19,Argileux,Pluie seule,Pluvial pur,43.6,0.0,14.3,329.3,35.9,740.2,880.8,250,220.0,21.7,198.3,Route bitumée,1.0,Aucun,Non,Non,4.0,1
985,2023,Saison des pluies,Logone-et-Chari,Kousseri,Homme,32.0,Primaire,Marié(e),7,4,15,Mil,2.16,Argileux,Pluie + retenue,Mixte,10.2,4.52,13.3,837.8,37.0,624.6,1349.1,243,328.0,19.4,308.6,Route bitumée,0.5,Aucun,Non,Oui,6.0,2
986,2023,Saison des pluies,Mayo-Kani,Kaélé,Femme,35.0,Primaire,Marié(e),2,2,15,Maïs,,Sableux,Marigot,Pluvial pur,16.9,0.0,12.0,721.9,33.9,1382.8,5365.3,190,1019.0,10.4,1008.6,Route bitumée,0.8,SODECOTON,Non,Non,5.0,3
987,2022,Saison des pluies,Mayo-Kani,Moutourwa,Femme,-3.0,Secondaire,Célibataire,9,4,9,Arachide,0.41,Argileux,Pluie seule,Irrigué,0.0,0.35,10.4,883.0,33.8,983.8,403.4,396,160.0,4.0,156.0,Piste,11.3,FAO,Oui,Oui,5.0,3
988,2022,Saison des pluies,Logone-et-Chari,Makary,Homme,43.0,Universitaire,Marié(e),8,3,18,Sorgho,1.13,Hardé,Pompe solaire,Pluvial pur,,0.0,18.2,729.7,38.1,608.8,687.9,227,156.0,5.5,150.5,Piste,41.5,Aucun,Oui,Non,3.0,3
989,2024,Saison sèche,Logone-et-Chari,Kousseri,Femme,40.0,Aucun,Veuf/Veuve,7,1,7,Arachide,4.34,Sableux,Pluie + retenue,Pluvial pur,0.0,0.0,15.4,312.0,34.8,645.6,2801.9,329,922.0,4.6,917.4,Piste,3.9,WFP,Non,Non,1.0,4
990,2022,Saison sèche,Diamaré,Gazawa,Homme,33.0,Coranique,Célibataire,2,2,17,Sésame,2.33,Hardé,Pluie seule,Mixte,0.0,0.0,10.7,,33.1,203.3,473.7,586,278.0,3.2,,Piste,7.3,Aucun,Oui,Non,8.0,1
991,2022,Saison des pluies,Mayo-Danay,Wina,Femme,45.0,Secondaire,Marié(e),2,2,11,Sorgho,0.63,Limoneux,Pluie seule,Mixte,0.0,1.31,34.8,989.6,33.6,630.9,397.5,244,97.0,13.7,83.3,Sentier,32.1,FAO,Oui,Non,1.0,2
992,2021,Saison sèche,Logone-et-Chari,Kousseri,Homme,28.0,Coranique,Marié(e),6,5,11,Mil,1.27,Sableux,Pluie seule,Irrigué,0.0,0.0,30.7,260.1,36.1,346.1,439.5,220,97.0,9.2,87.8,Piste,17.0,CARE,Non,Oui,8.0,5
993,2022,Saison des pluies,Mayo-Sava,Waza,Homme,51.0,Primaire,Marié(e),11,5,35,Sorgho,0.59,Argileux,Pluie + retenue,Pluvial pur,0.0,0.0,11.1,679.4,35.7,726.6,428.7,192,82.0,3.3,78.7,Route bitumée,0.5,Aucun,Non,Oui,9.0,2
994,2024,Saison des pluies,Mayo-Sava,Kolofata,Homme,25.0,Secondaire,Marié(e),5,3,0,Sésame,,Limoneux,Marigot,Pluvial pur,3.1,0.0,2.7,777.9,35.4,534.4,1090.2,587,640.0,2.1,,Piste,5.3,FAO,Non,Oui,2.0,2
995,2022,Saison des pluies,Mayo-Danay,Yagoua,Homme,71.0,Primaire,Marié(e),7,6,30,Arachide,0.46,Argileux,Pluie + retenue,Pluvial pur,65.5,0.0,23.1,912.5,34.5,1245.0,572.7,329,188.0,33.1,,Route bitumée,17.3,Aucun,Oui,Non,,4
996,2023,Saison des pluies,Logone-et-Chari,Blangoua,Homme,,Universitaire,Marié(e),4,4,15,Maïs,1.56,Hardé,Pluie + retenue,Pluvial pur,30.5,0.11,8.4,674.8,36.4,1607.5,2507.7,229,574.0,15.0,559.0,Sentier,37.7,WFP,Non,Oui,3.0,1
997,2022,Saison sèche,Diamaré,Maroua II,Homme,29.0,Aucun,Veuf/Veuve,5,2,0,Maïs,1.96,Argilo-sableux,Pluie seule,Mixte,0.0,1.8,4.6,372.6,34.5,1129.4,2213.6,167,370.0,5.9,,Voie navigable,5.8,SODECOTON,Non,Oui,9.0,3
998,2023,Saison des pluies,Diamaré,Gazawa,Homme,45.0,Aucun,Marié(e),9,1,17,Sésame,1.36,Argileux,Pluie + retenue,Mixte,0.0,0.0,2.9,941.2,33.4,489.2,665.3,598,398.0,0.9,397.1,Piste,3.3,IRAD,Non,Non,9.0,4
999,2023,Saison des pluies,Mayo-Sava,Kolofata,Femme,40.0,Secondaire,Marié(e),1,1,18,Mil,3.09,Limoneux,Pluie seule,Pluvial pur,69.7,1.0,17.5,683.6,34.8,678.0,2095.0,198,415.0,35.6,379.4,Route bitumée,11.3,Aucun,Oui,Non,1.0,4
1000,2024,Saison sèche,Logone-et-Chari,Kousseri,Femme,45.0,Aucun,Veuf/Veuve,4,4,12,Arachide,,Limoneux,Pluie seule,Pluvial pur,66.0,4.8,26.5,396.4,35.6,983.5,1524.4,380,579.0,46.4,,Route bitumée,4.7,Aucun,Non,Non,,2
1001,2024,Saison des pluies,Logone-et-Chari,Makary,Homme,62.0,Primaire,Marié(e),11,1,25,Niébé,0.31,Sableux,Pompe solaire,Pluvial pur,26.8,1.28,10.5,917.7,33.0,775.4,240.4,446,107.0,17.1,89.9,Route bitumée,5.2,Aucun,Non,Oui,3.0,4
1002,2022,Saison des pluies,Diamaré,Gazawa,Homme,49.0,Aucun,Célibataire,4,3,22,Mil,0.64,Sableux,Irrigation gravitaire,Pluvial pur,33.8,0.0,6.7,923.3,33.8,567.0,362.9,217,79.0,15.5,63.5,Sentier,9.1,Aucun,Oui,Non,8.0,3
1003,2021,Saison des pluies,Logone-et-Chari,Blangoua,Femme,47.0,Aucun,Marié(e),5,5,0,Sorgho,4.02,Argileux,Pluie seule,Pluvial pur,7.5,0.0,13.2,605.5,37.0,590.2,2372.6,177,420.0,7.0,413.0,Piste,0.5,Aucun,Non,Oui,4.0,5
1004,2024,Saison des pluies,Mayo-Sava,Méri,Homme,,Secondaire,Marié(e),12,4,18,Sorgho,2.3,Limoneux,Pluie seule,Pluvial pur,,2.83,9.8,853.2,37.6,837.9,1927.2,247,476.0,19.7,456.3,Sentier,4.2,FAO,Non,Non,1.0,5
1005,2022,Saison des pluies,Mayo-Kani,Mindif,Homme,,Aucun,Marié(e),8,1,5,Sésame,,Argilo-sableux,Pluie seule,Décrue,,3.28,10.1,872.4,35.2,369.5,864.6,582,503.0,12.3,490.7,Piste,18.3,WFP,Non,Oui,3.0,5
1006,2024,Saison sèche,Diamaré,Gazawa,Homme,32.0,Primaire,Veuf/Veuve,8,3,7,Maïs,0.7,Sableux,Pluie seule,Mixte,0.0,1.83,13.1,502.1,33.3,1529.9,1070.9,226,242.0,8.5,233.5,Sentier,18.7,SODECOTON,Oui,Non,1.0,4
1007,2023,Saison des pluies,Mayo-Sava,Waza,Homme,43.0,Aucun,Veuf/Veuve,8,2,19,Niébé,2.23,Argileux,Pompe solaire,Pluvial pur,23.4,0.0,8.9,718.0,38.8,1282.1,2859.1,418,1195.0,12.0,1183.0,Voie navigable,21.3,IRAD,Non,Non,8.0,2
1008,2022,Saison des pluies,Mayo-Sava,Tokombéré,Homme,46.0,Coranique,Marié(e),12,2,20,Sorgho,0.82,Limoneux,Pluie seule,Mixte,,0.0,18.1,801.0,36.0,333.0,273.1,243,66.0,14.0,52.0,Route bitumée,11.8,Aucun,Non,Non,8.0,4
1009,2023,Saison sèche,Mayo-Danay,Guirvidig,Homme,21.0,Coranique,Marié(e),5,5,5,Sorgho,0.38,Argileux,Pluie + retenue,Pluvial pur,42.8,2.78,14.3,353.1,33.3,762.0,289.6,199,58.0,28.4,29.6,Piste,12.5,Aucun,Oui,Non,5.0,3
1010,2021,Saison sèche,Mayo-Danay,Kalfou,Femme,29.0,Coranique,Veuf/Veuve,10,4,11,Niébé,1.13,Hardé,Pluie seule,Irrigué,,1.49,19.6,345.3,34.6,516.3,583.4,403,235.0,14.6,220.4,Piste,14.9,ONG locale,Non,Non,4.0,5
1011,2021,Saison des pluies,Mayo-Sava,Waza,Femme,43.0,Secondaire,Marié(e),4,2,26,Niébé,4.98,Sableux,Marigot,Pluvial pur,0.0,0.0,3.6,536.3,37.2,308.1,1534.3,390,598.0,1.1,596.9,Sentier,6.0,Aucun,Non,Non,1.0,2
1012,2022,Saison sèche,Mayo-Kani,Guidiguis,Homme,46.0,Coranique,Marié(e),4,1,21,Mil,1.67,Hardé,Pluie seule,Pluvial pur,0.0,0.0,19.0,435.9,37.5,286.1,477.8,220,105.0,5.7,99.3,Piste,3.7,ONG locale,Oui,Oui,6.0,1
1013,2024,Saison sèche,Mayo-Danay,Wina,Homme,48.0,Coranique,Veuf/Veuve,5,1,2,Niébé,2.08,Argileux,Marigot,Pluvial pur,45.3,0.0,17.8,446.2,32.6,834.4,1735.6,432,750.0,23.5,726.5,Piste,11.8,CARE,Non,Non,4.0,4
1014,2024,Saison des pluies,Mayo-Danay,Kalfou,Homme,42.0,Primaire,Marié(e),7,2,21,Arachide,1.85,Sableux,Pluie seule,Pluvial pur,0.0,0.78,18.0,966.4,33.8,875.8,1620.2,356,577.0,7.3,569.7,Route bitumée,3.2,SODECOTON,Non,Non,9.0,1
1015,2023,Saison des pluies,Mayo-Danay,Tchatibali,Femme,53.0,Aucun,Veuf/Veuve,5,4,4,Mil,2.04,Hardé,Pompe solaire,Pluvial pur,54.2,0.87,19.7,885.3,33.1,513.8,1048.2,266,279.0,29.8,249.2,Piste,22.7,Aucun,Oui,Non,9.0,3
1016,2022,Saison sèche,Diamaré,Maroua III,Femme,35.0,Primaire,Marié(e),5,5,4,Niébé,2.5,Argilo-sableux,Pluie seule,Irrigué,7.7,0.0,21.0,392.2,34.8,780.0,1950.0,371,723.0,9.4,713.6,Route bitumée,1.2,Aucun,Non,Non,9.0,4
1017,2022,Saison des pluies,Mayo-Kani,Mindif,Homme,37.0,Primaire,Marié(e),11,1,9,Sorgho,1.09,Argilo-sableux,Marigot,Pluvial pur,51.4,0.0,20.6,841.7,35.2,460.4,501.8,247,124.0,26.7,97.3,Piste,3.6,SODECOTON,Non,Non,9.0,3
1018,2022,Saison des pluies,Logone-et-Chari,Blangoua,Homme,23.0,Primaire,Marié(e),6,1,5,Arachide,2.74,Argileux,Pluie seule,Décrue,0.0,0.0,16.0,674.6,36.0,881.1,2414.2,352,850.0,4.8,845.2,Piste,14.9,Aucun,Oui,Oui,7.0,1
1019,2024,Saison des pluies,Mayo-Kani,Moutourwa,Homme,29.0,Aucun,Célibataire,2,2,13,Maïs,0.74,Limoneux,Pluie seule,Pluvial pur,0.0,0.0,16.1,963.3,35.3,1278.1,945.8,222,210.0,4.8,205.2,Piste,5.9,FAO,Non,Oui,5.0,5
1020,2024,Saison sèche,Diamaré,Maroua III,Homme,68.0,Aucun,Marié(e),4,4,0,Niébé,0.32,Argilo-sableux,Pluie seule,Décrue,119.7,2.85,17.9,427.0,33.8,789.2,252.5,428,108.0,60.4,47.6,Sentier,52.4,Aucun,Non,Oui,1.0,3
1021,2024,Saison sèche,Diamaré,Maroua II,Homme,,Aucun,Marié(e),8,4,7,Sorgho,0.69,Hardé,Pompe solaire,Pluvial pur,16.8,3.68,1.3,434.6,36.5,533.5,368.1,186,68.0,16.3,51.7,Route bitumée,0.5,CARE,Oui,Non,4.0,5
1022,2021,Saison sèche,Mayo-Kani,Moutourwa,Homme,46.0,Aucun,Marié(e),11,1,4,Niébé,0.38,Sableux,Pluie + retenue,Pluvial pur,0.0,5.62,8.6,276.8,34.1,628.3,238.8,398,95.0,16.6,78.4,Route bitumée,11.2,CARE,Oui,Oui,5.0,2
1023,2024,Saison des pluies,Mayo-Sava,Waza,Femme,43.0,Primaire,Marié(e),7,1,8,Maïs,4.19,Limoneux,Pluie seule,Pluvial pur,,0.38,22.5,713.1,37.5,1451.2,6080.5,210,1277.0,28.3,1248.7,Voie navigable,4.6,WFP,Oui,Non,1.0,3
1024,2022,Saison sèche,Mayo-Sava,Waza,Homme,36.0,Primaire,Marié(e),5,2,13,Mil,2.87,Hardé,Pluie seule,Pluvial pur,58.1,0.0,5.3,320.6,39.7,568.7,1632.2,203,331.0,24.8,306.2,Sentier,27.1,CARE,Oui,Non,4.0,2
1025,2024,Saison sèche,Logone-et-Chari,Hilé-Alifa,Homme,56.0,Aucun,Marié(e),6,1,16,Sorgho,,Argileux,Pluie seule,Pluvial pur,18.8,2.27,7.2,256.9,37.3,,648.5,181,117.0,15.4,101.6,Sentier,5.5,Aucun,Non,Oui,2.0,2
1026,2022,Saison sèche,Mayo-Kani,Guidiguis,Homme,51.0,Universitaire,Marié(e),5,1,13,Arachide,0.93,Hardé,Pluie seule,Mixte,21.1,0.0,17.8,337.0,36.7,645.6,600.4,364,219.0,13.8,205.2,Route bitumée,8.1,SODECOTON,Oui,Non,9.0,2
1027,2022,Saison des pluies,Mayo-Danay,Yagoua,Femme,,Aucun,Veuf/Veuve,6,1,4,Niébé,0.48,Argilo-sableux,Marigot,Mixte,3.8,2.41,8.9,1081.1,34.0,645.3,309.7,426,132.0,10.2,121.8,Route bitumée,4.2,Aucun,Non,Oui,1.0,2
1028,2022,Saison des pluies,Logone-et-Chari,Makary,Femme,38.0,Coranique,Marié(e),3,3,8,Maïs,,Hardé,Pluie + retenue,Pluvial pur,9.4,0.69,35.6,725.3,38.1,332.9,362.9,167,61.0,16.2,44.8,Piste,6.1,FAO,Oui,Oui,7.0,2
1029,2021,Saison sèche,Logone-et-Chari,Kousseri,Femme,38.0,Aucun,Marié(e),4,4,20,Sorgho,1.47,Argileux,Pluie seule,Pluvial pur,,0.0,15.0,151.4,33.4,654.0,961.4,183,176.0,17.6,158.4,Piste,15.0,SODECOTON,Non,Oui,5.0,3
1030,2022,Saison des pluies,Mayo-Danay,Kalfou,Femme,46.0,Primaire,Marié(e),2,2,0,Maïs,3.64,Limoneux,Irrigation gravitaire,Irrigué,,0.0,19.2,978.5,31.0,1664.6,6059.1,180,1091.0,5.8,1085.2,Sentier,6.5,IRAD,Non,Non,9.0,1
1031,2022,Saison sèche,Diamaré,Bogo,Homme,33.0,Aucun,Marié(e),5,2,17,Sorgho,1.18,Hardé,Pompe solaire,Irrigué,4.7,3.2,14.9,390.2,31.8,412.4,486.6,245,119.0,14.4,104.6,Voie navigable,3.5,Aucun,Non,Oui,8.0,3
1032,2023,Saison des pluies,Mayo-Danay,Yagoua,Femme,25.0,Aucun,Marié(e),10,3,8,Arachide,0.84,Sableux,Pluie seule,Pluvial pur,27.8,0.48,9.8,815.0,34.0,694.2,583.1,362,211.0,15.3,195.7,Piste,16.9,Aucun,Non,Non,3.0,5
1033,2022,Saison sèche,Diamaré,Mémé,Femme,,Aucun,Marié(e),6,2,15,Mil,,Argilo-sableux,Irrigation gravitaire,Mixte,141.2,3.21,17.3,393.6,35.4,845.6,1462.9,208,304.0,69.7,234.3,Piste,10.0,Aucun,Non,Oui,7.0,5
1034,2022,Saison sèche,Mayo-Danay,Yagoua,Homme,31.0,Secondaire,Veuf/Veuve,8,2,5,Maïs,,Limoneux,Pluie seule,Pluvial pur,7.8,1.23,11.6,274.7,34.2,1617.1,1083.5,158,171.0,9.7,161.3,Route bitumée,6.7,WFP,Oui,Oui,2.0,5
1035,2021,Saison sèche,Diamaré,Maroua I,Homme,48.0,Primaire,Marié(e),8,2,12,Sorgho,0.65,Hardé,Pluie seule,Pluvial pur,33.9,0.0,11.9,258.1,35.7,547.9,356.1,243,87.0,17.1,,Sentier,21.7,FAO,Non,Non,8.0,2
1036,2023,Saison sèche,Mayo-Sava,Waza,Homme,27.0,Primaire,Marié(e),9,2,11,Arachide,1.02,Argileux,Pluie + retenue,Pluvial pur,0.2,2.28,13.0,302.3,36.9,937.1,955.8,323,309.0,9.7,299.3,Voie navigable,22.9,IRAD,Oui,Non,6.0,1
1037,2023,Saison des pluies,Mayo-Sava,Méri,Femme,,Aucun,Marié(e),1,1,8,Mil,2.75,Argileux,Marigot,Pluvial pur,22.7,0.0,30.2,672.4,38.6,619.0,1702.2,255,434.0,18.1,-9999.0,Piste,1.1,IRAD,Non,Non,8.0,4
1038,2023,Saison des pluies,Logone-et-Chari,Hilé-Alifa,Femme,27.0,Aucun,Marié(e),10,4,11,Mil,0.55,Argileux,Pluie + retenue,Pluvial pur,0.0,0.0,27.0,687.7,34.7,595.4,327.5,227,74.0,8.1,65.9,Route bitumée,13.0,FAO,Oui,Oui,1.0,4
1039,2023,Saison des pluies,Mayo-Sava,Waza,Femme,35.0,Secondaire,Célibataire,10,1,15,Arachide,0.4,Argilo-sableux,Marigot,Pluvial pur,43.8,0.13,7.2,738.0,36.9,1057.7,423.1,377,160.0,20.0,140.0,Piste,36.1,CARE,Oui,Non,2.0,4
1040,2024,Saison sèche,Mayo-Danay,Guirvidig,Homme,36.0,Secondaire,Marié(e),8,1,15,Arachide,3.9,Sableux,Pluie seule,Pluvial pur,0.0,8.08,18.9,298.9,31.8,782.5,3051.8,368,1123.0,25.9,1097.1,Sentier,25.5,Aucun,Non,Non,,4
1041,2021,Saison des pluies,Logone-et-Chari,Blangoua,Homme,38.0,Coranique,Marié(e),10,2,18,Arachide,2.79,Argileux,Pluie + retenue,Pluvial pur,16.7,0.0,11.9,586.9,37.7,1153.8,3219.1,364,1172.0,10.2,1161.8,Sentier,8.3,CARE,Non,Non,3.0,3
1042,2023,Saison des pluies,Diamaré,Bogo,Homme,,Aucun,Marié(e),4,3,27,Sorgho,0.77,Argilo-sableux,Pluie seule,Mixte,11.7,0.0,24.4,,34.1,552.6,425.5,244,104.0,12.0,92.0,Piste,1.1,FAO,Non,Non,7.0,3
1043,2022,Saison des pluies,Mayo-Sava,Tokombéré,Homme,55.0,Secondaire,Marié(e),12,1,0,Mil,1.88,Sableux,Marigot,Pluvial pur,17.1,0.81,1.0,800.6,38.3,251.0,471.9,212,100.0,9.2,90.8,Sentier,1.8,WFP,Non,Non,6.0,4
1044,2024,Saison sèche,Logone-et-Chari,Hilé-Alifa,Homme,45.0,Aucun,Marié(e),9,1,10,Sorgho,,Argileux,Pluie seule,Pluvial pur,58.8,0.0,7.4,344.4,39.6,625.4,1250.8,232,290.0,25.7,264.3,Piste,0.8,SODECOTON,Non,Oui,2.0,3
1045,2023,Saison sèche,Logone-et-Chari,Goulfey,Homme,37.0,Primaire,Marié(e),5,4,21,Arachide,1.32,Sableux,Pluie seule,Pluvial pur,10.8,0.0,2.2,171.0,37.0,836.7,1104.4,379,419.0,5.0,414.0,Piste,8.7,Aucun,Non,Non,9.0,2
1046,2023,Saison sèche,Mayo-Kani,Touloum,Femme,52.0,Universitaire,Veuf/Veuve,7,5,24,Sorgho,2.3,Argileux,Pluie + retenue,Pluvial pur,26.9,0.0,23.5,289.4,35.6,1179.4,2712.6,193,524.0,17.8,506.2,Piste,18.1,Aucun,Non,Oui,1.0,2
1047,2022,Saison sèche,Mayo-Sava,Waza,Homme,35.0,Secondaire,Marié(e),3,1,8,Niébé,1.06,Limoneux,Pluie + retenue,Mixte,81.1,0.0,30.4,202.8,40.1,1364.9,1446.8,445,644.0,41.6,602.4,Piste,17.9,Aucun,Non,Oui,3.0,1
1048,2022,Saison des pluies,Logone-et-Chari,Kousseri,Homme,54.0,Aucun,Marié(e),6,3,36,Sorgho,0.76,Argileux,Irrigation gravitaire,Irrigué,139.0,2.07,13.0,839.3,35.8,963.8,732.5,175,128.0,64.7,63.3,Piste,58.2,ONG locale,Oui,Non,,3
1049,2021,Saison des pluies,Mayo-Danay,Wina,Homme,18.0,Universitaire,Marié(e),5,1,0,Sorgho,0.69,Sableux,Irrigation gravitaire,Pluvial pur,17.7,0.0,29.9,,35.5,874.6,603.5,210,127.0,16.0,111.0,Voie navigable,5.0,SODECOTON,Oui,Non,3.0,1
1050,2022,Saison des pluies,Diamaré,Maroua II,Homme,26.0,Secondaire,Marié(e),5,2,10,Mil,3.35,Argilo-sableux,Pluie seule,Mixte,23.1,0.0,15.3,974.3,35.0,512.7,1717.5,200,344.0,13.8,330.2,Sentier,5.2,Aucun,Non,Oui,3.0,4
1051,2021,Saison sèche,Mayo-Sava,Kolofata,Homme,36.0,Universitaire,Marié(e),9,5,16,Mil,1.95,Limoneux,Pompe solaire,Mixte,28.0,0.0,11.1,200.8,36.6,1048.7,2045.0,246,503.0,14.5,488.5,Route bitumée,1.4,Aucun,Non,Oui,2.0,1
1052,2023,Saison des pluies,Mayo-Kani,Mindif,Femme,26.0,Aucun,Veuf/Veuve,9,3,10,Niébé,1.08,Limoneux,Irrigation gravitaire,Mixte,88.0,0.52,8.6,720.1,36.3,1045.3,1128.9,431,487.0,39.1,447.9,Sentier,9.4,ONG locale,Non,Oui,3.0,3
1053,2024,Saison sèche,Mayo-Sava,Méri,Homme,59.0,Secondaire,Marié(e),9,4,14,Mil,,Argileux,Irrigation gravitaire,Pluvial pur,0.0,0.0,20.0,337.1,38.6,925.0,601.2,216,130.0,6.0,124.0,Piste,9.5,Aucun,Non,Oui,2.0,5
1054,2023,Saison sèche,Mayo-Sava,Tokombéré,Homme,43.0,Primaire,Marié(e),2,2,10,Arachide,1.73,Argilo-sableux,Pluie seule,Pluvial pur,0.0,0.0,1.0,,38.6,806.4,1395.1,378,527.0,0.3,526.7,Sentier,25.7,Aucun,Oui,Oui,1.0,1
1055,2022,Saison sèche,Logone-et-Chari,Blangoua,Homme,,Primaire,Marié(e),5,1,17,Coton,4.48,Argilo-sableux,Pluie + retenue,Mixte,0.0,0.0,11.2,203.9,34.5,1235.5,5535.0,261,1445.0,3.4,1441.6,Piste,7.7,Aucun,Non,Oui,,5
1056,2022,Saison sèche,Mayo-Danay,Yagoua,Femme,41.0,Aucun,Marié(e),11,1,11,Maïs,0.49,Argilo-sableux,Pluie + retenue,Irrigué,0.0,1.98,11.2,392.3,32.6,1918.2,939.9,167,157.0,8.3,148.7,Sentier,26.6,ONG locale,Non,Non,8.0,1
1057,2024,Saison sèche,Mayo-Kani,Touloum,Homm,54.0,Secondaire,Veuf/Veuve,8,2,9,Sorgho,,Argilo-sableux,Pluie seule,Mixte,12.4,7.87,15.6,411.8,34.7,747.2,1681.2,215,361.0,29.3,331.7,Piste,1.6,ONG locale,Non,Non,3.0,2
1058,2024,Saison des pluies,Mayo-Sava,Tokombéré,Femme,25.0,Secondaire,Marié(e),5,3,9,Sésame,1.7,Argileux,Pluie seule,Mixte,217.5,0.0,20.5,708.1,39.2,667.0,1133.9,611,693.0,93.2,599.8,Piste,14.7,Aucun,Non,Non,7.0,4
1059,2022,Saison des pluies,Mayo-Kani,Kaélé,Homme,33.0,Primaire,Célibataire,7,1,16,Maïs,0.56,Argileux,Pluie + retenue,Pluvial pur,34.0,2.26,16.6,994.3,35.7,2118.7,1186.5,185,220.0,24.2,,Voie navigable,3.6,IRAD,Oui,Oui,7.0,5
1060,2023,Saison sèche,Diamaré,Maroua I,Homme,55.0,Aucun,Veuf/Veuve,8,2,6,Mil,2.21,Argileux,Marigot,Pluvial pur,27.8,0.26,24.2,402.3,34.7,642.0,1418.8,255,362.0,19.0,343.0,Sentier,0.5,CARE,Non,Oui,9.0,5
1061,2021,Saison sèche,Diamaré,Maroua III,Homme,25.0,Secondaire,Célibataire,9,2,7,Sorgho,-5.0,Argileux,Pluie seule,Mixte,20.0,0.0,13.9,215.9,34.6,559.2,827.6,198,164.0,12.2,,Sentier,2.4,Aucun,Oui,Non,1.0,1
1062,2021,Saison des pluies,Logone-et-Chari,Hilé-Alifa,Homme,51.0,Primaire,Marié(e),6,2,35,Maïs,,Limoneux,Pluie seule,Irrigué,0.0,0.0,7.9,698.8,32.9,1430.3,3618.7,174,630.0,2.4,627.6,Piste,5.1,IRAD,Non,Non,,1
1063,2022,Saison des pluies,Mayo-Kani,Moutourwa,Femme,66.0,Aucun,Marié(e),8,3,9,Sésame,1.2,Limoneux,Marigot,Pluvial pur,94.9,0.0,3.9,989.5,34.8,635.5,762.6,633,483.0,39.1,443.9,Piste,13.9,IRAD,Oui,Non,6.0,5
1064,2024,Saison des pluies,Diamaré,Maroua II,Femme,56.0,Coranique,Veuf/Veuve,5,3,13,Sésame,1.35,Argilo-sableux,Marigot,Mixte,57.5,3.12,5.3,1166.5,34.2,521.8,704.4,610,430.0,32.4,397.6,Route bitumée,9.1,Aucun,Non,Non,8.0,2
1065,2021,Saison des pluies,Logone-et-Chari,Kousseri,Homme,43.0,Coranique,Marié(e),4,4,4,Niébé,0.28,Argilo-sableux,Pluie seule,Irrigué,30.8,0.0,15.2,633.0,35.5,716.3,200.6,387,78.0,16.9,61.1,Piste,36.4,Aucun,Oui,Non,2.0,4
1066,2021,Saison des pluies,Mayo-Danay,Guirvidig,Homme,39.0,Aucun,Marié(e),5,1,19,Sorgho,3.12,Sableux,Irrigation gravitaire,Pluvial pur,114.9,1.7,16.7,855.6,33.5,881.2,2749.3,222,610.0,55.2,,Piste,9.1,WFP,Non,Oui,5.0,4
1067,2022,Saison sèche,Mayo-Sava,Méri,Homme,33.0,Aucun,Marié(e),9,2,11,Maïs,,Sableux,Pluie seule,Pluvial pur,20.2,0.0,1.0,312.2,37.9,1043.4,678.2,167,113.0,8.4,104.6,Route bitumée,14.3,Aucun,Non,Oui,8.0,2
1068,2024,Saison sèche,Logone-et-Chari,Goulfey,Homme,44.0,Universitaire,Marié(e),5,1,0,Sorgho,1.02,Argilo-sableux,Pluie seule,Pluvial pur,7.8,0.26,23.5,331.2,37.0,628.3,640.9,185,119.0,10.8,108.2,Piste,4.8,SODECOTON,Oui,Non,1.0,4
1069,2024,Saison des pluies,Mayo-Kani,Mindif,Homme,48.0,Coranique,Marié(e),7,2,27,Maïs,0.6,Argilo-sableux,Marigot,Pluvial pur,,0.07,24.4,923.8,32.5,1999.9,1199.9,169,203.0,30.8,172.2,Piste,7.0,FAO,Non,Non,1.0,5
1070,2021,Saison sèche,Diamaré,Gazawa,Homme,,Coranique,Marié(e),3,1,8,Sésame,0.81,Sableux,Pluie seule,Mixte,22.0,9.03,14.4,330.4,34.2,369.2,299.1,618,185.0,35.7,149.3,Piste,12.4,FAO,Non,Non,4.0,3
1071,2021,Saison des pluies,Mayo-Danay,Yagoua,Femme,55.0,Primaire,Marié(e),1,1,17,Coton,1.56,Hardé,Pluie + retenue,Pluvial pur,76.9,1.23,18.0,796.4,32.1,808.8,1261.7,253,319.0,39.2,279.8,Sentier,4.0,WFP,Oui,Non,3.0,2
1072,2023,Saison des pluies,Mayo-Danay,Tchatibali,Femme,51.0,Secondaire,Veuf/Veuve,4,4,6,Mil,1.04,Argilo-sableux,Pluie + retenue,Mixte,144.3,0.0,7.5,953.6,33.3,795.3,827.1,191,158.0,60.0,98.0,Piste,4.8,Aucun,Non,Non,5.0,4
1073,2023,Saison des pluies,Mayo-Kani,Touloum,Homme,27.0,Coranique,Marié(e),4,2,11,Sorgho,1.79,Limoneux,Pluie + retenue,Pluvial pur,0.0,6.03,1.0,906.7,32.5,732.4,1311.0,231,303.0,15.4,287.6,Sentier,28.0,Aucun,Oui,Non,7.0,2
1074,2023,Saison des pluies,Mayo-Danay,Tchatibali,Femme,50.0,Secondaire,Marié(e),7,4,12,Coton,2.83,Argileux,Pluie seule,Pluvial pur,0.0,0.0,21.0,794.9,32.3,1300.4,3680.1,271,997.0,6.3,,Route bitumée,12.2,ONG locale,Oui,Oui,7.0,2
1075,2024,Saison sèche,Diamaré,Maroua I,Homme,54.0,Coranique,Marié(e),10,2,2,Mil,2.66,Argilo-sableux,Irrigation gravitaire,Pluvial pur,63.2,1.93,21.9,428.3,34.4,912.0,2425.9,216,524.0,36.7,487.3,Voie navigable,14.7,FAO,Oui,Oui,7.0,4
1076,2023,Saison des pluies,Mayo-Kani,Kaélé,Homme,33.0,Secondaire,Marié(e),13,4,17,Sésame,0.32,Argileux,Pluie seule,Pluvial pur,27.6,4.43,10.4,899.9,33.4,535.5,171.4,633,108.0,25.2,82.8,Route bitumée,27.0,WFP,Non,Oui,9.0,4
1077,2021,Saison sèche,Mayo-Kani,Touloum,Femme,43.0,Aucun,Marié(e),6,2,21,Sorgho,3.31,Sableux,Pluie seule,Pluvial pur,11.3,2.55,1.0,154.3,34.7,468.3,1550.1,248,384.0,11.2,372.8,Sentier,0.6,SODECOTON,Non,Non,2.0,5
1078,2021,Saison sèche,Mayo-Danay,Tchatibali,Homme,65.0,Primaire,Célibataire,5,1,4,Niébé,2.44,Hardé,Pluie seule,Pluvial pur,0.0,2.19,12.7,351.2,34.9,334.8,816.9,440,359.0,9.3,349.7,Sentier,27.8,Aucun,Non,Non,5.0,5
1079,2021,Saison des pluies,Mayo-Kani,Guidiguis,Homme,37.0,Secondaire,Marié(e),3,3,8,Arachide,0.51,Limoneux,Pompe solaire,Mixte,3.6,4.18,15.2,642.2,34.0,1277.3,651.4,341,222.0,16.4,205.6,Route bitumée,1.3,FAO,Oui,Non,1.0,3
1080,2023,Saison des pluies,Mayo-Danay,Tchatibali,homme,43.0,Aucun,Marié(e),3,1,12,Sorgho,0.25,Limoneux,Pluie + retenue,Pluvial pur,10.6,0.0,20.7,862.3,34.3,717.9,179.5,181,32.0,10.4,21.6,Piste,6.1,Aucun,Non,Non,4.0,5
1081,2022,Saison sèche,Mayo-Sava,Mora,Homme,42.0,Secondaire,Marié(e),7,5,3,Niébé,,Limoneux,Irrigation gravitaire,Pluvial pur,0.0,0.09,21.2,297.6,37.1,1041.7,3000.1,431,1293.0,6.6,1286.4,Piste,3.9,Aucun,Non,Non,5.0,1
1082,2024,Saison des pluies,Mayo-Kani,Kaélé,Homme,30.0,Coranique,Marié(e),9,4,14,Arachide,0.9,Argilo-sableux,Pluie + retenue,Pluvial pur,3.1,0.2,12.3,853.4,31.5,718.9,647.0,386,250.0,5.4,244.6,Piste,15.0,Aucun,Non,Oui,2.0,1
1083,2021,Saison sèche,Logone-et-Chari,Hilé-Alifa,Homme,30.0,Aucun,Marié(e),9,4,6,Mil,1.44,Argilo-sableux,Irrigation gravitaire,Mixte,9.5,0.0,10.0,218.1,38.1,770.9,1110.1,198,220.0,6.8,213.2,Piste,12.3,SODECOTON,Non,Oui,7.0,5
1084,2023,Saison sèche,Diamaré,Maroua II,Homme,20.0,Primaire,Marié(e),7,3,4,Sorgho,,Sableux,Pluie seule,Pluvial pur,52.0,8.52,10.9,419.5,35.1,604.9,834.8,232,194.0,45.4,148.6,Route bitumée,6.2,Aucun,Oui,Oui,7.0,2
1085,2023,Saison des pluies,Mayo-Danay,Kalfou,Homme,44.0,Aucun,Marié(e),8,1,20,Sésame,0.42,Limoneux,Irrigation gravitaire,Irrigué,0.0,0.0,19.9,832.2,35.2,,241.5,632,153.0,6.0,147.0,Piste,0.5,ONG locale,Oui,Non,,1
1086,2023,Saison des pluies,Mayo-Kani,Kaélé,Femme,43.0,Coranique,Marié(e),6,1,1,Mil,2.42,Argileux,Pluie seule,Pluvial pur,0.0,1.4,16.7,719.0,37.3,535.9,1296.9,238,309.0,8.5,300.5,Sentier,26.7,Aucun,Non,Oui,6.0,5
1087,2023,Saison des pluies,Diamaré,Maroua II,Homme,55.0,Primaire,Marié(e),9,6,12,Mil,0.38,Hardé,Pluie + retenue,Pluvial pur,0.0,0.0,9.9,,35.1,294.7,112.0,244,27.0,3.0,,Route bitumée,3.4,Aucun,Non,Non,4.0,5
1088,2024,Saison des pluies,Diamaré,Maroua I,Homme,29.0,Aucun,Marié(e),5,1,7,Mil,2.79,Sableux,Pluie + retenue,Pluvial pur,0.0,0.89,22.6,982.6,32.1,550.7,1536.5,238,366.0,9.0,357.0,Sentier,0.5,SODECOTON,Non,Non,,4
1089,2023,Saison des pluies,Mayo-Sava,Waza,Homme,39.0,Aucun,Marié(e),4,1,5,Sorgho,,Sableux,Pluie seule,Pluvial pur,0.0,0.67,13.7,776.9,40.3,373.1,436.5,236,103.0,5.8,97.2,Route bitumée,1.0,Aucun,Non,Non,8.0,2
1090,2023,Saison sèche,Logone-et-Chari,Blangoua,Homme,34.0,Primaire,Marié(e),5,2,18,Maïs,0.56,Argileux,Pluie + retenue,Irrigué,44.4,6.64,20.6,319.0,33.3,2231.1,1249.4,174,217.0,40.5,176.5,Sentier,4.0,Aucun,Oui,Non,,2
1091,2022,Saison des pluies,Mayo-Kani,Moutourwa,Homme,51.0,Aucun,Marié(e),11,4,10,Sésame,0.73,Argileux,Pluie seule,Pluvial pur,,0.0,21.5,775.4,33.7,,294.5,634,187.0,6.5,180.5,Piste,7.5,WFP,Non,Oui,1.0,5
1092,2024,Saison sèche,Mayo-Danay,Yagoua,Homme,38.0,Secondaire,Marié(e),11,1,4,Sorgho,1.8,Limoneux,Pluie seule,Pluvial pur,,0.0,2.6,352.6,31.2,597.6,1075.7,227,244.0,0.8,243.2,Sentier,0.7,WFP,Non,Non,3.0,2
1093,2023,Saison des pluies,Diamaré,Mémé,Homme,57.0,Aucun,Marié(e),3,1,16,Maïs,1.01,Argileux,Pluie seule,Mixte,56.0,0.0,9.4,855.0,35.0,1062.5,1073.1,172,185.0,25.2,159.8,Piste,27.1,Aucun,Non,Oui,8.0,2
1094,2024,Saison sèche,Mayo-Sava,Tokombéré,Homme,18.0,Secondaire,Marié(e),3,3,2,Niébé,0.79,Sableux,Pluie seule,Décrue,13.7,0.44,11.0,312.9,37.4,503.6,397.8,413,164.0,9.9,,Route bitumée,13.3,Aucun,Non,Oui,9.0,3
1095,2021,Saison sèche,Diamaré,Bogo,Femme,47.0,Secondaire,Marié(e),11,3,6,Arachide,0.37,Argilo-sableux,Marigot,Pluvial pur,12.7,0.0,2.6,265.8,32.4,1101.7,407.6,376,153.0,5.9,147.1,Route bitumée,15.9,FAO,Oui,Non,3.0,3
1096,2024,Saison sèche,Logone-et-Chari,Kousseri,Homme,49.0,Aucun,Célibataire,1,1,0,Coton,2.75,Argilo-sableux,Pluie seule,Mixte,273.5,1.52,1.0,221.0,35.8,1310.0,3602.5,312,1124.0,113.5,1010.5,Voie navigable,10.0,WFP,Non,Non,9.0,5
1097,2024,Saison sèche,Mayo-Sava,Mora,Homme,33.0,Primaire,Marié(e),10,2,17,Sorgho,,Sableux,Marigot,Mixte,50.0,0.8,10.9,,38.4,536.5,901.3,197,178.0,25.3,152.7,Sentier,17.1,Aucun,Non,Oui,5.0,5
1098,2022,Saison des pluies,Diamaré,Maroua II,Homme,43.0,Aucun,Marié(e),4,4,10,Sésame,1.42,Argilo-sableux,Irrigation gravitaire,Pluvial pur,,0.21,4.0,959.3,33.8,661.0,938.6,650,610.0,23.4,586.6,Piste,13.6,SODECOTON,Non,Non,9.0,3
1099,2023,Saison sèche,Logone-et-Chari,Blangoua,Femme,30.0,Primaire,Veuf/Veuve,8,1,14,Niébé,1.01,Argileux,Irrigation gravitaire,Mixte,0.0,4.37,19.8,228.3,35.5,1050.2,1060.7,396,420.0,16.9,403.1,Piste,13.0,ONG locale,Non,Non,4.0,2
1100,2021,Saison des pluies,Mayo-Kani,Moutourwa,Homme,49.0,Aucun,Marié(e),4,1,0,Niébé,1.74,Hardé,Pluie seule,Mixte,0.0,1.48,15.3,651.1,31.5,214.7,373.6,424,158.0,8.3,149.7,Voie navigable,6.8,Aucun,Non,Oui,4.0,2
1101,2024,Saison sèche,Logone-et-Chari,Makary,Femme,43.0,Aucun,Veuf/Veuve,6,1,16,Arachide,2.36,Argileux,Pluie seule,Irrigué,129.0,6.57,15.3,,36.6,1027.3,2424.4,353,856.0,72.6,783.4,Piste,1.9,ONG locale,Oui,Non,2.0,3
1102,2022,Saison sèche,Mayo-Danay,Tchatibali,Femme,58.0,Aucun,Célibataire,8,2,14,Mil,0.69,Argileux,Pluie seule,Mixte,7.4,0.0,5.4,397.1,31.9,671.8,463.5,206,95.0,4.6,90.4,Voie navigable,11.9,Aucun,Non,Non,6.0,1
1103,2023,Saison des pluies,Mayo-Kani,Guidiguis,F,30.0,Coranique,Marié(e),9,1,7,Niébé,3.19,Argilo-sableux,Irrigation gravitaire,Pluvial pur,0.0,5.19,12.6,748.2,36.9,997.5,3182.0,387,1231.0,16.8,1214.2,Sentier,1.8,Aucun,Oui,Oui,9.0,2
1104,2023,Saison des pluies,Mayo-Sava,Mora,Homme,20.0,Coranique,Célibataire,10,2,4,Maïs,1.04,Argileux,Pluie seule,Pluvial pur,16.3,4.13,1.5,779.0,38.3,2033.2,2114.5,198,419.0,17.3,401.7,Piste,10.3,Aucun,Non,Oui,3.0,1
1105,2021,Saison sèche,Mayo-Sava,Mora,Homme,62.0,Universitaire,Marié(e),7,3,4,Sorgho,2.99,Argilo-sableux,Pluie + retenue,Pluvial pur,4.1,2.97,22.2,259.7,36.1,829.7,2480.8,217,538.0,15.7,522.3,Piste,45.9,Aucun,Non,Non,2.0,2
1106,2024,Saison des pluies,Logone-et-Chari,Makary,Homme,48.0,Primaire,Célibataire,10,1,2,Maïs,1.37,Argileux,Pluie + retenue,Pluvial pur,1.2,0.0,8.2,801.1,37.6,1838.5,2518.7,184,463.0,2.9,460.1,Sentier,2.9,FAO,Oui,Oui,9.0,2
1107,2021,Saison des pluies,Mayo-Sava,Tokombéré,Femme,33.0,Aucun,Célibataire,7,2,0,Niébé,2.52,Argileux,Pluie seule,Mixte,52.7,0.9,5.8,530.7,37.4,844.3,2127.6,377,802.0,25.1,776.9,Voie navigable,35.0,ONG locale,Non,Oui,9.0,2
1108,2021,Saison des pluies,Mayo-Danay,Kalfou,Homme,,Primaire,Marié(e),4,3,21,Mil,0.73,Limoneux,Pluie seule,Mixte,,0.45,26.7,783.1,31.3,462.7,337.8,254,86.0,12.4,,Sentier,13.0,IRAD,Oui,Non,9.0,3
1109,2022,Saison sèche,Mayo-Sava,Waza,Femme,44.0,Primaire,Marié(e),7,3,7,Mil,1.08,Limoneux,Pluie seule,Irrigué,2.6,0.0,12.1,245.5,36.2,485.1,523.9,238,125.0,4.7,120.3,Sentier,2.3,CARE,Non,Non,,3
1110,2022,Saison sèche,Mayo-Sava,Kolofata,Homme,57.0,Primaire,Marié(e),10,3,6,Coton,1.0,Hardé,Pluie + retenue,Pluvial pur,15.9,7.44,16.3,236.8,35.8,,690.7,286,198.0,29.9,168.1,Piste,5.6,FAO,Non,Non,,2
1111,2022,Saison des pluies,Mayo-Sava,Waza,Femme,30.0,Primaire,Marié(e),8,1,14,Arachide,4.35,Argilo-sableux,Pluie seule,Mixte,82.5,0.0,13.1,729.4,36.9,1070.9,4658.4,331,1542.0,36.9,1505.1,Piste,0.5,Aucun,Non,Non,8.0,4
1112,2023,Saison des pluies,Mayo-Kani,Moutourwa,Homme,,Primaire,Marié(e),12,2,2,Sorgho,3.45,Hardé,Pluie + retenue,Mixte,,0.0,18.2,741.4,33.2,515.3,1777.8,231,411.0,22.2,388.8,Sentier,7.3,WFP,Non,Oui,8.0,2
1113,2023,Saison des pluies,Diamaré,Maroua II,Homme,23.0,Universitaire,Célibataire,10,2,7,Sésame,0.79,Argileux,Pluie + retenue,Pluvial pur,20.6,0.23,25.1,920.7,35.8,868.1,685.8,604,414.0,16.3,397.7,Route bitumée,10.6,IRAD,Non,Non,,3
1114,2022,Saison sèche,Mayo-Danay,Guirvidig,Femme,32.0,Coranique,Marié(e),9,2,16,Mil,3.92,Sableux,Pluie + retenue,Mixte,50.1,0.5,1.0,307.9,31.4,625.0,2450.0,190,466.0,21.6,,Piste,25.2,Aucun,Non,Non,1.0,3
1115,2021,Saison des pluies,Mayo-Kani,Touloum,Homme,30.0,Secondaire,Marié(e),1,1,9,Maïs,,Argilo-sableux,Pompe solaire,Pluvial pur,0.0,0.0,1.0,738.4,35.4,2256.6,7695.0,226,1739.0,0.3,1738.7,Sentier,32.9,WFP,Non,Non,9.0,2
1116,2024,Saison des pluies,Mayo-Danay,Guirvidig,Femme,53.0,Primaire,Célibataire,11,1,10,Mil,,Hardé,Pluie seule,Irrigué,106.8,1.68,19.9,1079.1,34.2,547.5,1127.9,218,246.0,52.9,193.1,Piste,27.1,Aucun,Oui,Non,3.0,5
1117,2023,Saison des pluies,Logone-et-Chari,Hilé-Alifa,Homme,23.0,Secondaire,Marié(e),9,1,7,Sorgho,1.12,Hardé,Pluie + retenue,Pluvial pur,6.9,0.0,11.6,675.5,35.3,504.2,564.7,234,132.0,6.2,125.8,Voie navigable,16.9,FAO,Oui,Oui,5.0,2
1118,2024,Saison des pluies,Diamaré,Mémé,Femme,31.0,Aucun,Marié(e),9,1,15,Arachide,1.07,Argileux,Pluie seule,Mixte,7.4,1.81,16.2,,32.6,738.9,790.6,322,255.0,12.3,242.7,Piste,1.2,Aucun,Oui,Non,6.0,3
1119,2022,Saison sèche,Mayo-Kani,Moutourwa,Femme,73.0,Primaire,Marié(e),10,1,10,Sorgho,1.33,Hardé,Pluie + retenue,Mixte,97.7,2.53,10.2,357.0,36.4,566.6,753.6,210,158.0,48.5,109.5,Piste,0.9,Aucun,Non,Oui,2.0,2
1120,2022,Saison sèche,Mayo-Sava,Waza,Homme,27.0,Coranique,Marié(e),9,3,4,Sorgho,0.46,Limoneux,Marigot,Décrue,14.4,2.76,7.9,196.9,35.8,620.8,285.6,226,65.0,15.0,50.0,Sentier,26.0,Aucun,Oui,Oui,4.0,3
1121,2024,Saison des pluies,Mayo-Sava,Méri,Femme,41.0,Coranique,Marié(e),5,2,12,Mil,1.32,Argileux,Irrigation gravitaire,Pluvial pur,32.5,2.45,3.4,821.9,38.1,897.9,1185.2,216,256.0,20.1,235.9,Sentier,0.5,FAO,Non,Non,5.0,4
1122,2023,Saison sèche,Diamaré,Maroua I,Homme,34.0,Coranique,Marié(e),7,1,18,Niébé,3.28,Sableux,Pluie + retenue,Mixte,,4.67,10.7,324.0,34.8,605.6,1986.4,406,806.0,29.8,776.2,Piste,6.4,ONG locale,Non,Non,1.0,2
1123,2024,Saison des pluies,Diamaré,Mémé,Homme,41.0,Universitaire,Marié(e),6,1,14,Maïs,3.39,Argileux,Pompe solaire,Irrigué,84.6,1.56,19.2,1084.8,34.5,3525.0,11949.8,197,2354.0,43.5,2310.5,Route bitumée,14.8,Aucun,Non,Non,1.0,3
1124,2024,Saison des pluies,Mayo-Kani,Touloum,Femme,44.0,Secondaire,Veuf/Veuve,5,1,15,Mil,1.21,Sableux,Pluie seule,Pluvial pur,1.0,0.1,6.2,903.4,35.8,410.1,496.2,260,129.0,2.5,126.5,Piste,3.8,FAO,Oui,Oui,1.0,1
1125,2021,Saison des pluies,Diamaré,Bogo,Homme,39.0,Primaire,Marié(e),5,3,14,Arachide,0.86,Argilo-sableux,Pluie seule,Mixte,19.6,0.43,16.3,,34.8,768.2,660.7,393,260.0,13.8,246.2,Piste,4.8,WFP,Non,Non,,5
1126,2024,Saison sèche,Mayo-Danay,Tchatibali,Homme,57.0,Coranique,Marié(e),8,5,23,Maïs,0.95,Argilo-sableux,Pompe solaire,Mixte,34.5,10.03,21.8,399.0,34.1,1960.7,1862.7,181,337.0,45.4,291.6,Route bitumée,17.5,SODECOTON,Non,Oui,1.0,5
1127,2023,Saison des pluies,Mayo-Danay,Yagoua,Homme,53.0,Aucun,Marié(e),8,1,19,Mil,1.08,Limoneux,Pompe solaire,Mixte,168.5,0.0,3.0,946.4,33.6,1156.4,1248.9,212,265.0,68.3,196.7,Piste,10.7,Aucun,Non,Non,9.0,1
1128,2022,Saison sèche,Mayo-Kani,Kaélé,Femme,52.0,Aucun,Marié(e),6,1,0,Sorgho,0.8,Sableux,Marigot,Pluvial pur,53.4,0.0,17.3,,33.7,573.1,458.5,176,81.0,26.6,54.4,Piste,7.6,SODECOTON,Non,Oui,7.0,4
1129,2021,Saison sèche,Mayo-Kani,Guidiguis,Homme,42.0,Secondaire,Marié(e),7,4,0,Sésame,1.45,Argilo-sableux,Pluie seule,Pluvial pur,1.1,1.77,30.3,236.4,33.0,,764.6,644,492.0,14.0,478.0,Voie navigable,51.5,CARE,Non,Non,,3
1130,2024,Saison sèche,Mayo-Kani,Guidiguis,Homme,31.0,Primaire,Marié(e),5,3,15,Sésame,3.42,Argileux,Pluie seule,Pluvial pur,92.9,3.14,13.6,313.6,36.3,666.9,2280.8,577,1316.0,49.1,1266.9,Route bitumée,5.2,Aucun,Oui,Oui,9.0,1
1131,2021,Saison sèche,Mayo-Sava,Kolofata,Homme,58.0,Aucun,Marié(e),11,1,25,Niébé,1.15,Limoneux,Pluie seule,Décrue,62.2,0.0,6.1,240.3,35.3,833.7,958.8,408,391.0,26.7,364.3,Piste,12.6,Aucun,Non,Non,5.0,4
1132,2022,Saison des pluies,Diamaré,Mémé,Homme,25.0,Aucun,Marié(e),5,5,0,Mil,,Sableux,Pluie seule,Mixte,15.1,0.0,17.7,900.5,34.5,541.2,1618.2,193,312.0,11.3,300.7,Sentier,16.8,ONG locale,Non,Non,9.0,3
1133,2024,Saison sèche,Diamaré,Mémé,Femme,55.0,Primaire,Veuf/Veuve,8,3,32,Niébé,2.75,Hardé,Pluie seule,Mixte,63.5,3.34,5.2,441.9,35.9,,1945.9,385,749.0,35.3,713.7,Route bitumée,2.8,FAO,Oui,Oui,3.0,4
1134,2022,Saison sèche,Mayo-Kani,Mindif,Homme,41.0,Primaire,Marié(e),12,4,15,Maïs,1.13,Sableux,Pluie + retenue,Décrue,13.0,2.96,22.6,407.3,37.7,1152.8,1302.7,184,240.0,19.4,220.6,Route bitumée,20.2,Aucun,Non,Oui,9.0,4
1135,2021,Saison sèche,Mayo-Sava,Waza,Homme,32.0,Aucun,Marié(e),8,1,6,Sorgho,1.35,Argileux,Irrigation gravitaire,Mixte,0.0,0.27,18.6,246.3,37.7,841.4,1135.9,243,276.0,6.3,269.7,Piste,4.4,Aucun,Non,Non,,3
1136,2024,Saison sèche,Logone-et-Chari,Hilé-Alifa,Femme,27.0,Aucun,Marié(e),8,1,10,Sésame,2.41,Argileux,Irrigation gravitaire,Mixte,26.9,0.0,13.6,293.8,36.1,638.1,1537.8,637,980.0,14.8,,Route bitumée,7.0,Aucun,Non,Non,3.0,1
1137,2021,Saison sèche,Mayo-Kani,Moutourwa,Homme,30.0,Coranique,Marié(e),11,2,14,Sorgho,1.58,Limoneux,Pluie + retenue,Irrigué,0.0,7.82,10.3,150.4,34.9,799.7,1263.5,183,231.0,22.6,,Piste,21.7,SODECOTON,Oui,Oui,1.0,1
1138,2023,Saison sèche,Mayo-Kani,Touloum,Homme,26.0,Secondaire,Marié(e),6,4,10,Sorgho,1.86,Argilo-sableux,Pluie seule,Décrue,89.5,2.34,11.7,347.4,38.1,1001.5,1862.8,208,387.0,45.2,341.8,Piste,8.1,Aucun,Oui,Oui,1.0,1
1139,2021,Saison sèche,Mayo-Danay,Tchatibali,Homme,36.0,Aucun,Marié(e),1,1,7,Sorgho,1.32,Limoneux,Pompe solaire,Pluvial pur,154.7,3.87,20.7,264.6,32.9,1139.5,1504.1,247,372.0,77.8,294.2,Piste,10.9,CARE,Non,Non,,5
1140,2021,Saison sèche,Logone-et-Chari,Hilé-Alifa,Femme,37.0,Aucun,Veuf/Veuve,2,2,6,Arachide,2.06,Sableux,Pluie seule,Irrigué,0.0,2.07,1.0,232.1,37.3,438.6,903.5,346,313.0,5.5,307.5,Piste,11.3,ONG locale,Non,Oui,6.0,1
1141,2024,Saison sèche,Logone-et-Chari,Hilé-Alifa,Femme,56.0,Aucun,Marié(e),5,1,15,Niébé,0.96,Argilo-sableux,Pluie seule,Pluvial pur,0.0,0.0,17.0,269.5,38.2,587.8,564.3,377,213.0,5.1,207.9,Route bitumée,8.3,SODECOTON,Oui,Non,8.0,3
1142,2021,Saison sèche,Mayo-Sava,Méri,Homme,41.0,Aucun,Marié(e),7,3,18,Maïs,3.57,Limoneux,Irrigation gravitaire,Mixte,0.0,2.98,13.9,192.4,36.2,1935.0,6907.9,216,1492.0,11.6,1480.4,Piste,2.4,WFP,Non,Non,,5
1143,2022,Saison sèche,Mayo-Danay,Kalfou,Homme,38.0,Coranique,Marié(e),12,4,20,Niébé,6.95,Hardé,Pluie seule,Pluvial pur,48.2,0.6,24.5,452.5,34.3,,2012.7,383,771.0,28.1,742.9,Sentier,7.1,WFP,Non,Oui,9.0,1
1144,2023,Saison des pluies,Mayo-Kani,Moutourwa,Homme,35.0,Primaire,Marié(e),8,5,19,Maïs,0.91,Limoneux,Marigot,Pluvial pur,34.2,5.35,22.3,793.3,33.0,2057.3,1872.1,174,326.0,33.7,292.3,Voie navigable,12.9,SODECOTON,Non,Oui,3.0,3
1145,2024,Saison des pluies,Logone-et-Chari,Blangoua,Homme,25.0,Primaire,Marié(e),10,3,9,Sésame,0.88,Limoneux,Pluie seule,Pluvial pur,70.0,0.0,16.8,931.8,37.7,751.2,661.1,645,426.0,33.0,393.0,Piste,1.7,Aucun,Non,Oui,3.0,4
1146,2021,Saison des pluies,Diamaré,Bogo,Homme,56.0,Aucun,Marié(e),10,4,6,Mil,2.66,Limoneux,Marigot,Pluvial pur,55.5,1.73,7.3,657.8,35.7,542.7,1443.6,256,370.0,28.7,341.3,Voie navigable,1.6,FAO,Non,Oui,1.0,2
1147,2023,Saison des pluies,Mayo-Kani,Moutourwa,Femme,47.0,Coranique,Marié(e),5,1,4,Arachide,0.55,Limoneux,Pluie seule,Pluvial pur,54.2,0.54,8.8,810.8,33.3,921.8,507.0,370,188.0,25.7,162.3,Piste,2.4,CARE,Non,Non,3.0,1
1148,2022,Saison des pluies,Diamaré,Maroua I,Femme,45.0,Aucun,Marié(e),2,1,13,Arachide,3.22,Argileux,Pluie seule,Mixte,2.3,0.0,11.9,,36.2,1019.1,3281.5,337,1106.0,4.5,1101.5,Route bitumée,6.7,SODECOTON,Oui,Non,8.0,5
1149,2022,Saison des pluies,Mayo-Kani,Mindif,Homme,60.0,Primaire,Marié(e),8,1,19,Sorgho,1.17,Sableux,Pluie seule,Mixte,10.3,0.87,18.6,775.3,36.5,507.6,593.9,242,144.0,11.9,132.1,Piste,5.2,Aucun,Non,Oui,3.0,2
1150,2021,Saison sèche,Mayo-Kani,Guidiguis,Femme,34.0,Secondaire,Marié(e),8,1,12,Niébé,1.03,Limoneux,Pluie seule,Pluvial pur,0.0,13.15,20.5,305.0,33.6,787.1,810.7,447,362.0,39.0,323.0,Sentier,3.6,Aucun,Non,Non,3.0,2
1151,2022,Saison sèche,Mayo-Danay,Wina,Femme,28.0,Primaire,Célibataire,3,3,10,Sésame,1.72,Sableux,Pluie seule,Mixte,1.3,2.4,13.0,358.0,32.5,192.7,331.4,613,203.0,10.4,192.6,Piste,7.4,Aucun,Oui,Non,7.0,4
1152,2023,Saison des pluies,Mayo-Sava,Mora,Homme,64.0,Coranique,Marié(e),11,2,7,Sorgho,1.45,Limoneux,Pluie + retenue,Mixte,24.8,0.0,18.7,659.3,36.6,,922.2,180,166.0,15.5,150.5,Route bitumée,17.8,CARE,Non,Oui,6.0,2
1153,2021,Saison sèche,Mayo-Kani,Guidiguis,Femme,,Universitaire,Marié(e),11,3,10,Mil,0.86,Argilo-sableux,Pluie seule,Pluvial pur,,2.27,22.3,277.9,32.9,774.0,665.6,247,164.0,66.1,97.9,Route bitumée,13.0,CARE,Non,Non,8.0,1
1154,2023,Saison des pluies,Mayo-Danay,Kalfou,Homme,41.0,Secondaire,Célibataire,4,2,22,Niébé,1.21,Sableux,Irrigation gravitaire,Irrigué,20.6,2.84,8.1,965.7,31.2,988.6,1196.2,419,501.0,17.8,483.2,Route bitumée,15.1,CARE,Non,Oui,8.0,4
1155,2024,Saison des pluies,Diamaré,Gazawa,Homme,40.0,Primaire,Marié(e),6,1,0,Sorgho,0.4,Argileux,Pluie seule,Pluvial pur,0.0,0.0,3.2,1062.4,32.1,492.9,197.2,214,42.0,1.0,41.0,Route bitumée,21.9,Aucun,Non,Non,3.0,3
1156,2022,Saison des pluies,Mayo-Danay,Kalfou,Homme,34.0,Aucun,Marié(e),5,5,11,Sésame,,Argileux,Pluie seule,Mixte,0.0,0.64,16.3,994.5,33.0,,168.9,606,102.0,6.5,95.5,Sentier,5.6,Aucun,Non,Oui,3.0,2
1157,2022,Saison des pluies,Mayo-Danay,Yagoua,Homme,57.0,Secondaire,Marié(e),4,4,9,Mil,,Argilo-sableux,Irrigation gravitaire,Irrigué,99.4,1.15,6.2,872.7,34.8,1155.3,727.8,203,148.0,44.5,103.5,Sentier,5.6,Aucun,Non,Oui,1.0,3
1158,2024,Saison sèche,Mayo-Sava,Waza,Homme,28.0,Aucun,Célibataire,3,1,12,Mil,0.95,Limoneux,Pluie + retenue,Pluvial pur,17.7,1.13,10.7,259.9,37.4,710.7,675.2,238,161.0,13.1,147.9,Voie navigable,5.0,Aucun,Non,Non,7.0,1
1159,2024,Saison sèche,Diamaré,Maroua II,Homme,54.0,Aucun,Marié(e),4,1,21,Arachide,1.18,Limoneux,Pluie seule,Irrigué,7.3,6.23,17.1,422.9,35.1,731.6,863.3,344,297.0,23.6,273.4,Piste,10.4,IRAD,Non,Oui,1.0,5
1160,2024,Saison des pluies,Diamaré,Maroua III,Femme,,Aucun,Marié(e),9,2,16,Maïs,2.17,Hardé,Pompe solaire,Pluvial pur,2.8,5.09,13.4,956.2,33.7,752.3,1632.5,214,349.0,17.9,331.1,Piste,1.3,Aucun,Oui,Non,5.0,1
1161,2021,Saison sèche,Diamaré,Mémé,Homme,57.0,Aucun,Marié(e),3,1,24,Sorgho,3.7,Argilo-sableux,Pluie seule,Mixte,6.5,0.0,15.4,248.7,33.9,402.7,1490.0,207,308.0,7.2,300.8,Route bitumée,8.2,FAO,Oui,Non,7.0,4
1162,2021,Saison sèche,Logone-et-Chari,Hilé-Alifa,Homme,43.0,Aucun,Marié(e),12,3,5,Sésame,3.93,Argileux,Pluie seule,Irrigué,16.6,0.81,12.1,196.8,35.7,473.6,1861.2,596,1109.0,12.3,,Route bitumée,32.3,SODECOTON,Oui,Non,8.0,2
1163,2024,Saison sèche,Mayo-Sava,Kolofata,Homme,27.0,Aucun,Veuf/Veuve,10,1,6,Niébé,0.49,Limoneux,Pluie seule,Pluvial pur,0.0,1.21,17.1,344.9,36.0,628.5,308.0,408,126.0,8.2,117.8,Sentier,10.2,FAO,Oui,Oui,5.0,1
1164,2024,Saison sèche,Mayo-Danay,Wina,Homme,18.0,Aucun,Veuf/Veuve,9,1,2,Maïs,1.74,Argileux,Pluie seule,Irrigué,6.9,1.21,14.2,335.7,34.5,947.2,1648.1,174,287.0,10.0,277.0,Voie navigable,6.0,Aucun,Oui,Non,5.0,2
1165,2023,Saison des pluies,Mayo-Kani,Mindif,Homme,48.0,Aucun,Marié(e),6,1,15,Maïs,,Argilo-sableux,Marigot,Mixte,28.5,2.58,13.0,875.4,34.9,1671.7,1454.4,189,275.0,21.8,253.2,Sentier,2.5,WFP,Oui,Non,8.0,3
1166,2024,Saison des pluies,Mayo-Kani,Kaélé,Femme,41.0,Primaire,Marié(e),8,3,2,Sorgho,0.9,Argileux,Pluie seule,Pluvial pur,7.7,0.0,30.6,981.6,35.9,516.0,464.4,178,83.0,12.3,70.7,Piste,6.5,Aucun,Non,Oui,9.0,5
1167,2024,Saison des pluies,Diamaré,Maroua II,Femme,26.0,Aucun,Marié(e),7,2,10,Mil,2.18,Argileux,Pluie + retenue,Irrigué,0.0,6.63,21.3,967.4,29.8,737.9,1608.6,251,404.0,23.0,381.0,Piste,10.4,SODECOTON,Non,Non,8.0,2
1168,2021,Saison des pluies,Mayo-Danay,Guirvidig,Homme,150.0,Coranique,Marié(e),6,2,23,Sésame,0.3,Argileux,Pluie + retenue,Mixte,,2.42,6.5,813.2,35.2,677.8,203.3,587,119.0,32.5,86.5,Piste,23.3,SODECOTON,Non,Oui,8.0,4
1169,2021,Saison sèche,Mayo-Kani,Moutourwa,Homme,42.0,Aucun,Marié(e),11,1,8,Niébé,1.36,Limoneux,Pluie seule,Irrigué,7.7,1.74,21.6,311.7,31.2,691.0,939.8,411,386.0,13.9,372.1,Voie navigable,3.1,Aucun,Non,Non,4.0,1
1170,2023,Saison des pluies,Mayo-Kani,Moutourwa,Homme,60.0,Primaire,Marié(e),4,1,24,Mil,0.51,Limoneux,Pluie seule,Mixte,0.0,4.03,14.0,741.1,35.3,488.0,248.9,268,67.0,14.3,52.7,Route bitumée,2.2,IRAD,Non,Oui,6.0,5
1171,2022,Saison sèche,Mayo-Sava,Tokombéré,Homme,58.0,Primaire,Marié(e),5,4,18,Sorgho,,Argileux,Pluie + retenue,Mixte,0.0,0.0,1.0,365.9,35.6,689.3,1916.3,220,422.0,0.3,421.7,Sentier,3.7,WFP,Oui,Non,9.0,4
1172,2021,Saison sèche,Logone-et-Chari,Makary,Homme,32.0,Primaire,Marié(e),13,3,0,Mil,1.05,Sableux,Irrigation gravitaire,Pluvial pur,4.3,0.0,16.7,297.2,38.0,576.3,605.1,223,135.0,6.7,128.3,Piste,14.7,Aucun,Oui,Oui,2.0,1
1173,2024,Saison des pluies,Mayo-Sava,Mora,Homme,39.0,Aucun,Célibataire,7,4,5,Sésame,0.6,Argileux,Pluie + retenue,Pluvial pur,68.3,0.0,13.9,821.0,36.2,595.6,357.4,649,232.0,31.5,200.5,Piste,2.3,FAO,Non,Non,7.0,3
1174,2024,Saison sèche,Logone-et-Chari,Blangoua,Femme,41.0,Secondaire,Marié(e),11,1,4,Sorgho,3.05,Hardé,Irrigation gravitaire,Pluvial pur,,0.0,6.0,229.8,36.6,,1206.3,198,239.0,3.7,235.3,Piste,0.5,Aucun,Non,Non,,2
1175,2023,Saison des pluies,Logone-et-Chari,Hilé-Alifa,Femme,33.0,Secondaire,Marié(e),12,4,2,Maïs,1.15,Argilo-sableux,Pluie + retenue,Décrue,35.3,0.0,20.1,,36.2,1693.7,1947.8,214,417.0,20.1,396.9,Piste,3.5,IRAD,Non,Oui,5.0,3
1176,2023,Saison sèche,Mayo-Danay,Wina,Homme,33.0,Primaire,Marié(e),9,4,0,Sorgho,2.68,Argileux,Pluie seule,Pluvial pur,125.0,0.0,8.3,441.4,33.0,893.7,2395.1,217,520.0,52.5,467.5,Sentier,12.7,Aucun,Non,Oui,2.0,2
1177,2024,Saison sèche,Mayo-Sava,Waza,Femme,21.0,Aucun,Marié(e),4,1,5,Sésame,0.75,Argilo-sableux,Irrigation gravitaire,Pluvial pur,12.4,0.0,7.0,299.2,33.9,497.3,373.0,612,228.0,7.1,,Piste,1.5,Aucun,Oui,Oui,1.0,1
1178,2023,Saison des pluies,Mayo-Kani,Kaélé,Homme,38.0,Aucun,Marié(e),11,3,9,Mil,0.79,Sableux,Pluie seule,Mixte,21.5,0.53,16.2,,38.6,492.4,389.0,258,100.0,14.8,85.2,Piste,7.8,WFP,Non,Non,8.0,1
1179,2021,Saison des pluies,Mayo-Kani,Touloum,F,24.0,Universitaire,Marié(e),4,2,8,Coton,2.19,Argilo-sableux,Irrigation gravitaire,Pluvial pur,92.3,0.88,13.5,760.1,30.9,2288.1,5010.9,276,1383.0,43.2,1339.8,Route bitumée,6.2,SODECOTON,Non,Non,9.0,2
1180,2021,Saison des pluies,Mayo-Danay,Kalfou,Homme,40.0,Coranique,Marié(e),7,1,21,Sorgho,0.69,Sableux,Pluie + retenue,Pluvial pur,0.5,0.0,17.6,800.2,32.4,572.9,395.3,171,68.0,5.5,62.5,Route bitumée,11.8,SODECOTON,Non,Non,9.0,4
1181,2022,Saison sèche,Logone-et-Chari,Blangoua,Homme,41.0,Primaire,Marié(e),10,4,12,Mil,0.77,Argileux,Pluie seule,Pluvial pur,11.6,1.46,27.5,301.7,36.3,745.6,574.1,207,119.0,16.5,,Piste,6.8,Aucun,Non,Non,9.0,3
1182,2024,Saison sèche,Mayo-Danay,Tchatibali,Homme,28.0,Primaire,Marié(e),6,4,12,Mil,0.4,Argileux,Pompe solaire,Mixte,12.4,0.0,20.2,365.0,33.0,922.6,369.0,202,75.0,11.0,64.0,Route bitumée,16.7,ONG locale,Non,Non,1.0,3
1183,2023,Saison sèche,Diamaré,Maroua II,Homme,26.0,Coranique,Marié(e),12,3,10,Maïs,0.64,Sableux,Pluie seule,Pluvial pur,38.3,0.14,14.5,419.0,31.8,1455.4,931.5,213,198.0,20.0,,Sentier,2.1,Aucun,Non,Oui,7.0,4
1184,2023,Saison sèche,Logone-et-Chari,Kousseri,Femme,41.0,Aucun,Marié(e),11,3,19,Sésame,1.48,Argilo-sableux,Pluie + retenue,Pluvial pur,27.9,0.62,10.4,398.4,34.0,556.9,824.2,618,509.0,15.8,493.2,Piste,2.8,ONG locale,Non,Oui,7.0,3
1185,2023,Saison des pluies,Diamaré,Mémé,Homme,49.0,Primaire,Marié(e),4,4,17,Sorgho,1.04,Argileux,Pluie seule,Irrigué,44.9,0.0,21.3,911.6,32.8,573.9,596.9,173,103.0,24.4,78.6,Route bitumée,45.0,WFP,Non,Oui,1.0,4
1186,2021,Saison sèche,Mayo-Kani,Guidiguis,Homme,46.0,Aucun,Marié(e),6,2,5,Arachide,1.42,Sableux,Pluie seule,Pluvial pur,38.2,0.0,21.1,378.5,33.3,788.3,1119.4,360,403.0,21.6,381.4,Piste,1.2,Aucun,Oui,Non,2.0,4
1187,2021,Saison des pluies,Diamaré,Maroua I,Homme,50.0,Aucun,Marié(e),7,2,23,Sésame,0.29,Argileux,Pluie + retenue,Pluvial pur,23.7,0.0,13.9,798.2,34.6,591.4,171.5,580,99.0,13.7,85.3,Route bitumée,5.3,SODECOTON,Oui,Oui,4.0,2
1188,2021,Saison sèche,Mayo-Kani,Kaélé,Homme,45.0,Primaire,Marié(e),4,4,10,Arachide,,Sableux,Pompe solaire,Pluvial pur,0.0,0.0,1.0,249.7,35.9,894.0,2333.3,392,915.0,0.3,914.7,Piste,8.6,SODECOTON,Oui,Oui,9.0,5
1189,2021,Saison des pluies,Diamaré,Maroua I,Femme,44.0,Coranique,Marié(e),3,2,0,Sorgho,1.81,Argileux,Pluie seule,Mixte,0.0,0.0,15.5,812.4,34.3,560.6,1014.7,227,230.0,4.6,,Route bitumée,16.1,SODECOTON,Non,Non,1.0,4
1190,2023,Saison des pluies,Mayo-Sava,Waza,Homme,55.0,Secondaire,Marié(e),2,1,17,Coton,0.53,Limoneux,Pluie + retenue,Pluvial pur,16.6,1.71,11.8,647.7,36.2,1385.6,734.4,320,235.0,14.5,220.5,Sentier,2.8,Aucun,Non,Non,3.0,5
1191,2022,Saison sèche,Mayo-Danay,Kalfou,Homme,31.0,Secondaire,Marié(e),10,2,15,Arachide,2.75,Argilo-sableux,Marigot,Pluvial pur,19.8,0.0,13.8,473.5,32.3,1146.6,3153.1,359,1132.0,12.1,1119.9,Sentier,0.5,WFP,Non,Non,6.0,5
1192,2024,Saison sèche,Mayo-Sava,Méri,Homme,50.0,Aucun,Marié(e),7,3,25,Sorgho,0.74,Sableux,Marigot,Mixte,,3.4,21.0,354.6,36.3,377.1,279.1,212,59.0,19.7,39.3,Piste,39.7,Aucun,Non,Non,9.0,4
1193,2022,Saison sèche,Mayo-Sava,Mora,Femme,39.0,Aucun,Marié(e),9,4,15,Sorgho,0.65,Argileux,Pompe solaire,Pluvial pur,111.6,0.0,5.0,301.4,35.9,1019.3,662.5,175,116.0,46.1,69.9,Piste,4.0,IRAD,Oui,Non,7.0,3
1194,2023,Saison des pluies,Mayo-Sava,Mora,Femme,35.0,Secondaire,Marié(e),5,5,19,Arachide,,Argilo-sableux,Pluie seule,Décrue,25.6,2.37,9.0,,37.0,908.6,772.3,374,289.0,18.9,270.1,Piste,7.3,WFP,Non,Oui,6.0,3
1195,2022,Saison sèche,Mayo-Danay,Kalfou,Homme,52.0,Aucun,Marié(e),11,2,12,Maïs,2.31,Sableux,Pluie seule,Mixte,,0.71,11.7,313.4,31.4,933.4,2156.2,200,431.0,44.5,-9999.0,Route bitumée,45.9,Aucun,Non,Oui,7.0,4
1196,2024,Saison sèche,Mayo-Kani,Touloum,Homme,43.0,Coranique,Marié(e),2,2,21,Sorgho,0.69,Sableux,Pluie seule,Mixte,130.7,1.68,9.2,333.8,35.3,827.7,571.1,211,121.0,59.2,61.8,Sentier,3.2,Aucun,Oui,Non,7.0,5
1197,2022,Saison des pluies,Logone-et-Chari,Goulfey,Homme,29.0,Secondaire,Marié(e),14,3,13,Sorgho,0.65,Argilo-sableux,Pluie seule,Mixte,0.0,0.0,14.4,727.5,35.7,641.1,416.7,222,93.0,4.3,88.7,Sentier,7.2,CARE,Oui,Oui,5.0,2
1198,2021,Saison sèche,Mayo-Sava,Tokombéré,Homme,53.0,Universitaire,Marié(e),5,2,1,Sésame,0.93,Sableux,Marigot,Pluvial pur,105.6,0.0,6.2,251.7,36.9,719.5,669.1,600,401.0,44.1,356.9,Piste,3.4,CARE,Non,Non,5.0,2
1199,2021,Saison sèche,Logone-et-Chari,Blangoua,Femme,33.0,Aucun,Marié(e),6,1,17,Niébé,1.1,Hardé,Irrigation gravitaire,Mixte,0.0,4.17,10.6,,35.2,457.9,503.7,370,186.0,13.6,172.4,Voie navigable,0.8,CARE,Oui,Non,7.0,4
1200,2023,Saison des pluies,Mayo-Danay,Tchatibali,Femme,54.0,Aucun,Marié(e),7,2,14,Mil,0.71,Sableux,Pompe solaire,Pluvial pur,59.5,0.0,23.0,922.1,34.2,519.4,368.8,203,75.0,30.7,44.3,Route bitumée,3.6,Aucun,Non,Non,8.0,1
1201,2021,Saison sèche,Diamaré,Maroua III,Homme,32.0,Aucun,Marié(e),4,1,5,Sésame,0.99,Argileux,Pluie + retenue,Pluvial pur,14.8,0.0,17.2,337.5,34.9,625.8,619.5,604,374.0,11.1,362.9,Piste,17.7,CARE,Non,Non,8.0,5
1202,2021,Saison sèche,Logone-et-Chari,Hilé-Alifa,Femme,47.0,Primaire,Marié(e),6,1,0,Sésame,2.2,Argilo-sableux,Irrigation gravitaire,Décrue,53.2,1.13,24.6,267.6,33.8,732.4,1611.3,581,936.0,31.5,904.5,Piste,5.8,IRAD,Oui,Non,3.0,1
1203,2021,Saison sèche,Mayo-Kani,Guidiguis,Femme,18.0,Aucun,Marié(e),7,3,2,Sésame,2.32,Argileux,Pluie seule,Pluvial pur,,4.48,8.9,358.2,34.7,458.0,1062.6,611,649.0,14.1,634.9,Piste,10.7,ONG locale,Oui,Non,6.0,1
1204,2021,Saison sèche,Mayo-Danay,Tchatibali,Homme,38.0,Coranique,Marié(e),4,1,22,Niébé,0.69,Limoneux,Irrigation gravitaire,Décrue,10.8,0.0,12.8,348.7,34.4,1092.0,753.5,424,319.0,8.2,310.8,Route bitumée,5.2,Aucun,Non,Non,2.0,4
1205,2023,Saison sèche,Mayo-Sava,Kolofata,Homme,48.0,Aucun,Marié(e),1,1,17,Sorgho,0.87,Argileux,Pluie seule,Pluvial pur,18.6,2.31,11.2,,36.7,712.6,620.0,184,114.0,16.6,97.4,Piste,0.5,CARE,Non,Non,1.0,4
1206,2022,Saison sèche,Mayo-Kani,Kaélé,Homme,55.0,Primaire,Célibataire,9,5,8,Sésame,0.67,Limoneux,Pluie seule,Pluvial pur,19.7,2.86,20.2,376.6,35.5,380.1,254.7,644,164.0,21.1,142.9,Route bitumée,22.1,ONG locale,Oui,Oui,3.0,3
1207,2024,Saison des pluies,Logone-et-Chari,Blangoua,Homme,32.0,Primaire,Veuf/Veuve,10,4,8,Mil,0.89,Sableux,Irrigation gravitaire,Irrigué,41.6,4.02,1.0,811.0,37.4,,490.1,207,101.0,27.0,74.0,Voie navigable,10.4,ONG locale,Oui,Non,,3
1208,2022,Saison des pluies,Mayo-Kani,Moutourwa,Homme,29.0,Coranique,Marié(e),5,2,4,Sorgho,0.37,Argileux,Marigot,Décrue,212.3,0.21,8.2,949.7,35.6,911.9,337.4,171,58.0,87.9,-29.9,Route bitumée,2.5,Aucun,Oui,Non,1.0,5
1209,2021,Saison des pluies,Mayo-Kani,Kaélé,Homme,44.0,Aucun,Marié(e),6,3,21,Mil,3.13,Hardé,Irrigation gravitaire,Mixte,70.4,2.66,29.8,719.3,32.8,585.1,1831.4,240,440.0,43.8,396.2,Route bitumée,8.4,Aucun,Non,Oui,3.0,5
1210,2024,Saison des pluies,Diamaré,Maroua I,Femme,25.0,Aucun,Marié(e),7,4,2,Arachide,1.51,Sableux,Pluie + retenue,Mixte,0.0,0.0,14.2,,32.9,703.7,1062.6,342,363.0,4.3,358.7,Sentier,32.4,FAO,Oui,Non,3.0,4
1211,2021,Saison sèche,Mayo-Danay,Tchatibali,Homme,58.0,Primaire,Marié(e),7,3,19,Mil,2.24,Limoneux,Irrigation gravitaire,Décrue,0.0,1.49,14.9,323.0,32.1,,1436.5,210,302.0,8.2,293.8,Sentier,0.9,FAO,Non,Non,9.0,4
1212,2024,Saison sèche,Logone-et-Chari,Goulfey,Femme,50.0,Aucun,Marié(e),4,3,13,Maïs,2.53,Argileux,Pluie + retenue,Pluvial pur,34.7,0.1,19.8,,36.4,,4935.5,230,1135.0,20.1,,Piste,7.0,Aucun,Non,Non,2.0,4
1213,2024,Saison des pluies,Mayo-Sava,Tokombéré,Femme,46.0,Aucun,Marié(e),3,3,11,Mil,0.26,Argileux,Pluie + retenue,Irrigué,0.0,0.39,8.5,781.9,37.8,573.6,149.1,218,33.0,3.5,29.5,Sentier,24.5,SODECOTON,Non,Non,5.0,5
1214,2021,Saison sèche,Mayo-Kani,Guidiguis,Femme,55.0,Secondaire,Marié(e),12,2,24,Sésame,0.43,Argileux,Marigot,Décrue,30.3,0.0,11.8,164.5,36.7,512.2,220.2,592,130.0,15.7,114.3,Route bitumée,1.0,FAO,Non,Non,9.0,5
1215,2024,Saison des pluies,Logone-et-Chari,Kousseri,Femme,43.0,Coranique,Marié(e),9,2,17,Sorgho,0.61,Argileux,Pluie + retenue,Pluvial pur,,0.0,22.7,760.9,35.5,847.0,516.7,175,90.0,24.1,65.9,Sentier,11.6,Aucun,Non,Non,5.0,4
1216,2022,Saison sèche,Logone-et-Chari,Makary,Homme,35.0,Coranique,Marié(e),7,5,10,Sorgho,3.79,Sableux,Pluie + retenue,Mixte,54.0,4.17,17.8,244.0,36.4,569.6,2158.8,216,466.0,37.4,428.6,Piste,1.7,ONG locale,Non,Oui,2.0,2
1217,2023,Saison sèche,Mayo-Kani,Guidiguis,Homme,27.0,Primaire,Marié(e),6,5,0,Sorgho,2.17,Argileux,Pluie seule,Mixte,28.4,0.86,26.8,277.7,33.8,651.4,1413.5,190,269.0,21.5,247.5,Voie navigable,19.8,WFP,Non,Non,7.0,3
1218,2023,Saison sèche,Mayo-Danay,Wina,Homme,45.0,Primaire,Marié(e),5,1,21,Sésame,1.79,Limoneux,Pluie seule,Pluvial pur,7.0,3.62,12.3,355.3,31.9,527.1,943.5,649,612.0,15.5,596.5,Piste,4.5,ONG locale,Non,Non,7.0,1
1219,2023,Saison sèche,Mayo-Sava,Mora,Homme,55.0,Aucun,Marié(e),1,1,19,Sésame,0.77,Hardé,Pluie seule,Pluvial pur,0.0,0.0,32.3,324.5,38.5,340.5,262.2,572,150.0,9.7,140.3,Piste,4.8,WFP,Non,Oui,2.0,2
1220,2023,Saison des pluies,Diamaré,Maroua III,Homme,44.0,Aucun,Marié(e),7,6,13,Maïs,1.51,Argileux,Marigot,Pluvial pur,57.4,0.0,8.6,947.5,36.1,2184.5,3298.6,155,511.0,25.5,485.5,Piste,1.1,ONG locale,Non,Oui,8.0,5
1221,2022,Saison sèche,Mayo-Danay,Tchatibali,Homme,35.0,Coranique,Marié(e),7,3,19,Arachide,2.11,Limoneux,Pluie + retenue,Pluvial pur,2.7,3.31,14.2,418.5,33.3,,2205.6,376,829.0,13.6,815.4,Piste,45.6,ONG locale,Non,Oui,7.0,4
1222,2021,Saison sèche,Mayo-Danay,Kalfou,Femme,57.0,Aucun,Marié(e),6,2,19,Niébé,1.64,Argilo-sableux,Pluie + retenue,Mixte,73.6,3.59,23.1,311.6,32.0,718.0,1177.5,450,530.0,45.3,484.7,Sentier,8.1,ONG locale,Non,Oui,4.0,2
1223,2023,Saison des pluies,Logone-et-Chari,Kousseri,Femme,42.0,Coranique,Marié(e),9,2,24,Sésame,0.57,Argilo-sableux,Pluie seule,Pluvial pur,34.0,0.0,1.0,712.3,38.2,395.7,225.5,587,132.0,13.9,118.1,Route bitumée,35.8,Aucun,Oui,Non,8.0,4
1224,2023,Saison des pluies,Mayo-Sava,Tokombéré,Homme,33.0,Universitaire,Veuf/Veuve,4,1,15,Niébé,,Argileux,Pluie seule,Pluvial pur,0.0,0.0,10.9,664.2,37.2,834.5,1418.6,373,529.0,3.3,525.7,Voie navigable,1.9,Aucun,Non,Non,1.0,2
1225,2024,Saison des pluies,Logone-et-Chari,Goulfey,Femme,25.0,Universitaire,Marié(e),8,2,9,Mil,2.23,Hardé,Pluie seule,Pluvial pur,0.5,0.23,15.4,800.0,35.8,340.2,758.6,208,158.0,5.4,152.6,Piste,24.5,SODECOTON,Oui,Oui,6.0,2
1226,2021,Saison des pluies,Mayo-Sava,Méri,Homme,37.0,Secondaire,Marié(e),2,2,15,Mil,0.75,Argileux,Pluie seule,Décrue,12.5,3.83,14.6,700.4,37.1,808.9,606.7,245,149.0,19.0,130.0,Route bitumée,1.6,CARE,Oui,Oui,7.0,4
1227,2023,Saison sèche,Diamaré,Maroua III,Homme,43.0,Universitaire,Marié(e),6,4,4,Coton,,Sableux,Pluie + retenue,Irrigué,0.0,0.0,10.4,381.9,35.9,1097.5,2359.6,306,722.0,3.1,718.9,Piste,11.4,Aucun,Non,Oui,2.0,4
1228,2023,Saison sèche,Diamaré,Maroua II,Femme,,Aucun,Marié(e),5,5,16,Sorgho,1.97,Limoneux,Irrigation gravitaire,Mixte,,1.16,10.8,424.0,34.4,744.2,1466.1,208,305.0,11.1,293.9,Route bitumée,29.9,ONG locale,Non,Non,8.0,2
1229,2023,Saison des pluies,Mayo-Sava,Méri,Homme,55.0,Primaire,Marié(e),9,4,22,Sorgho,1.03,Argileux,Pluie seule,Pluvial pur,8.7,4.98,11.6,725.6,38.0,699.6,720.6,173,125.0,19.4,105.6,Voie navigable,5.7,Aucun,Non,Non,,2
1230,2022,Saison sèche,Diamaré,Bogo,Femme,20.0,Coranique,Marié(e),10,3,4,Sésame,3.37,Argilo-sableux,Pompe solaire,Pluvial pur,,1.79,29.3,334.6,36.0,579.2,1951.9,646,1261.0,19.4,1241.6,Route bitumée,2.6,Aucun,Oui,Non,9.0,3
1231,2022,Saison sèche,Diamaré,Maroua II,Homme,18.0,Coranique,Marié(e),12,1,2,Sorgho,0.74,Argileux,Pluie seule,Pluvial pur,0.0,0.0,22.2,426.9,33.1,561.6,415.6,234,97.0,6.7,90.3,Route bitumée,12.1,SODECOTON,Non,Oui,2.0,4
1232,2021,Saison sèche,Logone-et-Chari,Goulfey,Homme,48.0,Primaire,Célibataire,7,1,22,Niébé,1.59,Sableux,Pompe solaire,Décrue,15.7,0.35,19.5,276.1,35.5,1010.8,1607.2,449,722.0,13.0,709.0,Sentier,18.3,Aucun,Non,Non,,5
1233,2024,Saison des pluies,Diamaré,Maroua II,Femme,43.0,Aucun,Marié(e),5,1,0,Arachide,1.29,Argileux,Pluie seule,Irrigué,84.1,4.08,21.9,979.0,36.8,933.6,1204.3,365,440.0,50.4,389.6,Sentier,11.8,FAO,Non,Non,3.0,4
1234,2024,Saison sèche,Mayo-Sava,Waza,Femme,34.0,Universitaire,Marié(e),5,3,18,Sorgho,,Hardé,Pompe solaire,Pluvial pur,0.0,1.15,18.7,343.9,37.4,559.1,788.3,237,187.0,8.5,178.5,Piste,11.2,CARE,Non,Oui,6.0,5
1235,2023,Saison sèche,Logone-et-Chari,Makary,Femme,47.0,Coranique,Marié(e),5,4,4,Niébé,1.96,Sableux,Pluie + retenue,Mixte,24.3,3.68,15.4,265.2,36.7,670.9,1315.0,376,494.0,23.5,470.5,Piste,2.2,SODECOTON,Non,Non,5.0,4
1236,2021,Saison sèche,Mayo-Kani,Moutourwa,Femme,45.0,Coranique,Marié(e),4,4,12,Maïs,1.2,Argileux,Pompe solaire,Pluvial pur,16.9,0.0,16.7,252.3,33.4,2117.7,2541.2,204,518.0,11.8,506.2,Piste,21.6,Aucun,Non,Oui,5.0,3
1237,2022,Saison sèche,Logone-et-Chari,Kousseri,Homme,53.0,Coranique,Marié(e),10,2,15,Sorgho,1.37,Argilo-sableux,Irrigation gravitaire,Irrigué,61.4,0.0,21.2,,36.3,742.5,1017.2,218,222.0,30.9,191.1,Piste,14.2,WFP,Oui,Non,1.0,5
1238,2021,Saison des pluies,Logone-et-Chari,Makary,Homme,54.0,Secondaire,Marié(e),8,2,6,Sorgho,1.46,Argileux,Pompe solaire,Pluvial pur,0.0,2.18,1.0,622.4,38.3,,1586.6,237,376.0,5.8,370.2,Route bitumée,2.0,Aucun,Non,Non,6.0,1
1239,2022,Saison des pluies,Mayo-Danay,Wina,Homme,32.0,Aucun,Veuf/Veuve,9,4,7,Mil,5.72,Argilo-sableux,Pluie seule,Décrue,,0.46,9.8,868.1,32.7,305.4,1746.9,250,437.0,4.1,432.9,Route bitumée,9.8,WFP,Oui,Non,6.0,3
1240,2021,Saison sèche,Mayo-Sava,Tokombéré,Homme,42.0,Primaire,Marié(e),8,3,4,Mil,0.58,Limoneux,Pluie seule,Pluvial pur,45.5,2.62,14.5,243.1,37.8,803.0,465.7,223,104.0,29.1,74.9,Piste,2.0,Aucun,Non,Non,7.0,2
1241,2021,Saison des pluies,Mayo-Kani,Kaélé,Homme,37.0,Coranique,Marié(e),2,2,16,Coton,1.24,Sableux,Marigot,Irrigué,24.3,0.0,7.1,726.1,35.9,660.0,818.4,265,217.0,11.9,205.1,Route bitumée,34.8,Aucun,Non,Oui,,2
1242,2023,Saison des pluies,Mayo-Sava,Kolofata,Homme,36.0,Primaire,Marié(e),6,2,5,Arachide,1.75,Argileux,Pluie seule,Pluvial pur,24.5,0.0,6.9,627.6,37.0,974.3,1705.0,338,576.0,11.9,564.1,Piste,10.0,Aucun,Non,Non,1.0,3
1243,2021,Saison des pluies,Diamaré,Maroua III,Homme,46.0,Aucun,Marié(e),7,4,19,Mil,3.3,Limoneux,Pluie seule,Pluvial pur,96.1,0.0,8.1,714.1,31.6,639.0,2108.7,212,447.0,40.9,406.1,Route bitumée,6.8,IRAD,Oui,Non,8.0,3
1244,2023,Saison sèche,Mayo-Danay,Yagoua,Homme,,Secondaire,Marié(e),5,5,8,Mil,3.4,Argilo-sableux,Irrigation gravitaire,Mixte,,2.76,25.5,,33.5,,2079.4,234,487.0,18.4,468.6,Route bitumée,10.2,Aucun,Oui,Oui,4.0,4
1245,2021,Saison sèche,Mayo-Sava,Méri,Femme,25.0,Coranique,Marié(e),9,4,9,Maïs,0.92,Argileux,Irrigation gravitaire,Irrigué,46.7,12.7,4.6,180.5,35.6,2382.7,2192.1,172,377.0,51.8,325.2,Route bitumée,3.8,CARE,Non,Non,8.0,3
1246,2023,Saison des pluies,Mayo-Sava,Mora,Homme,31.0,Universitaire,Célibataire,8,1,15,Sésame,1.78,Limoneux,Pluie seule,Décrue,0.0,7.56,9.1,678.0,37.6,481.7,857.4,614,526.0,21.6,,Route bitumée,6.6,Aucun,Non,Oui,7.0,4
1247,2021,Saison des pluies,Mayo-Sava,Kolofata,M,38.0,Secondaire,Marié(e),6,2,10,Mil,1.5,Limoneux,Irrigation gravitaire,Pluvial pur,,6.21,7.0,622.7,35.2,846.4,1269.6,202,256.0,21.9,234.1,Sentier,17.1,Aucun,Non,Non,,2
1248,2022,Saison sèche,Logone-et-Chari,Makary,Homme,,Aucun,Marié(e),7,5,8,Mil,0.39,Limoneux,Pluie + retenue,Pluvial pur,17.6,1.65,23.4,419.7,35.6,627.3,244.6,201,49.0,18.2,30.8,Piste,25.4,SODECOTON,Non,Oui,2.0,4
1249,2021,Saison des pluies,Mayo-Danay,Kalfou,Homme,28.0,Aucun,Marié(e),9,2,12,Mil,0.58,Argileux,Pluie seule,Décrue,46.9,0.46,13.6,825.8,32.9,596.6,346.0,216,75.0,24.0,51.0,Piste,1.2,FAO,Non,Non,4.0,5
1250,2022,Saison des pluies,Logone-et-Chari,Kousseri,Homme,48.0,Secondaire,Marié(e),6,2,30,Mil,0.64,Sableux,Pluie + retenue,Irrigué,51.8,2.68,19.3,674.2,36.2,495.7,317.2,203,64.0,33.2,30.8,Sentier,52.6,Aucun,Non,Non,,5
1251,2023,Saison sèche,Diamaré,Maroua II,Homme,30.0,Secondaire,Marié(e),9,1,0,Sésame,0.63,Sableux,Pluie seule,Pluvial pur,54.7,0.0,11.7,346.6,33.2,588.9,371.0,615,228.0,25.4,202.6,Piste,41.2,WFP,Oui,Oui,2.0,2
1252,2022,Saison sèche,Mayo-Danay,Guirvidig,Homme,66.0,Aucun,Marié(e),7,1,25,Niébé,0.61,Argilo-sableux,Pluie seule,Pluvial pur,0.0,4.34,4.4,437.8,31.9,399.4,243.6,406,99.0,12.2,86.8,Route bitumée,1.6,FAO,Non,Non,9.0,5
1253,2024,Saison des pluies,Mayo-Kani,Moutourwa,Homme,42.0,Primaire,Marié(e),4,2,9,Mil,3.24,Limoneux,Marigot,Mixte,0.0,0.0,4.5,902.0,34.1,563.3,1825.1,205,374.0,1.3,372.7,Piste,2.3,ONG locale,Oui,Non,4.0,2
1254,2024,Saison des pluies,Diamaré,Maroua II,Homme,32.0,Universitaire,Marié(e),2,2,16,Maïs,0.67,Hardé,Pluie + retenue,Mixte,38.2,0.0,7.2,,33.4,1618.6,1084.5,213,231.0,17.4,213.6,Piste,2.9,Aucun,Non,Non,9.0,4
1255,2024,Saison des pluies,Mayo-Kani,Moutourwa,Homme,62.0,Coranique,Marié(e),8,3,16,Maïs,,Sableux,Pluie seule,Irrigué,37.9,0.0,16.8,901.6,34.6,918.0,743.6,151,112.0,20.2,91.8,Sentier,12.9,Aucun,Non,Oui,8.0,3
1256,2023,Saison sèche,Mayo-Sava,Waza,Homme,34.0,Coranique,Marié(e),7,2,12,Mil,0.78,Argileux,Irrigation gravitaire,Pluvial pur,50.8,0.0,9.2,264.4,36.7,929.4,724.9,261,189.0,23.1,165.9,Sentier,6.3,Aucun,Oui,Oui,3.0,3
1257,2024,Saison sèche,Mayo-Kani,Touloum,Homme,37.0,Secondaire,Célibataire,9,4,12,Sorgho,0.85,Argileux,Pluie seule,Irrigué,0.0,2.73,14.9,261.3,35.0,696.4,591.9,247,146.0,11.3,134.7,Route bitumée,13.3,WFP,Oui,Non,8.0,2
1258,2022,Saison des pluies,Mayo-Kani,Kaélé,Homme,,Aucun,Marié(e),9,3,11,Sorgho,0.84,Sableux,Pompe solaire,Mixte,110.9,0.02,11.8,928.0,32.8,848.7,712.9,181,129.0,48.0,,Piste,13.9,Aucun,Non,Non,,2
1259,2021,Saison sèche,Mayo-Sava,Kolofata,Homme,41.0,Primaire,Marié(e),7,1,12,Maïs,,Argilo-sableux,Pluie + retenue,Pluvial pur,20.2,0.0,7.9,249.9,37.2,1115.2,802.9,153,123.0,10.4,112.6,Sentier,8.2,WFP,Non,Oui,4.0,2
1260,2022,Saison des pluies,Diamaré,Maroua II,Homme,40.0,Aucun,Marié(e),4,2,20,Sorgho,1.53,Limoneux,Pluie seule,Mixte,38.6,4.8,13.2,1025.8,32.5,563.8,862.6,242,209.0,31.4,177.6,Piste,32.8,Aucun,Oui,Non,7.0,4
1261,2023,Saison des pluies,Mayo-Kani,Moutourwa,Femme,,Secondaire,Célibataire,1,1,12,Sorgho,,Limoneux,Pluie + retenue,Irrigué,70.1,0.0,16.6,779.7,35.0,1145.8,1145.8,221,253.0,33.0,220.0,Sentier,7.3,Aucun,Non,Oui,3.0,5
1262,2024,Saison sèche,Mayo-Kani,Moutourwa,Homme,55.0,Aucun,Marié(e),9,1,7,Niébé,0.73,Limoneux,Pluie seule,Mixte,,5.85,13.7,313.4,35.4,710.2,518.4,392,203.0,18.7,184.3,Piste,14.1,Aucun,Non,Non,7.0,3
1263,2021,Saison sèche,Logone-et-Chari,Goulfey,Femme,,Secondaire,Marié(e),4,2,23,Mil,0.58,Argileux,Pluie seule,Pluvial pur,0.0,0.0,14.0,249.2,36.2,674.8,391.4,254,99.0,4.2,94.8,Sentier,4.8,Aucun,Oui,Non,8.0,1
1264,2023,Saison des pluies,Diamaré,Maroua III,Homme,29.0,Aucun,Marié(e),6,3,13,Arachide,0.68,Sableux,Pompe solaire,Pluvial pur,12.7,0.0,12.9,951.8,36.8,967.5,657.9,337,222.0,8.9,213.1,Sentier,9.7,IRAD,Non,Oui,3.0,4
1265,2022,Saison des pluies,Mayo-Kani,Moutourwa,Femme,39.0,Secondaire,Célibataire,4,1,15,Coton,2.87,Sableux,Pluie + retenue,Pluvial pur,0.4,2.58,15.0,1060.3,36.9,972.7,2791.6,285,796.0,11.1,784.9,Piste,13.7,Aucun,Non,Non,1.0,2
1266,2022,Saison des pluies,Mayo-Sava,Kolofata,Homme,42.0,Secondaire,Marié(e),11,4,0,Sésame,0.51,Argileux,Pluie seule,Mixte,63.6,0.0,24.5,779.7,38.9,775.9,395.7,597,236.0,32.8,203.2,Piste,9.8,Aucun,Oui,Non,7.0,4
1267,2024,Saison sèche,Diamaré,Maroua III,Homme,21.0,Aucun,Veuf/Veuve,3,3,2,Coton,2.32,Argileux,Marigot,Pluvial pur,,3.59,23.1,406.9,32.6,1157.7,2685.9,293,787.0,21.9,765.1,Piste,2.0,Aucun,Non,Oui,3.0,5
1268,2024,Saison des pluies,Mayo-Danay,Yagoua,Homme,45.0,Secondaire,Marié(e),10,2,29,Maïs,0.86,Sableux,Pluie + retenue,Irrigué,86.2,3.56,15.8,1031.8,34.4,1696.0,1458.6,190,277.0,48.1,228.9,Piste,2.0,CARE,Non,Non,6.0,2
1269,2022,Saison sèche,Diamaré,Bogo,Femme,53.0,Aucun,Marié(e),1,1,8,Sorgho,1.51,Argileux,Marigot,Pluvial pur,0.9,2.09,9.1,319.0,33.4,779.8,1177.5,213,251.0,8.3,242.7,Sentier,9.1,FAO,Oui,Oui,7.0,3
1270,2021,Saison des pluies,Logone-et-Chari,Hilé-Alifa,Homme,28.0,Secondaire,Célibataire,11,5,12,Niébé,2.61,Limoneux,Irrigation gravitaire,Mixte,0.0,0.0,1.0,615.5,35.5,-99.0,2334.6,373,871.0,0.3,870.7,Sentier,8.7,WFP,Non,Non,8.0,2
1271,2024,Saison sèche,Mayo-Danay,Yagoua,Homme,34.0,Secondaire,Marié(e),4,2,9,Mil,2.08,Argileux,Pluie seule,Pluvial pur,,0.21,13.1,,30.8,542.3,1128.0,232,262.0,4.5,257.5,Sentier,14.6,SODECOTON,Non,Oui,2.0,3
1272,2024,Saison des pluies,Mayo-Danay,Tchatibali,Homme,43.0,Aucun,Marié(e),9,2,15,Sorgho,,Argilo-sableux,Irrigation gravitaire,Mixte,,0.0,34.1,,33.7,1189.7,2082.0,241,502.0,64.0,438.0,Route bitumée,13.0,WFP,Non,Oui,3.0,5
1273,2024,Saison des pluies,Mayo-Sava,Méri,Femme,25.0,Aucun,Marié(e),3,3,9,Arachide,1.07,Sableux,Pluie seule,Mixte,0.0,2.7,8.2,724.1,40.0,,434.1,327,142.0,9.2,132.8,Piste,37.1,Aucun,Non,Oui,4.0,2
1274,2022,Saison sèche,Logone-et-Chari,Kousseri,Homme,52.0,Aucun,Marié(e),11,3,11,Coton,0.53,Sableux,Pluie + retenue,Pluvial pur,9.6,2.25,16.3,354.3,36.0,858.2,454.8,279,127.0,14.4,112.6,Voie navigable,2.9,Aucun,Non,Non,7.0,4
1275,2024,Saison des pluies,Diamaré,Gazawa,Femme,45.0,Secondaire,Marié(e),7,4,7,Sorgho,1.23,Limoneux,Pluie seule,Pluvial pur,41.5,3.97,18.4,891.5,37.4,624.6,768.3,177,136.0,32.0,104.0,Piste,14.5,Aucun,Non,Oui,2.0,3
1276,2023,Saison sèche,Mayo-Sava,Kolofata,Homme,-3.0,Coranique,Marié(e),6,1,10,Niébé,2.2,Argilo-sableux,Pluie seule,Mixte,0.0,0.46,24.9,141.6,36.4,364.8,802.6,378,303.0,8.6,294.4,Sentier,2.5,Aucun,Non,Oui,5.0,5
1277,2022,Saison sèche,Logone-et-Chari,Hilé-Alifa,Homme,70.0,Coranique,Marié(e),4,1,11,Coton,2.44,Argileux,Pluie seule,Pluvial pur,53.7,0.0,1.0,401.5,35.5,1172.9,2861.9,277,793.0,21.8,771.2,Sentier,11.4,Aucun,Oui,Non,9.0,4
1278,2024,Saison sèche,Mayo-Danay,Guirvidig,Homme,18.0,Aucun,Marié(e),7,3,2,Mil,0.35,Argileux,Pompe solaire,Décrue,20.0,1.67,11.7,304.6,33.4,850.8,297.8,264,79.0,15.7,63.3,Sentier,18.2,Aucun,Non,Non,7.0,1
1279,2023,Saison sèche,Logone-et-Chari,Goulfey,Homme,32.0,Aucun,Célibataire,3,3,16,Mil,1.21,Sableux,Pluie seule,Mixte,0.0,7.55,7.8,283.3,37.9,389.9,471.8,207,98.0,21.2,76.8,Piste,24.7,SODECOTON,Oui,Non,,3
1280,2023,Saison des pluies,Mayo-Kani,Touloum,Femme,38.0,Aucun,Marié(e),9,2,13,Niébé,11.42,Argileux,Pompe solaire,Pluvial pur,133.5,0.0,1.0,,35.5,1600.6,18278.9,423,7732.0,53.7,7678.3,Piste,19.2,Aucun,Non,Non,1.0,2
1281,2022,Saison des pluies,Diamaré,Gazawa,Homme,60.0,Secondaire,Marié(e),1,1,12,Mil,2.37,Argilo-sableux,Pluie seule,Pluvial pur,,0.79,13.1,1004.9,35.3,640.2,1517.3,252,382.0,27.9,354.1,Piste,1.5,IRAD,Non,Oui,4.0,5
1282,2023,Saison sèche,Logone-et-Chari,Hilé-Alifa,Homme,56.0,Aucun,Célibataire,10,1,22,Mil,1.69,Argileux,Pluie + retenue,Irrigué,4.0,6.48,16.9,337.4,38.3,614.7,1038.8,215,223.0,22.9,200.1,Route bitumée,43.2,Aucun,Non,Oui,2.0,5
1283,2023,Saison sèche,Mayo-Sava,Kolofata,Homme,33.0,Universitaire,Célibataire,6,3,9,Arachide,,Argileux,Pluie seule,Décrue,0.0,0.97,5.6,223.9,34.3,1233.0,2774.2,356,988.0,4.1,,Sentier,0.5,Aucun,Oui,Non,1.0,4
1284,2023,Saison sèche,Mayo-Kani,Kaélé,Homme,48.0,Universitaire,Marié(e),10,2,18,Mil,1.99,Argilo-sableux,Pluie seule,Pluvial pur,52.4,1.25,18.6,301.7,34.9,704.1,1401.2,208,291.0,29.7,261.3,Sentier,4.8,SODECOTON,Non,Non,1.0,3
1285,2023,Saison sèche,Mayo-Kani,Moutourwa,Homme,29.0,Coranique,Marié(e),3,2,13,Niébé,0.75,Limoneux,Pluie + retenue,Pluvial pur,29.3,0.08,5.7,216.8,37.2,706.2,529.7,398,211.0,13.6,197.4,Piste,11.2,SODECOTON,Non,Non,1.0,2
1286,2022,Saison des pluies,Mayo-Sava,Mora,Femme,37.0,Aucun,Marié(e),5,4,21,Sorgho,0.61,Sableux,Irrigation gravitaire,Pluvial pur,64.9,1.18,6.5,581.5,38.3,805.4,491.3,199,98.0,30.9,67.1,Piste,21.5,Aucun,Oui,Non,2.0,3
1287,2024,Saison sèche,Diamaré,Maroua II,Femme,36.0,Aucun,Marié(e),6,2,20,Niébé,0.9,Argileux,Pluie seule,Irrigué,0.0,0.0,29.5,443.4,34.9,485.5,436.9,374,163.0,8.8,154.2,Route bitumée,7.9,FAO,Non,Oui,7.0,4
1288,2024,Saison des pluies,Logone-et-Chari,Makary,Homme,63.0,Aucun,Veuf/Veuve,7,1,6,Niébé,,Argileux,Pluie + retenue,Mixte,0.0,4.6,12.9,825.9,35.6,875.0,848.8,398,338.0,15.4,322.6,Route bitumée,7.3,Aucun,Non,Non,5.0,1
1289,2022,Saison sèche,Mayo-Kani,Guidiguis,Homme,51.0,Primaire,Marié(e),12,1,23,Coton,2.3,Argileux,Pluie seule,Pluvial pur,96.3,2.72,10.3,344.2,33.4,1820.6,4187.4,308,1290.0,48.4,1241.6,Voie navigable,2.5,Aucun,Non,Non,6.0,2
1290,2021,Saison des pluies,Diamaré,Maroua II,Homme,41.0,Universitaire,Veuf/Veuve,10,1,12,Arachide,1.17,Hardé,Pluie + retenue,Mixte,0.0,0.0,12.8,699.2,35.0,764.6,894.6,390,349.0,3.8,345.2,Voie navigable,15.2,Aucun,Non,Oui,2.0,3
1291,2021,Saison sèche,Logone-et-Chari,Kousseri,Homme,57.0,Aucun,Marié(e),8,3,17,Sorgho,1.56,Limoneux,Pluie seule,Irrigué,0.4,0.0,16.4,173.5,37.6,679.6,1060.2,207,219.0,5.1,213.9,Route bitumée,14.9,Aucun,Non,Non,2.0,2
1292,2021,Saison sèche,Logone-et-Chari,Makary,Femme,37.0,Aucun,Marié(e),10,1,21,Arachide,1.16,Argileux,Marigot,Mixte,,0.0,13.0,262.6,38.1,,1236.4,373,461.0,8.3,452.7,Piste,1.9,SODECOTON,Non,Non,,1
1293,2024,Saison sèche,Logone-et-Chari,Hilé-Alifa,Homme,52.0,Primaire,Marié(e),14,2,18,Sorgho,0.83,Argileux,Pluie + retenue,Pluvial pur,84.8,1.34,5.6,265.9,38.1,,857.0,234,201.0,39.0,162.0,Piste,2.5,CARE,Oui,Non,2.0,2
1294,2023,Saison sèche,Diamaré,Maroua III,Femme,,Aucun,Marié(e),7,3,9,Mil,0.31,Argilo-sableux,Pluie + retenue,Décrue,11.2,0.0,20.5,317.9,33.6,535.2,165.9,195,32.0,10.6,21.4,Sentier,5.9,WFP,Non,Non,8.0,1
1295,2022,Saison sèche,Mayo-Sava,Mora,Homme,37.0,Secondaire,Veuf/Veuve,1,1,11,Sésame,1.69,Argileux,Pluie seule,Mixte,15.6,5.72,2.8,351.8,37.5,597.9,1010.5,604,610.0,21.4,588.6,Piste,0.5,FAO,Non,Non,7.0,5
1296,2024,Saison des pluies,Logone-et-Chari,Goulfey,Homme,51.0,Aucun,Veuf/Veuve,6,1,27,Sorgho,2.26,Limoneux,Pluie seule,Mixte,0.0,0.0,7.0,812.5,38.7,610.3,1379.3,176,243.0,2.1,240.9,Sentier,2.7,Aucun,Oui,Non,2.0,4
1297,2023,Saison des pluies,Mayo-Kani,Touloum,Homme,62.0,Coranique,Marié(e),9,2,22,Arachide,1.21,Argileux,Pluie + retenue,Mixte,87.2,1.72,15.4,,33.1,1377.5,1666.8,384,640.0,43.8,596.2,Voie navigable,5.1,ONG locale,Oui,Oui,2.0,2
1298,2024,Saison des pluies,Mayo-Danay,Wina,Homme,42.0,Aucun,Marié(e),4,3,13,Maïs,,Limoneux,Irrigation gravitaire,Pluvial pur,89.8,6.69,30.9,1114.3,32.4,2408.1,1011.4,206,208.0,61.9,146.1,Route bitumée,10.7,Aucun,Non,Non,6.0,2
1299,2022,Saison des pluies,Logone-et-Chari,Kousseri,Homme,20.0,Secondaire,Marié(e),10,3,3,Maïs,0.88,Sableux,Pluie + retenue,Mixte,93.0,4.85,14.7,687.4,36.0,2221.8,1955.2,197,385.0,53.7,331.3,Sentier,1.8,Aucun,Non,Oui,1.0,5
1300,2021,Saison sèche,Mayo-Sava,Waza,Homme,52.0,Aucun,Marié(e),1,1,24,Arachide,0.8,Limoneux,Pluie seule,Mixte,203.6,3.8,17.8,253.9,35.7,1205.1,964.1,352,339.0,96.3,242.7,Piste,4.6,CARE,Non,Non,9.0,5
1301,2024,Saison des pluies,Mayo-Sava,Kolofata,Femme,47.0,Coranique,Marié(e),1,1,22,Maïs,1.49,Limoneux,Pluie + retenue,Pluvial pur,28.5,1.34,13.8,,37.9,1687.0,2513.6,230,578.0,18.9,559.1,Route bitumée,15.2,FAO,Non,Oui,3.0,2
1302,2022,Saison des pluies,Diamaré,Gazawa,Homme,34.0,Primaire,Marié(e),11,3,6,Sorgho,,Sableux,Pluie seule,Mixte,131.6,0.61,29.9,1030.1,35.1,722.7,1373.1,209,287.0,63.1,223.9,Sentier,0.7,SODECOTON,Non,Oui,7.0,2
1303,2024,Saison des pluies,Mayo-Danay,Tchatibali,Homme,46.0,Coranique,Veuf/Veuve,11,6,8,Sésame,,Sableux,Pluie seule,Pluvial pur,3.9,1.84,17.6,1030.6,33.3,483.3,1082.6,621,672.0,11.4,660.6,Sentier,2.1,Aucun,Non,Oui,4.0,3
1304,2023,Saison des pluies,Logone-et-Chari,Kousseri,Femme,,Primaire,Marié(e),6,2,11,Sorgho,0.99,Limoneux,Pluie + retenue,Pluvial pur,0.0,8.13,27.4,712.4,37.6,714.5,707.4,190,134.0,28.5,105.5,Sentier,2.5,Aucun,Oui,Non,7.0,1
1305,2021,Saison sèche,Mayo-Kani,Mindif,Homme,61.0,Aucun,Marié(e),7,1,4,Niébé,2.17,Limoneux,Irrigation gravitaire,Mixte,19.0,0.0,17.5,325.5,35.2,1074.6,2331.9,400,933.0,12.9,-9999.0,Piste,15.9,Aucun,Non,Non,,4
1306,2022,Saison sèche,Mayo-Danay,Tchatibali,Femme,52.0,Primaire,Marié(e),7,1,29,Sorgho,1.8,Hardé,Pluie seule,Pluvial pur,5.9,1.18,3.2,364.7,33.4,453.2,815.8,199,162.0,6.3,155.7,Voie navigable,10.3,Aucun,Oui,Non,,3
1307,2021,Saison des pluies,Diamaré,Mémé,Homme,43.0,Coranique,Marié(e),8,1,14,Maïs,0.53,Limoneux,Pluie seule,Irrigué,15.2,0.0,15.0,690.3,36.2,,657.0,161,106.0,10.6,95.4,Sentier,24.4,Aucun,Oui,Oui,7.0,3
1308,2021,Saison sèche,Mayo-Sava,Waza,Femme,30.0,Aucun,Marié(e),5,2,14,Mil,0.48,Argileux,Pluie + retenue,Mixte,62.7,2.73,21.2,259.3,37.7,839.8,403.1,196,79.0,38.3,40.7,Piste,3.8,ONG locale,Non,Non,6.0,4
1309,2023,Saison sèche,Diamaré,Maroua I,Homme,26.0,Coranique,Célibataire,8,4,10,Arachide,1.79,Sableux,Pluie + retenue,Pluvial pur,33.5,0.0,12.3,323.4,34.4,646.7,1157.6,334,387.0,17.1,,Route bitumée,14.2,FAO,Non,Oui,6.0,2
1310,2021,Saison des pluies,Logone-et-Chari,Makary,Femme,32.0,Coranique,Marié(e),4,2,16,Sorgho,0.75,Argileux,Pluie seule,Mixte,0.0,0.0,13.6,608.0,34.9,557.2,417.9,208,87.0,4.1,82.9,Voie navigable,10.8,SODECOTON,Non,Non,2.0,4
1311,2021,Saison sèche,Mayo-Danay,Wina,Homme,24.0,Coranique,Marié(e),7,1,8,Niébé,0.68,Hardé,Irrigation gravitaire,Mixte,6.4,2.73,11.9,,32.8,233.2,158.6,414,66.0,13.0,53.0,Sentier,7.1,FAO,Oui,Non,9.0,2
1312,2024,Saison sèche,Mayo-Sava,Tokombéré,Homme,33.0,Coranique,Célibataire,6,1,4,Maïs,3.05,Argileux,Marigot,Pluvial pur,51.3,8.01,16.0,398.4,37.3,1569.0,4785.4,153,732.0,45.3,686.7,Sentier,27.1,SODECOTON,Oui,Non,4.0,3
1313,2021,Saison sèche,Diamaré,Bogo,Homme,56.0,Aucun,Marié(e),14,1,18,Sorgho,1.01,Sableux,Pluie seule,Pluvial pur,20.9,0.17,17.1,265.4,34.2,442.0,446.4,188,84.0,13.9,70.1,Piste,9.9,Aucun,Oui,Oui,,4
1314,2022,Saison sèche,Logone-et-Chari,Hilé-Alifa,Femme,42.0,Secondaire,Marié(e),7,1,11,Sésame,0.35,Argilo-sableux,Marigot,Mixte,14.6,0.0,9.4,278.7,34.0,492.5,172.4,579,100.0,8.7,91.3,Sentier,5.2,CARE,Oui,Non,9.0,3
1315,2021,Saison des pluies,Logone-et-Chari,Blangoua,Homme,18.0,Aucun,Marié(e),9,1,2,Sésame,1.05,Sableux,Pluie + retenue,Décrue,52.0,0.0,1.0,,35.2,355.9,373.7,624,233.0,21.1,211.9,Piste,2.7,Aucun,Non,Oui,5.0,5
1316,2022,Saison sèche,Logone-et-Chari,Blangoua,Femme,46.0,Aucun,Marié(e),6,4,11,Niébé,0.77,Sableux,Marigot,Pluvial pur,29.5,2.19,7.4,,36.1,,295.3,446,132.0,19.5,112.5,Route bitumée,19.7,ONG locale,Non,Non,,3
1317,2021,Saison sèche,Mayo-Kani,Guidiguis,Femme,37.0,Universitaire,Marié(e),7,2,12,Arachide,1.39,Limoneux,Marigot,Irrigué,83.9,1.38,21.8,221.4,31.9,1391.7,1934.5,385,745.0,43.6,701.4,Sentier,1.9,ONG locale,Non,Oui,3.0,3
1318,2023,Saison des pluies,Diamaré,Mémé,Homme,43.0,Aucun,Veuf/Veuve,8,3,23,Arachide,1.41,Limoneux,Pluie seule,Mixte,20.0,11.71,1.0,856.1,35.8,812.9,1146.2,393,450.0,37.6,412.4,Piste,0.5,FAO,Oui,Non,9.0,3
1319,2024,Saison sèche,Mayo-Kani,Moutourwa,Femme,29.0,Coranique,Célibataire,3,3,13,Sorgho,1.01,Sableux,Marigot,Pluvial pur,0.0,1.12,14.0,420.0,33.2,542.2,547.6,185,101.0,7.0,,Piste,3.6,IRAD,Oui,Oui,8.0,1
1320,2022,Saison des pluies,Logone-et-Chari,Goulfey,Homm,49.0,Primaire,Célibataire,5,3,26,Sorgho,0.69,Hardé,Pluie + retenue,Pluvial pur,0.0,1.08,1.8,791.7,36.5,354.8,244.8,193,47.0,3.2,43.8,Voie navigable,2.3,FAO,Non,Non,7.0,2
1321,2023,Saison des pluies,Logone-et-Chari,Kousseri,Femme,39.0,Aucun,Marié(e),8,3,6,Niébé,1.84,Sableux,Marigot,Pluvial pur,6.9,0.67,11.0,757.8,33.4,358.2,659.1,398,262.0,7.7,254.3,Sentier,17.0,Aucun,Oui,Non,3.0,1
1322,2024,Saison sèche,Diamaré,Mémé,Homme,62.0,Aucun,Marié(e),8,1,20,Sésame,0.64,Sableux,Pluie seule,Mixte,104.8,0.0,15.7,319.5,33.5,549.2,351.5,636,224.0,46.6,177.4,Piste,11.7,Aucun,Non,Oui,9.0,2
1323,2022,Saison des pluies,Mayo-Sava,Mora,Homme,43.0,Primaire,Marié(e),4,4,17,Sorgho,2.13,Argileux,Pluie seule,Mixte,,1.1,13.1,755.9,38.5,690.8,1471.4,188,277.0,6.7,270.3,Sentier,6.9,CARE,Non,Oui,8.0,3
1324,2024,Saison sèche,Mayo-Kani,Moutourwa,Homme,,Secondaire,Marié(e),8,2,17,Arachide,0.77,Argilo-sableux,Pluie seule,Pluvial pur,26.4,2.67,22.0,270.6,33.7,979.6,754.3,375,283.0,23.8,259.2,Piste,8.6,CARE,Non,Non,3.0,5
1325,2021,Saison sèche,Mayo-Sava,Waza,Homme,35.0,Aucun,Marié(e),10,4,11,Sorgho,2.21,Argileux,Marigot,Mixte,0.5,0.0,19.3,216.8,37.2,443.0,979.0,219,214.0,6.0,208.0,Route bitumée,3.2,Aucun,Oui,Non,1.0,1
1326,2022,Saison sèche,Mayo-Sava,Méri,Homme,32.0,Primaire,Marié(e),8,4,13,Sorgho,3.87,Argileux,Pluie seule,Pluvial pur,85.2,2.19,16.7,,36.2,705.3,2729.5,205,560.0,44.6,515.4,Piste,9.4,Aucun,Non,Non,1.0,1
1327,2022,Saison sèche,Mayo-Kani,Mindif,Femme,54.0,Aucun,Marié(e),7,2,13,Mil,3.72,Limoneux,Pluie seule,Pluvial pur,0.0,1.45,1.0,250.7,36.6,562.7,2093.2,213,446.0,3.9,442.1,Route bitumée,11.8,Aucun,Non,Non,6.0,1
1328,2024,Saison des pluies,Mayo-Kani,Guidiguis,Homme,34.0,Aucun,Marié(e),4,1,18,Niébé,1.72,Argileux,Pluie seule,Mixte,12.5,6.15,29.1,846.0,34.3,701.1,1205.9,449,541.0,29.1,511.9,Piste,29.4,Aucun,Non,Oui,2.0,2
1329,2021,Saison des pluies,Mayo-Kani,Mindif,Homme,36.0,Universitaire,Marié(e),11,2,18,Maïs,0.39,Sableux,Pluie seule,Irrigué,0.3,4.8,2.6,749.8,34.7,1517.8,591.9,152,90.0,12.9,77.1,Sentier,0.5,Aucun,Non,Oui,6.0,1
1330,2023,Saison sèche,Diamaré,Maroua II,Femme,,Primaire,Marié(e),10,3,15,Maïs,0.61,Limoneux,Pompe solaire,Pluvial pur,30.5,0.0,24.2,241.0,34.0,2676.7,1632.8,176,287.0,19.5,267.5,Sentier,6.2,Aucun,Oui,Oui,3.0,4
1331,2021,Saison des pluies,Mayo-Kani,Touloum,Homme,31.0,Primaire,Marié(e),10,1,11,Sorgho,0.42,Limoneux,Irrigation gravitaire,Mixte,75.2,0.65,10.7,812.7,33.7,1121.1,470.9,220,104.0,34.9,69.1,Piste,5.6,Aucun,Non,Non,1.0,3
1332,2024,Saison sèche,Diamaré,Bogo,Homme,32.0,Coranique,Marié(e),7,2,16,Maïs,,Argileux,Pluie + retenue,Irrigué,17.6,3.34,13.5,438.1,34.6,1797.8,3182.1,195,621.0,19.4,601.6,Route bitumée,2.3,WFP,Non,Non,,5
1333,2023,Saison des pluies,Mayo-Danay,Guirvidig,Homme,50.0,Aucun,Marié(e),13,3,24,Arachide,0.57,Argileux,Pompe solaire,Décrue,17.6,0.0,10.3,912.9,31.9,1231.6,702.0,362,254.0,10.1,243.9,Piste,9.6,Aucun,Oui,Non,4.0,5
1334,2024,Saison sèche,Logone-et-Chari,Kousseri,Homme,,Primaire,Marié(e),6,2,23,Niébé,1.72,Hardé,Pluie seule,Pluvial pur,0.0,2.85,7.2,353.5,37.1,362.8,624.0,413,258.0,9.3,248.7,Piste,8.2,Aucun,Oui,Non,1.0,3
1335,2021,Saison sèche,Logone-et-Chari,Goulfey,Homme,30.0,Secondaire,Marié(e),2,2,6,Sorgho,,Argileux,Irrigation gravitaire,Irrigué,46.7,0.0,10.2,225.6,34.3,,916.5,236,216.0,21.7,194.3,Sentier,16.3,ONG locale,Oui,Oui,9.0,3
1336,2024,Saison des pluies,Mayo-Kani,Moutourwa,Homme,54.0,Secondaire,Marié(e),9,1,11,Sorgho,1.99,Sableux,Pompe solaire,Pluvial pur,140.6,0.8,21.8,,35.9,1076.4,2142.0,242,518.0,64.8,453.2,Route bitumée,8.4,SODECOTON,Non,Oui,1.0,5
1337,2023,Saison sèche,Mayo-Sava,Tokombéré,Femme,22.0,Primaire,Marié(e),8,4,6,Sésame,2.58,Limoneux,Pluie seule,Irrigué,,0.41,24.4,333.6,35.8,514.8,1328.2,571,758.0,8.8,749.2,Sentier,8.5,Aucun,Oui,Non,8.0,5
1338,2024,Saison des pluies,Mayo-Danay,Wina,Femme,40.0,Primaire,Marié(e),6,1,7,Mil,2.35,Argileux,Pluie seule,Pluvial pur,95.4,0.62,16.8,1000.8,34.7,745.5,1751.9,196,343.0,44.8,298.2,Sentier,19.1,Aucun,Non,Oui,4.0,3
1339,2023,Saison sèche,Mayo-Danay,Yagoua,Homme,19.0,Primaire,Marié(e),5,2,3,Mil,0.47,Sableux,Pluie seule,Pluvial pur,,2.58,6.4,411.6,34.5,365.6,171.8,229,39.0,16.9,22.1,Sentier,0.8,FAO,Non,Oui,8.0,4
1340,2024,Saison sèche,Mayo-Sava,Waza,Femme,46.0,Aucun,Marié(e),10,2,14,Sorgho,2.03,Argileux,Pluie + retenue,Décrue,28.3,0.0,15.4,310.9,37.7,748.1,1518.6,200,304.0,15.9,288.1,Piste,8.1,WFP,Oui,Oui,3.0,2
1341,2024,Saison des pluies,Diamaré,Maroua II,Homme,37.0,Coranique,Marié(e),10,5,4,Sésame,2.55,Argileux,Pompe solaire,Pluvial pur,27.6,3.23,14.6,957.9,33.7,901.0,2297.5,621,1427.0,23.5,1403.5,Route bitumée,50.4,ONG locale,Non,Non,7.0,4
1342,2022,Saison des pluies,Diamaré,Maroua I,Femme,25.0,Secondaire,Célibataire,9,2,9,Niébé,,Argilo-sableux,Irrigation gravitaire,Mixte,0.0,12.53,27.9,949.8,33.9,1063.5,1095.4,448,491.0,39.7,451.3,Route bitumée,8.5,ONG locale,Non,Non,2.0,4
1343,2021,Saison sèche,Logone-et-Chari,Makary,Homme,31.0,Aucun,Célibataire,5,4,10,Arachide,,Limoneux,Irrigation gravitaire,Pluvial pur,8.4,0.34,10.5,259.0,37.3,1268.8,812.0,331,269.0,7.4,261.6,Sentier,4.4,Aucun,Oui,Non,2.0,1
1344,2023,Saison des pluies,Mayo-Sava,Mora,Homme,43.0,Coranique,Marié(e),4,1,12,Sésame,0.23,Argileux,Pompe solaire,Pluvial pur,0.0,7.74,19.5,621.5,39.6,770.5,177.2,598,106.0,25.2,80.8,Route bitumée,14.0,Aucun,Oui,Oui,7.0,4
1345,2022,Saison des pluies,Diamaré,Maroua III,Homme,24.0,Aucun,Marié(e),9,1,8,Sésame,2.18,Sableux,Pluie seule,Pluvial pur,7.9,0.0,12.4,1003.6,32.3,425.0,926.5,641,594.0,6.9,587.1,Route bitumée,11.3,Aucun,Non,Oui,9.0,1
1346,2022,Saison des pluies,Diamaré,Mémé,Femme,46.0,Coranique,Marié(e),1,1,12,Mil,1.49,Argileux,Pluie seule,Pluvial pur,4.7,0.99,11.7,887.7,33.3,663.3,988.3,209,207.0,7.9,199.1,Sentier,1.6,SODECOTON,Oui,Non,2.0,4
1347,2024,Saison sèche,Logone-et-Chari,Blangoua,Homme,28.0,Aucun,Veuf/Veuve,1,1,12,Maïs,0.5,Limoneux,Pluie seule,Décrue,,1.8,10.7,305.3,38.0,1385.9,693.0,212,147.0,16.8,130.2,Route bitumée,10.5,ONG locale,Oui,Oui,2.0,2
1348,2024,Saison sèche,Logone-et-Chari,Kousseri,Homme,,Primaire,Marié(e),12,1,16,Mil,0.68,Argilo-sableux,Pluie seule,Pluvial pur,119.0,0.6,2.1,294.0,35.4,671.3,456.5,224,102.0,49.7,52.3,Route bitumée,1.2,Aucun,Oui,Non,7.0,2
1349,2024,Saison sèche,Mayo-Sava,Méri,Femme,21.0,Aucun,Marié(e),5,2,5,Sorgho,0.71,Limoneux,Pluie seule,Irrigué,0.0,0.0,4.6,,35.7,603.6,428.6,227,97.0,1.4,95.6,Sentier,1.8,FAO,Non,Oui,9.0,4
1350,2021,Saison des pluies,Mayo-Kani,Touloum,Homme,37.0,Primaire,Marié(e),4,1,21,Niébé,1.14,Hardé,Pluie seule,Mixte,,0.0,24.8,735.2,34.6,555.9,633.7,413,262.0,26.0,,Piste,12.4,WFP,Non,Oui,7.0,2
1351,2022,Saison des pluies,Mayo-Kani,Mindif,Femme,58.0,Aucun,Marié(e),4,2,16,Sorgho,0.73,Limoneux,Pompe solaire,Mixte,11.4,3.97,11.7,830.1,33.9,760.2,554.9,217,120.0,18.0,102.0,Piste,44.8,SODECOTON,Non,Oui,3.0,1
1352,2023,Saison des pluies,Mayo-Sava,Méri,Homme,46.0,Primaire,Marié(e),11,2,0,Mil,0.52,Limoneux,Pluie seule,Pluvial pur,71.8,2.49,25.3,689.0,36.3,,412.0,209,86.0,42.5,43.5,Sentier,0.6,FAO,Non,Oui,,4
1353,2023,Saison des pluies,Mayo-Kani,Guidiguis,Femme,62.0,Aucun,Marié(e),6,4,19,Sorgho,1.27,Argilo-sableux,Pluie + retenue,Décrue,18.6,0.0,17.6,771.3,33.9,690.6,877.1,176,154.0,12.7,141.3,Route bitumée,50.8,Aucun,Non,Non,3.0,2
1354,2023,Saison des pluies,Mayo-Sava,Waza,Homme,70.0,Primaire,Marié(e),7,3,28,Arachide,2.4,Argileux,Pluie + retenue,Mixte,100.7,3.41,26.1,617.3,37.7,1465.3,3516.7,356,1252.0,56.6,1195.4,Piste,1.2,Aucun,Non,Non,2.0,4
1355,2021,Saison sèche,Logone-et-Chari,Kousseri,Femme,54.0,Primaire,Célibataire,5,4,11,Sorgho,1.31,Argilo-sableux,Pluie seule,Irrigué,0.2,0.13,5.6,286.3,36.2,521.9,683.7,203,139.0,2.1,,Route bitumée,9.9,Aucun,Non,Non,5.0,4
1356,2022,Saison sèche,Logone-et-Chari,Kousseri,Homme,41.0,Secondaire,Marié(e),9,1,24,Maïs,3.22,Sableux,Pluie seule,Pluvial pur,7.8,0.0,15.9,334.9,34.6,1481.8,4771.4,179,854.0,7.9,846.1,Piste,3.2,Aucun,Oui,Non,,2
1357,2022,Saison sèche,Mayo-Kani,Moutourwa,Homme,30.0,Aucun,Marié(e),12,2,14,Niébé,0.65,Argilo-sableux,Pluie seule,Pluvial pur,101.4,2.29,2.8,238.7,36.8,810.6,526.9,388,204.0,47.1,156.9,Route bitumée,1.7,FAO,Non,Oui,8.0,1
1358,2022,Saison des pluies,Mayo-Sava,Tokombéré,Homme,45.0,Universitaire,Marié(e),1,1,5,Arachide,1.73,Argileux,Pompe solaire,Irrigué,24.6,1.47,13.2,700.2,36.5,1645.3,2846.4,371,1056.0,17.5,1038.5,Piste,11.0,Aucun,Non,Non,2.0,3
1359,2022,Saison sèche,Diamaré,Maroua I,Homme,18.0,Aucun,Célibataire,6,1,2,Sésame,0.7,Limoneux,Irrigation gravitaire,Pluvial pur,0.4,2.77,29.0,,33.3,570.1,399.1,630,251.0,15.8,235.2,Route bitumée,46.6,Aucun,Non,Oui,6.0,4
1360,2023,Saison des pluies,Mayo-Danay,Tchatibali,Femme,38.0,Primaire,Marié(e),3,3,16,Coton,1.24,Sableux,Irrigation gravitaire,Pluvial pur,7.0,2.85,13.5,904.5,32.5,1122.9,1392.4,276,384.0,14.0,370.0,Voie navigable,6.0,FAO,Non,Oui,3.0,1
1361,2024,Saison sèche,Logone-et-Chari,Goulfey,Homme,43.0,Coranique,Marié(e),7,2,25,Arachide,2.3,Hardé,Pluie seule,Mixte,91.7,0.0,28.0,255.2,34.2,449.5,1033.8,396,409.0,45.1,363.9,Piste,13.1,CARE,Non,Oui,2.0,5
1362,2023,Saison sèche,Mayo-Sava,Tokombéré,Homme,30.0,Secondaire,Marié(e),7,2,4,Maïs,1.1,Limoneux,Pluie seule,Pluvial pur,8.2,10.03,18.3,246.2,35.6,1471.0,1618.1,165,267.0,33.8,,Route bitumée,12.6,SODECOTON,Non,Non,2.0,1
1363,2024,Saison des pluies,Mayo-Danay,Yagoua,Femme,26.0,Primaire,Marié(e),3,3,10,Mil,0.5,Argileux,Pluie seule,Décrue,0.0,0.0,26.3,1053.6,36.4,419.5,209.8,192,40.0,7.9,32.1,Piste,18.1,Aucun,Non,Non,,1
1364,2021,Saison sèche,Mayo-Sava,Waza,Homme,,Primaire,Marié(e),6,1,20,Sésame,,Sableux,Pompe solaire,Pluvial pur,18.9,0.28,14.5,352.7,39.4,-99.0,408.6,580,237.0,12.6,224.4,Sentier,0.5,Aucun,Non,Non,4.0,4
1365,2021,Saison des pluies,Mayo-Danay,Yagoua,Homme,39.0,Aucun,Marié(e),7,2,18,Maïs,1.41,Argilo-sableux,Pompe solaire,Pluvial pur,,3.08,17.5,892.5,33.9,1765.0,2488.6,220,547.0,14.7,532.3,Route bitumée,2.6,Aucun,Oui,Oui,8.0,1
1366,2024,Saison sèche,Diamaré,Maroua II,Femme,50.0,Coranique,Marié(e),7,2,15,Mil,1.75,Sableux,Pluie seule,Pluvial pur,23.8,0.0,17.0,357.1,33.2,,755.5,248,187.0,14.6,172.4,Sentier,1.4,WFP,Non,Non,2.0,3
1367,2024,Saison sèche,Mayo-Sava,Waza,Femme,22.0,Primaire,Marié(e),3,3,6,Sorgho,0.78,Sableux,Marigot,Irrigué,38.3,0.3,1.0,315.4,38.7,534.9,417.2,242,101.0,16.4,84.6,Piste,0.8,Aucun,Oui,Non,3.0,5
1368,2023,Saison sèche,Mayo-Sava,Kolofata,Homme,47.0,Secondaire,Marié(e),2,1,31,Mil,2.22,Limoneux,Pluie seule,Mixte,3.6,0.53,25.3,339.5,37.8,492.2,1092.7,248,271.0,10.4,260.6,Route bitumée,19.0,Aucun,Oui,Non,6.0,1
1369,2022,Saison sèche,Mayo-Sava,Mora,homme,57.0,Aucun,Célibataire,8,1,27,Arachide,0.54,Sableux,Pluie seule,Pluvial pur,,0.0,21.8,238.6,40.1,451.4,243.8,347,85.0,26.2,58.8,Piste,13.7,Aucun,Oui,Non,8.0,3
1370,2024,Saison sèche,Mayo-Danay,Kalfou,Femme,23.0,Coranique,Célibataire,5,1,7,Sorgho,,Sableux,Pluie seule,Irrigué,0.0,7.48,22.5,455.7,33.9,395.5,272.9,172,47.0,25.5,21.5,Sentier,15.1,WFP,Non,Non,,1
1371,2024,Saison sèche,Mayo-Sava,Waza,Homme,46.0,Aucun,Marié(e),6,5,12,Sorgho,1.2,Argileux,Marigot,Pluvial pur,21.2,0.0,9.0,317.3,37.1,750.4,900.5,205,185.0,11.2,173.8,Route bitumée,6.5,Aucun,Non,Non,8.0,1
1372,2021,Saison sèche,Diamaré,Bogo,Femme,32.0,Secondaire,Marié(e),10,2,16,Sorgho,1.52,Limoneux,Pompe solaire,Pluvial pur,11.5,1.0,5.8,231.0,34.6,1197.8,1820.7,221,402.0,8.8,393.2,Sentier,4.4,WFP,Non,Oui,7.0,1
1373,2023,Saison des pluies,Mayo-Sava,Kolofata,Homme,22.0,Secondaire,Marié(e),6,3,3,Maïs,3.08,Argilo-sableux,Irrigation gravitaire,Mixte,3.2,1.03,17.7,743.4,38.7,1542.2,4750.0,220,1045.0,9.2,1035.8,Piste,14.7,SODECOTON,Oui,Non,2.0,2
1374,2022,Saison sèche,Diamaré,Gazawa,Homme,52.0,Aucun,Veuf/Veuve,3,1,1,Sorgho,0.79,Argileux,Pluie + retenue,Pluvial pur,4.2,0.0,18.2,400.6,33.8,700.1,553.1,197,109.0,7.1,101.9,Route bitumée,20.1,Aucun,Non,Non,5.0,2
1375,2023,Saison sèche,Logone-et-Chari,Goulfey,Homme,29.0,Secondaire,Marié(e),8,3,7,Arachide,0.39,Sableux,Irrigation gravitaire,Pluvial pur,15.3,11.45,6.1,209.1,34.0,944.5,368.4,387,143.0,36.6,106.4,Route bitumée,13.0,Aucun,Non,Oui,7.0,1
1376,2023,Saison sèche,Mayo-Danay,Kalfou,Femme,37.0,Primaire,Marié(e),8,3,9,Arachide,3.29,Argileux,Irrigation gravitaire,Irrigué,5.4,0.0,23.0,362.7,33.4,1006.7,3312.0,335,1110.0,9.1,1100.9,Sentier,4.4,Aucun,Non,Oui,5.0,2
1377,2023,Saison des pluies,Mayo-Kani,Moutourwa,Homme,43.0,Aucun,Marié(e),7,3,18,Sorgho,1.72,Limoneux,Irrigation gravitaire,Mixte,14.6,0.0,2.3,878.0,37.7,682.9,1174.6,210,247.0,6.5,240.5,Piste,8.1,IRAD,Non,Non,4.0,3
1378,2021,Saison des pluies,Mayo-Kani,Mindif,Femme,34.0,Coranique,Veuf/Veuve,6,2,7,Coton,1.2,Argileux,Irrigation gravitaire,Irrigué,19.0,0.61,3.5,733.5,35.9,1645.8,1975.0,298,589.0,10.2,578.8,Route bitumée,8.4,WFP,Non,Non,3.0,3
1379,2022,Saison sèche,Logone-et-Chari,Goulfey,Homme,55.0,Coranique,Marié(e),8,4,6,Niébé,0.77,Argileux,Pluie seule,Mixte,40.0,1.43,16.8,260.1,36.1,874.6,673.4,382,257.0,24.6,,Sentier,5.8,Aucun,Non,Non,9.0,4
1380,2024,Saison sèche,Logone-et-Chari,Kousseri,Homme,34.0,Primaire,Marié(e),3,1,0,Sésame,0.88,Argilo-sableux,Pluie seule,Irrigué,32.2,0.0,9.2,384.5,35.1,477.0,419.8,584,245.0,15.6,229.4,Piste,5.7,WFP,Oui,Non,8.0,4
1381,2024,Saison sèche,Mayo-Sava,Mora,Homme,48.0,Aucun,Marié(e),11,1,25,Sorgho,0.82,Argilo-sableux,Pluie + retenue,Décrue,13.2,0.2,24.0,,38.5,511.5,419.4,177,74.0,13.0,61.0,Voie navigable,9.1,Aucun,Non,Oui,6.0,3
1382,2023,Saison sèche,Mayo-Sava,Tokombéré,Homme,21.0,Primaire,Marié(e),5,1,5,Maïs,1.42,Sableux,Pluie seule,Pluvial pur,31.2,3.01,20.5,354.6,38.5,1650.3,2343.4,187,438.0,26.2,411.8,Route bitumée,93.8,Aucun,Non,Oui,5.0,5
1383,2021,Saison sèche,Mayo-Sava,Tokombéré,Homme,36.0,Coranique,Célibataire,2,2,20,Sésame,1.47,Argileux,Pluie seule,Pluvial pur,78.3,0.0,10.5,167.2,37.3,674.7,991.8,588,583.0,34.5,548.5,Piste,8.0,ONG locale,Non,Non,,3
1384,2021,Saison des pluies,Mayo-Danay,Tchatibali,Homme,45.0,Aucun,Marié(e),8,4,22,Arachide,1.58,Argilo-sableux,Pluie seule,Mixte,56.6,0.55,20.2,848.5,32.9,695.5,1098.9,380,418.0,30.1,387.9,Route bitumée,4.9,Aucun,Non,Non,1.0,4
1385,2024,Saison des pluies,Diamaré,Bogo,Homme,,Aucun,Marié(e),3,1,6,Sésame,0.91,Sableux,Pluie + retenue,Pluvial pur,0.0,0.0,1.0,980.5,36.0,,318.8,621,198.0,0.3,197.7,Route bitumée,3.4,FAO,Oui,Oui,8.0,2
1386,2021,Saison des pluies,Mayo-Danay,Guirvidig,Homme,46.0,Primaire,Marié(e),5,2,8,Maïs,1.6,Sableux,Pompe solaire,Pluvial pur,0.0,0.03,3.5,836.8,33.7,1528.4,2445.4,230,562.0,1.1,560.9,Piste,15.3,ONG locale,Non,Oui,9.0,3
1387,2023,Saison des pluies,Mayo-Sava,Kolofata,Homme,67.0,Coranique,Célibataire,7,1,22,Mil,2.2,Limoneux,Pluie seule,Décrue,64.2,0.0,9.5,607.2,35.2,,1658.4,269,446.0,28.5,,Route bitumée,2.3,Aucun,Oui,Oui,8.0,5
1388,2024,Saison sèche,Diamaré,Gazawa,Homme,36.0,Primaire,Marié(e),6,4,1,Arachide,0.68,Sableux,Pluie seule,Pluvial pur,63.2,0.0,13.7,498.0,33.4,694.9,472.5,358,169.0,29.4,139.6,Route bitumée,5.4,Aucun,Non,Non,2.0,3
1389,2023,Saison des pluies,Mayo-Sava,Tokombéré,Homme,45.0,Aucun,Marié(e),2,1,19,Sésame,1.39,Argileux,Pluie seule,Pluvial pur,0.0,0.0,9.5,679.5,38.2,454.7,632.0,626,396.0,2.9,393.1,Route bitumée,17.3,Aucun,Non,Oui,2.0,5
1390,2022,Saison sèche,Mayo-Kani,Touloum,Femme,150.0,Secondaire,Marié(e),8,2,2,Sorgho,0.64,Limoneux,Pluie seule,Mixte,0.0,0.0,1.0,,35.5,682.0,436.5,219,96.0,0.3,95.7,Route bitumée,21.1,Aucun,Non,Oui,7.0,1
1391,2021,Saison sèche,Mayo-Danay,Kalfou,Homme,67.0,Coranique,Marié(e),11,1,2,Maïs,0.87,Argilo-sableux,Pluie seule,Pluvial pur,56.3,0.0,14.8,294.5,33.9,957.5,833.0,161,134.0,27.0,107.0,Sentier,22.2,Aucun,Non,Oui,9.0,3
1392,2022,Saison des pluies,Logone-et-Chari,Kousseri,Femme,58.0,Primaire,Marié(e),4,3,15,Sorgho,0.24,Limoneux,Pluie seule,Pluvial pur,68.2,0.0,19.8,849.2,38.7,819.1,196.6,216,42.0,33.2,8.8,Piste,1.8,WFP,Non,Non,7.0,5
1393,2022,Saison sèche,Mayo-Sava,Mora,Homme,49.0,Aucun,Marié(e),7,4,13,Mil,0.25,Argilo-sableux,Pluie + retenue,Pluvial pur,1.0,0.15,9.5,220.6,39.2,588.5,147.1,194,29.0,3.6,25.4,Route bitumée,0.5,SODECOTON,Non,Non,5.0,1
1394,2023,Saison des pluies,Mayo-Danay,Yagoua,Femme,25.0,Aucun,Marié(e),10,3,8,Arachide,0.84,Sableux,Pluie seule,Pluvial pur,27.8,0.48,9.8,815.0,34.0,694.2,583.1,362,211.0,15.3,195.7,Piste,16.9,Aucun,Non,Non,3.0,5
1395,2023,Saison des pluies,Logone-et-Chari,Kousseri,Homme,53.0,Aucun,Marié(e),8,3,20,Niébé,1.64,Argilo-sableux,Irrigation gravitaire,Irrigué,3.7,0.24,10.2,617.9,33.6,786.9,1290.5,401,517.0,5.1,511.9,Route bitumée,19.8,IRAD,Oui,Non,8.0,5
1396,2024,Saison sèche,Diamaré,Gazawa,Femme,31.0,Aucun,Marié(e),9,3,15,Sésame,2.68,Sableux,Pluie + retenue,Mixte,,1.36,5.3,336.1,35.6,276.2,740.2,597,442.0,12.5,429.5,Voie navigable,18.6,ONG locale,Non,Non,7.0,5
1397,2021,Saison sèche,Diamaré,Mémé,Homme,37.0,Aucun,Célibataire,7,1,21,Mil,,Argilo-sableux,Pluie seule,Pluvial pur,,1.58,1.0,399.3,34.3,440.2,471.0,220,104.0,9.2,94.8,Sentier,1.8,ONG locale,Non,Non,3.0,4
1398,2023,Saison sèche,Mayo-Kani,Moutourwa,Homme,65.0,Aucun,Marié(e),11,2,8,Maïs,1.16,Limoneux,Pluie seule,Irrigué,0.0,1.22,21.1,304.6,34.9,1319.2,1530.3,154,236.0,9.4,226.6,Piste,4.5,CARE,Non,Non,,5
1399,2024,Saison sèche,Mayo-Kani,Touloum,Homme,56.0,Coranique,Veuf/Veuve,6,1,9,Niébé,,Argilo-sableux,Pluie seule,Pluvial pur,3.8,0.0,19.7,435.3,35.5,589.2,542.1,422,229.0,7.4,221.6,Piste,4.0,Aucun,Oui,Oui,3.0,5
1400,2023,Saison sèche,Mayo-Kani,Moutourwa,Femme,52.0,Primaire,Veuf/Veuve,8,4,15,Maïs,0.62,Sableux,Pompe solaire,Pluvial pur,55.7,0.0,10.1,249.5,32.6,1709.0,1059.6,223,236.0,25.3,210.7,Sentier,7.1,ONG locale,Non,Oui,6.0,1
1401,2021,Saison des pluies,Mayo-Kani,Moutourwa,Homme,22.0,Primaire,Marié(e),8,3,6,Maïs,,Sableux,Pluie seule,Pluvial pur,0.0,2.94,5.9,573.3,35.0,535.9,819.9,187,153.0,9.1,143.9,Piste,7.5,Aucun,Oui,Non,4.0,1
1402,2022,Saison des pluies,Mayo-Kani,Guidiguis,Femme,37.0,Aucun,Marié(e),9,1,21,Sorgho,0.9,Argilo-sableux,Pluie + retenue,Mixte,109.9,3.02,1.0,980.1,36.0,810.3,729.3,214,156.0,51.8,104.2,Piste,2.8,Aucun,Oui,Oui,,4
1403,2023,Saison des pluies,Mayo-Kani,Kaélé,Homme,29.0,Aucun,Marié(e),5,2,11,Maïs,0.68,Limoneux,Pluie + retenue,Pluvial pur,178.3,0.0,22.5,786.8,32.8,,1357.1,173,235.0,78.1,156.9,Sentier,6.6,Aucun,Non,Non,7.0,2
1404,2023,Saison sèche,Diamaré,Maroua I,Femme,47.0,Primaire,Marié(e),6,3,23,Mil,,Argileux,Pluie + retenue,Pluvial pur,37.9,0.0,10.8,278.0,31.9,915.5,741.6,218,162.0,18.4,143.6,Route bitumée,8.7,FAO,Oui,Non,3.0,1
1405,2022,Saison des pluies,Mayo-Danay,Kalfou,Femme,31.0,Universitaire,Marié(e),9,4,0,Niébé,0.46,Sableux,Irrigation gravitaire,Irrigué,18.1,0.79,20.8,926.5,32.4,850.9,391.4,402,157.0,15.5,141.5,Piste,2.2,FAO,Non,Non,6.0,5
1406,2021,Saison des pluies,Mayo-Danay,Guirvidig,Homme,45.0,Primaire,Marié(e),8,4,17,Maïs,1.37,Hardé,Pluie + retenue,Pluvial pur,30.9,0.82,6.1,726.8,29.6,770.5,1055.6,197,208.0,16.2,191.8,Route bitumée,6.3,CARE,Oui,Non,3.0,4
1407,2021,Saison sèche,Logone-et-Chari,Hilé-Alifa,Femme,28.0,Universitaire,Célibataire,9,2,8,Mil,0.66,Argileux,Marigot,Mixte,25.5,9.42,12.5,205.9,36.2,872.6,575.9,243,140.0,37.5,102.5,Piste,10.8,Aucun,Oui,Non,5.0,3
1408,2022,Saison sèche,Mayo-Kani,Mindif,Femme,36.0,Coranique,Marié(e),1,1,12,Arachide,2.67,Argileux,Pluie seule,Irrigué,34.5,3.61,14.6,257.3,33.7,886.0,2365.6,324,766.0,27.2,738.8,Piste,10.3,SODECOTON,Non,Oui,1.0,5
1409,2024,Saison sèche,Mayo-Kani,Mindif,Homme,45.0,Secondaire,Marié(e),7,3,17,Arachide,2.28,Argileux,Pluie seule,Mixte,4.1,0.0,10.8,356.3,34.5,1093.8,2493.9,326,813.0,4.9,808.1,Piste,4.3,SODECOTON,Oui,Non,5.0,4
1410,2023,Saison des pluies,Mayo-Sava,Kolofata,Femme,36.0,Coranique,Marié(e),12,3,3,Sorgho,0.75,Argileux,Pluie seule,Pluvial pur,0.0,0.0,9.3,674.9,37.7,446.8,335.1,215,72.0,2.8,69.2,Piste,10.9,Aucun,Non,Non,6.0,4
1411,2021,Saison des pluies,Mayo-Danay,Yagoua,Femme,53.0,Primaire,Célibataire,4,4,12,Niébé,1.72,Sableux,Irrigation gravitaire,Pluvial pur,120.1,3.62,21.3,846.1,34.8,1171.6,2015.2,413,832.0,63.5,,Piste,0.8,ONG locale,Non,Non,2.0,5
1412,2022,Saison des pluies,Mayo-Danay,Guirvidig,Homme,53.0,Aucun,Marié(e),8,1,7,Arachide,1.07,Sableux,Pompe solaire,Décrue,0.0,0.0,12.8,,31.2,881.7,943.4,340,321.0,3.8,317.2,Route bitumée,3.1,Aucun,Non,Non,6.0,3
1413,2022,Saison des pluies,Mayo-Sava,Waza,Homme,42.0,Aucun,Marié(e),6,1,26,Sorgho,0.64,Sableux,Pluie seule,Mixte,9.3,1.07,22.5,654.4,37.8,281.1,179.9,200,36.0,13.1,22.9,Piste,6.7,Aucun,Oui,Non,2.0,2
1414,2022,Saison sèche,Mayo-Danay,Tchatibali,Femme,35.0,Aucun,Marié(e),7,4,19,Sorgho,1.33,Sableux,Pluie + retenue,Pluvial pur,20.7,0.32,21.5,381.3,32.1,572.6,761.6,179,136.0,15.5,120.5,Piste,13.7,Aucun,Non,Oui,5.0,4
1415,2021,Saison des pluies,Logone-et-Chari,Makary,Femme,53.0,Aucun,Marié(e),6,3,29,Sésame,0.41,Argileux,Pluie seule,Irrigué,110.1,3.27,15.6,598.1,32.2,630.5,258.5,650,168.0,56.9,111.1,Piste,19.6,Aucun,Non,Non,9.0,1
1416,2022,Saison sèche,Mayo-Kani,Kaélé,Homme,40.0,Primaire,Marié(e),10,1,11,Maïs,0.65,Argilo-sableux,Pluie seule,Pluvial pur,27.2,4.3,14.8,330.7,34.1,1102.4,716.6,229,164.0,26.1,137.9,Route bitumée,4.3,Aucun,Non,Oui,9.0,1
1417,2023,Saison des pluies,Logone-et-Chari,Goulfey,Femme,41.0,Aucun,Marié(e),9,5,14,Maïs,1.35,Sableux,Pompe solaire,Irrigué,52.5,10.36,17.2,714.6,36.9,2024.2,2732.7,230,629.0,52.1,576.9,Piste,21.2,Aucun,Non,Non,8.0,1
1418,2024,Saison sèche,Logone-et-Chari,Kousseri,Femme,41.0,Coranique,Marié(e),8,3,6,Mil,,Argilo-sableux,Pluie seule,Pluvial pur,125.0,0.0,6.6,222.8,36.6,614.5,903.3,197,178.0,52.0,126.0,Sentier,37.5,ONG locale,Non,Non,8.0,1
1419,2021,Saison sèche,Mayo-Kani,Mindif,Homme,40.0,Primaire,Marié(e),7,3,24,Maïs,0.35,Sableux,Pluie + retenue,Mixte,9.0,0.0,23.5,323.0,36.0,1536.0,537.6,178,96.0,10.7,85.3,Sentier,15.4,Aucun,Oui,Oui,5.0,1
1420,2021,Saison des pluies,Logone-et-Chari,Blangoua,Homme,48.0,Coranique,Marié(e),10,4,22,Sésame,1.25,Limoneux,Pluie seule,Pluvial pur,,1.93,12.1,662.4,38.0,433.8,542.2,612,332.0,14.9,317.1,Sentier,3.9,FAO,Oui,Non,7.0,1
1421,2022,Saison des pluies,Mayo-Kani,Moutourwa,Femme,43.0,Primaire,Marié(e),11,1,27,Maïs,2.8,Limoneux,Pluie + retenue,Pluvial pur,100.6,5.98,6.6,957.5,35.3,2553.1,7148.7,218,1558.0,57.2,1500.8,Route bitumée,51.8,SODECOTON,Non,Non,6.0,4
1422,2021,Saison des pluies,Mayo-Sava,Méri,Femme,,Aucun,Marié(e),7,2,13,Sésame,0.35,Hardé,Pluie seule,Pluvial pur,32.2,0.51,17.7,635.1,36.5,339.9,119.0,639,76.0,19.5,56.5,Piste,2.0,IRAD,Oui,Oui,1.0,5
1423,2023,Saison sèche,Mayo-Sava,Kolofata,Femme,42.0,Primaire,Marié(e),8,5,13,Sorgho,2.02,Limoneux,Pluie + retenue,Irrigué,0.5,0.0,4.7,298.4,36.7,788.8,1593.4,238,379.0,1.6,377.4,Route bitumée,4.7,ONG locale,Non,Oui,3.0,3
1424,2023,Saison des pluies,Mayo-Danay,Yagoua,Femme,56.0,Primaire,Veuf/Veuve,7,1,7,Sorgho,1.47,Hardé,Pluie + retenue,Pluvial pur,6.8,0.0,18.0,841.8,32.6,326.3,479.7,192,92.0,8.1,83.9,Voie navigable,4.6,Aucun,Non,Non,8.0,1
1425,2021,Saison sèche,Logone-et-Chari,Goulfey,Femme,22.0,Aucun,Veuf/Veuve,5,3,0,Sorgho,2.0,Sableux,Pompe solaire,Décrue,65.7,0.0,8.2,193.1,34.2,766.3,1532.6,203,311.0,28.7,282.3,Route bitumée,5.7,Aucun,Oui,Non,1.0,1
1426,2023,Saison des pluies,Mayo-Sava,Mora,Femme,35.0,Aucun,Marié(e),12,2,2,Mil,,Argileux,Marigot,Pluvial pur,24.6,0.0,21.3,721.9,35.4,531.5,728.2,254,185.0,16.2,168.8,Sentier,23.1,ONG locale,Oui,Oui,9.0,3
1427,2023,Saison sèche,Mayo-Kani,Guidiguis,Femme,,Primaire,Marié(e),3,3,5,Mil,,Argileux,Marigot,Pluvial pur,8.3,0.0,23.9,324.5,32.9,622.9,3563.0,264,941.0,10.5,930.5,Piste,10.0,Aucun,Non,Oui,1.0,4
1428,2023,Saison des pluies,Mayo-Sava,Waza,Homme,27.0,Aucun,Veuf/Veuve,5,4,11,Sésame,,Limoneux,Pluie seule,Mixte,6.3,0.0,21.5,709.7,37.1,303.8,364.6,611,223.0,9.0,214.0,Piste,6.9,Aucun,Non,Oui,7.0,3
1429,2024,Saison sèche,Mayo-Sava,Tokombéré,Homme,60.0,Coranique,Veuf/Veuve,6,3,20,Mil,0.3,Argileux,Pluie seule,Pluvial pur,19.4,0.0,12.6,363.1,35.6,517.1,155.1,232,36.0,11.5,24.5,Sentier,51.5,SODECOTON,Non,Non,3.0,4
1430,2023,Saison des pluies,Mayo-Kani,Mindif,Femme,22.0,Secondaire,Célibataire,4,4,6,Arachide,3.15,Hardé,Pompe solaire,Décrue,0.3,0.0,21.1,668.4,37.3,477.2,1503.2,397,597.0,6.5,590.5,Voie navigable,5.3,ONG locale,Non,Non,3.0,5
1431,2022,Saison sèche,Mayo-Kani,Guidiguis,Femme,47.0,Aucun,Marié(e),7,4,8,Mil,1.1,Limoneux,Pluie + retenue,Mixte,129.4,1.24,12.8,218.4,33.9,700.4,770.4,198,153.0,58.7,94.3,Sentier,23.6,FAO,Non,Non,1.0,2
1432,2024,Saison sèche,Mayo-Sava,Tokombéré,Homme,38.0,Aucun,Marié(e),7,3,22,Sorgho,0.38,Argileux,Pompe solaire,Pluvial pur,7.2,8.93,23.9,383.3,35.8,745.6,283.3,247,70.0,32.4,37.6,Route bitumée,20.6,Aucun,Oui,Non,5.0,5
1433,2024,Saison des pluies,Diamaré,Mémé,Femme,32.0,Primaire,Marié(e),4,3,16,Coton,0.39,Argileux,Pluie seule,Mixte,0.0,4.5,23.3,1094.8,32.2,,386.9,320,124.0,18.2,105.8,Voie navigable,5.9,SODECOTON,Non,Oui,2.0,5
1434,2021,Saison des pluies,Mayo-Danay,Kalfou,Homme,20.0,Secondaire,Marié(e),3,2,4,Maïs,2.49,Argileux,Irrigation gravitaire,Décrue,0.0,8.17,16.8,837.2,31.1,2727.0,6790.2,194,1317.0,25.5,1291.5,Sentier,9.1,WFP,Non,Non,5.0,4
1435,2024,Saison des pluies,Mayo-Kani,Kaélé,Femme,31.0,Primaire,Marié(e),9,5,10,Maïs,1.09,Limoneux,Pluie + retenue,Mixte,,2.28,3.3,968.2,36.8,1834.5,1999.6,221,442.0,6.7,435.3,Route bitumée,2.8,Aucun,Oui,Non,8.0,4
1436,2024,Saison des pluies,Mayo-Kani,Moutourwa,Homme,36.0,Universitaire,Célibataire,6,2,14,Arachide,0.61,Limoneux,Irrigation gravitaire,Décrue,,0.0,4.9,987.6,33.8,99999.0,792.7,381,302.0,1.5,300.5,Piste,8.6,Aucun,Non,Non,2.0,3
1437,2021,Saison des pluies,Mayo-Sava,Kolofata,Homme,73.0,Secondaire,Marié(e),2,2,18,Mil,2.22,Argileux,Pluie seule,Décrue,38.8,0.0,1.0,554.2,36.4,835.8,1855.5,270,501.0,15.8,485.2,Route bitumée,1.3,Aucun,Non,Non,1.0,2
1438,2024,Saison des pluies,Mayo-Sava,Tokombéré,Homme,26.0,Primaire,Marié(e),7,3,10,Niébé,7.47,Limoneux,Pluie seule,Pluvial pur,0.0,1.74,5.6,877.6,37.4,,6507.9,410,2668.0,6.0,2662.0,Piste,5.7,Aucun,Non,Non,6.0,1
1439,2022,Saison sèche,Mayo-Danay,Kalfou,Homme,41.0,Coranique,Marié(e),4,2,9,Coton,0.78,Hardé,Pluie seule,Pluvial pur,,1.43,27.6,391.8,32.4,544.2,424.5,312,132.0,12.5,119.5,Sentier,50.1,WFP,Non,Non,8.0,1
1440,2024,Saison sèche,Diamaré,Gazawa,Homme,,Aucun,Célibataire,7,4,5,Niébé,0.86,Argileux,Marigot,Pluvial pur,190.6,1.3,6.1,338.2,33.8,,781.9,384,300.0,81.3,218.7,Piste,16.4,Aucun,Non,Oui,2.0,2
1441,2022,Saison des pluies,Diamaré,Maroua I,Femme,41.0,Secondaire,Marié(e),10,3,25,Arachide,1.35,Hardé,Marigot,Pluvial pur,0.0,4.63,20.2,995.6,32.9,445.4,601.3,337,203.0,17.6,185.4,Piste,32.1,CARE,Non,Oui,8.0,3
1442,2024,Saison sèche,Mayo-Kani,Touloum,Homme,,Coranique,Marié(e),10,2,17,Sésame,4.07,Argilo-sableux,Pluie + retenue,Pluvial pur,17.6,3.12,25.9,426.0,33.9,539.7,2196.6,581,1276.0,22.6,1253.4,Route bitumée,11.9,Aucun,Non,Oui,5.0,4
1443,2021,Saison des pluies,Mayo-Kani,Kaélé,Homme,39.0,Secondaire,Marié(e),9,1,9,Coton,0.73,Argileux,Pluie seule,Décrue,0.0,0.0,16.5,772.7,35.3,847.7,618.8,252,156.0,5.0,151.0,Piste,12.1,FAO,Oui,Non,7.0,1
1444,2022,Saison sèche,Mayo-Kani,Moutourwa,Homme,44.0,Primaire,Marié(e),2,2,8,Sésame,2.06,Sableux,Marigot,Mixte,33.9,6.24,12.0,,36.1,492.6,1014.8,639,648.0,32.8,615.2,Sentier,31.1,CARE,Non,Oui,7.0,4
1445,2023,Saison sèche,Mayo-Sava,Kolofata,Femme,50.0,Aucun,Marié(e),9,3,20,Niébé,4.2,Argileux,Marigot,Pluvial pur,83.9,3.58,7.3,344.2,38.4,932.4,3916.1,447,1750.0,44.7,1705.3,Sentier,24.2,ONG locale,Non,Non,3.0,5
1446,2022,Saison sèche,Mayo-Danay,Yagoua,Homme,46.0,Aucun,Marié(e),6,1,2,Sésame,1.9,Argileux,Marigot,Pluvial pur,0.0,0.12,11.9,422.4,32.7,534.9,1016.3,636,646.0,3.9,642.1,Sentier,1.0,Aucun,Non,Non,1.0,4
1447,2023,Saison sèche,Diamaré,Maroua I,Homme,37.0,Coranique,Marié(e),1,1,21,Mil,0.63,Sableux,Pluie + retenue,Décrue,0.6,5.16,16.5,336.9,36.3,439.6,276.9,200,55.0,18.1,36.9,Piste,107.5,WFP,Non,Non,7.0,3
1448,2021,Saison des pluies,Logone-et-Chari,Hilé-Alifa,Homme,32.0,Aucun,Célibataire,3,3,1,Maïs,0.82,Limoneux,Marigot,Pluvial pur,26.3,1.14,19.9,,36.3,,1535.7,194,298.0,19.3,278.7,Sentier,4.3,Aucun,Non,Non,2.0,5
1449,2022,Saison sèche,Logone-et-Chari,Hilé-Alifa,Femme,47.0,Coranique,Célibataire,7,1,3,Maïs,0.89,Limoneux,Pluie seule,Pluvial pur,174.8,1.47,10.8,289.6,37.0,,1755.8,193,339.0,76.8,262.2,Piste,13.7,Aucun,Oui,Non,2.0,2
1450,2022,Saison des pluies,Mayo-Sava,Tokombéré,Homme,45.0,Primaire,Marié(e),6,4,8,Arachide,1.03,Limoneux,Pompe solaire,Décrue,0.1,0.0,11.2,818.0,39.4,1482.3,1526.8,364,556.0,3.4,552.6,Piste,28.2,CARE,Non,Non,8.0,1
1451,2021,Saison sèche,Mayo-Danay,Yagoua,Homme,45.0,Primaire,Marié(e),7,2,19,Sésame,0.74,Argileux,Irrigation gravitaire,Pluvial pur,6.5,0.38,2.3,295.9,33.7,651.4,482.0,610,294.0,4.2,289.8,Voie navigable,11.1,CARE,Oui,Oui,9.0,5
1452,2023,Saison des pluies,Diamaré,Mémé,Homme,41.0,Primaire,Marié(e),10,2,4,Coton,0.9,Sableux,Irrigation gravitaire,Pluvial pur,41.5,1.9,11.3,778.2,33.3,1415.0,1273.5,260,331.0,24.7,306.3,Piste,17.2,Aucun,Non,Non,8.0,2
1453,2023,Saison des pluies,Mayo-Danay,Yagoua,Homme,33.0,Primaire,Marié(e),5,1,13,Maïs,1.42,Hardé,Marigot,Pluvial pur,27.7,1.37,7.2,920.4,28.7,638.3,906.4,203,184.0,16.7,,Piste,8.0,WFP,Non,Non,,5
1454,2024,Saison sèche,Logone-et-Chari,Kousseri,Homme,18.0,Aucun,Marié(e),9,2,2,Arachide,0.97,Argileux,Pluie + retenue,Irrigué,37.6,0.1,12.7,384.7,35.8,708.1,686.9,336,231.0,19.1,211.9,Piste,5.8,CARE,Oui,Non,9.0,1
1455,2023,Saison des pluies,Diamaré,Maroua III,Femme,40.0,Aucun,Marié(e),8,2,17,Mil,1.38,Argileux,Pluie seule,Pluvial pur,7.2,3.12,11.9,,35.3,566.1,781.2,250,195.0,14.3,180.7,Route bitumée,0.5,Aucun,Non,Non,6.0,2
1456,2022,Saison sèche,Mayo-Danay,Yagoua,Femme,30.0,Aucun,Veuf/Veuve,7,1,14,Niébé,3.38,Limoneux,Pluie seule,Pluvial pur,9.6,1.04,9.7,,34.1,624.7,2111.5,391,826.0,9.3,816.7,Route bitumée,6.7,Aucun,Non,Non,8.0,4
1457,2024,Saison des pluies,Mayo-Sava,Waza,Homme,42.0,Aucun,Marié(e),5,1,17,Sorgho,3.39,Argileux,Marigot,Mixte,39.7,5.54,10.6,780.4,33.9,664.7,2253.3,184,415.0,32.9,382.1,Voie navigable,6.8,Aucun,Non,Oui,3.0,4
1458,2021,Saison sèche,Diamaré,Mémé,Homme,49.0,Aucun,Célibataire,2,2,16,Sorgho,1.85,Argilo-sableux,Pluie seule,Pluvial pur,,3.47,25.5,,33.0,256.9,475.3,190,90.0,19.7,70.3,Route bitumée,12.6,Aucun,Non,Non,8.0,1
1459,2022,Saison des pluies,Diamaré,Gazawa,Homme,56.0,Primaire,Marié(e),8,2,20,Coton,1.57,Argileux,Marigot,Mixte,12.1,0.61,21.9,913.7,39.3,1425.2,2237.6,314,703.0,12.9,690.1,Route bitumée,0.8,Aucun,Non,Oui,1.0,1
1460,2024,Saison sèche,Diamaré,Maroua III,Homme,34.0,Aucun,Marié(e),3,3,9,Niébé,1.15,Limoneux,Marigot,Pluvial pur,3.8,7.28,15.6,427.9,35.4,854.3,982.4,430,422.0,24.4,397.6,Piste,1.9,ONG locale,Oui,Oui,,4
1461,2024,Saison des pluies,Mayo-Kani,Touloum,Homme,22.0,Coranique,Marié(e),6,1,6,Arachide,1.22,Argileux,Pluie + retenue,Pluvial pur,,6.18,6.7,,32.7,836.7,1020.8,331,338.0,18.0,320.0,Piste,4.6,FAO,Oui,Non,9.0,4
1462,2022,Saison des pluies,Diamaré,Gazawa,Homme,24.0,Aucun,Marié(e),6,6,8,Mil,0.12,Sableux,Pluie + retenue,Mixte,49.7,0.0,1.0,881.7,30.6,684.8,82.2,227,19.0,20.2,-1.2,Sentier,14.3,ONG locale,Non,Non,5.0,5
1463,2021,Saison des pluies,Mayo-Danay,Yagoua,Homme,56.0,Aucun,Marié(e),11,2,10,Coton,0.78,Argileux,Pompe solaire,Décrue,7.6,0.0,24.5,843.4,34.6,1647.6,1285.1,324,416.0,10.4,405.6,Route bitumée,3.0,FAO,Non,Non,9.0,3
1464,2021,Saison sèche,Logone-et-Chari,Kousseri,Homme,57.0,Primaire,Marié(e),8,2,22,Maïs,0.54,Limoneux,Pluie + retenue,Pluvial pur,,0.0,23.6,258.2,35.0,1721.4,929.6,168,156.0,7.1,148.9,Sentier,2.1,Aucun,Oui,Oui,8.0,4
1465,2022,Saison des pluies,Mayo-Sava,Mora,Homme,26.0,Aucun,Veuf/Veuve,12,4,10,Sorgho,1.69,Argileux,Irrigation gravitaire,Irrigué,21.3,0.0,22.1,803.3,34.7,945.5,1597.9,244,390.0,15.2,374.8,Voie navigable,9.6,SODECOTON,Oui,Oui,,4
1466,2023,Saison des pluies,Mayo-Sava,Méri,Homme,36.0,Aucun,Célibataire,7,1,20,Sorgho,1.75,Hardé,Irrigation gravitaire,Pluvial pur,0.0,0.2,16.2,767.2,38.8,477.4,835.4,185,155.0,5.4,149.6,Piste,9.7,SODECOTON,Non,Oui,8.0,1
1467,2024,Saison des pluies,Mayo-Danay,Guirvidig,Homme,43.0,Aucun,Marié(e),6,2,26,Arachide,2.95,Argileux,Pompe solaire,Pluvial pur,24.5,0.0,2.3,917.5,34.7,1300.6,3836.8,386,1481.0,10.5,1470.5,Route bitumée,1.3,FAO,Oui,Oui,,2
1468,2022,Saison des pluies,Mayo-Kani,Mindif,Femme,33.0,Primaire,Marié(e),6,1,1,Sorgho,0.65,Argilo-sableux,Pluie + retenue,Irrigué,,0.0,6.6,904.8,35.5,682.9,443.9,184,82.0,23.9,58.1,Sentier,0.8,Aucun,Non,Oui,5.0,1
1469,2024,Saison sèche,Mayo-Danay,Yagoua,Homme,28.0,Primaire,Marié(e),5,2,9,Niébé,,Argilo-sableux,Marigot,Pluvial pur,0.0,0.98,19.5,276.8,33.4,600.2,294.1,390,115.0,8.3,106.7,Piste,12.0,ONG locale,Oui,Non,1.0,2
1470,2024,Saison des pluies,Mayo-Sava,Méri,Femme,28.0,Aucun,Marié(e),1,1,12,Sorgho,1.51,Sableux,Irrigation gravitaire,Irrigué,90.5,1.91,15.8,694.7,39.3,862.0,1301.6,180,234.0,45.7,188.3,Route bitumée,10.7,Aucun,Non,Non,1.0,3
1471,2023,Saison des pluies,Diamaré,Maroua II,Homme,30.0,Aucun,Marié(e),7,4,14,Sorgho,1.51,Hardé,Pluie seule,Mixte,69.8,0.27,9.3,850.6,32.3,308.7,466.1,219,102.0,31.4,70.6,Piste,21.8,Aucun,Non,Oui,6.0,1
1472,2023,Saison des pluies,Mayo-Danay,Wina,Femme,50.0,Secondaire,Veuf/Veuve,5,3,22,Arachide,1.17,Limoneux,Pluie seule,Mixte,27.2,0.11,21.1,829.3,33.6,1232.1,1441.6,340,490.0,17.5,472.5,Piste,6.2,Aucun,Non,Non,7.0,4
1473,2023,Saison des pluies,Diamaré,Maroua I,Homme,41.0,Secondaire,Marié(e),8,2,15,Sésame,0.0,Limoneux,Irrigation gravitaire,Mixte,0.0,4.58,19.7,916.7,35.0,730.3,664.6,586,389.0,17.4,371.6,Sentier,41.3,ONG locale,Non,Non,9.0,5
1474,2021,Saison sèche,Logone-et-Chari,Goulfey,Femme,34.0,Coranique,Marié(e),12,2,13,Sorgho,4.31,Sableux,Pluie seule,Pluvial pur,32.7,3.79,21.0,202.1,36.4,430.2,1854.2,209,388.0,28.9,359.1,Piste,6.9,WFP,Oui,Oui,2.0,3
1475,2023,Saison des pluies,Mayo-Sava,Méri,Femme,49.0,Aucun,Marié(e),9,4,19,Arachide,0.6,Limoneux,Pluie seule,Irrigué,0.0,0.0,12.1,619.3,40.3,529.4,317.6,338,107.0,3.6,103.4,Sentier,11.1,FAO,Non,Oui,2.0,2
1476,2024,Saison sèche,Logone-et-Chari,Hilé-Alifa,Homme,63.0,Aucun,Célibataire,1,1,18,Mil,,Argileux,Pluie + retenue,Pluvial pur,142.3,0.93,3.5,306.7,34.4,951.3,1388.9,198,275.0,60.3,214.7,Piste,25.4,Aucun,Oui,Oui,,2
1477,2021,Saison sèche,Logone-et-Chari,Goulfey,Femme,51.0,Aucun,Célibataire,3,3,19,Mil,1.46,Sableux,Marigot,Décrue,0.0,0.26,24.4,202.6,37.1,,701.7,216,152.0,8.0,144.0,Route bitumée,1.7,IRAD,Oui,Oui,9.0,1
1478,2023,Saison sèche,Diamaré,Bogo,Femme,35.0,Aucun,Célibataire,8,4,19,Sorgho,1.43,Sableux,Pluie + retenue,Irrigué,18.1,5.68,17.9,273.3,33.7,392.9,561.8,185,104.0,26.8,77.2,Sentier,18.7,FAO,Non,Oui,8.0,4
1479,2021,Saison sèche,Mayo-Sava,Waza,Femme,37.0,Aucun,Marié(e),8,5,13,Sorgho,1.93,Sableux,Pluie + retenue,Pluvial pur,0.0,2.28,16.7,205.9,35.2,531.4,1025.6,199,204.0,10.7,,Piste,15.3,CARE,Non,Oui,4.0,5
1480,2022,Saison des pluies,Mayo-Kani,Guidiguis,Homme,35.0,Universitaire,Marié(e),9,3,19,Mil,1.57,Sableux,Pompe solaire,Pluvial pur,6.4,2.39,14.7,782.0,36.0,957.4,1503.1,205,308.0,12.9,295.1,Route bitumée,16.8,Aucun,Oui,Non,1.0,4
1481,2024,Saison des pluies,Mayo-Sava,Méri,Homme,46.0,Secondaire,Marié(e),6,4,18,Arachide,2.38,Argileux,Pluie seule,Pluvial pur,4.5,0.0,25.3,787.4,37.2,821.5,1955.2,340,665.0,9.4,655.6,Sentier,23.6,IRAD,Non,Non,1.0,3
1482,2023,Saison des pluies,Mayo-Sava,Waza,Homme,61.0,Primaire,Marié(e),8,3,16,Sésame,3.57,Argileux,Pluie seule,Pluvial pur,0.0,3.48,7.0,787.0,33.1,521.2,1860.7,594,1105.0,10.8,1094.2,Piste,2.6,Aucun,Non,Oui,1.0,4
1483,2021,Saison des pluies,Logone-et-Chari,Makary,Homme,18.0,Universitaire,Célibataire,8,4,2,Sorgho,0.53,Argilo-sableux,Pluie + retenue,Pluvial pur,0.0,0.0,21.6,546.4,36.9,639.0,338.7,243,82.0,6.5,75.5,Sentier,9.8,SODECOTON,Non,Non,2.0,2
1484,2022,Saison des pluies,Diamaré,Mémé,Homme,44.0,Primaire,Marié(e),5,2,10,Niébé,1.11,Sableux,Pluie + retenue,Pluvial pur,49.4,0.0,13.7,921.7,31.5,845.6,938.6,433,406.0,23.9,382.1,Sentier,5.6,Aucun,Oui,Non,9.0,3
1485,2021,Saison des pluies,Mayo-Kani,Moutourwa,Homme,26.0,Aucun,Marié(e),10,5,10,Sorgho,2.41,Argileux,Pluie seule,Pluvial pur,0.5,0.42,12.6,749.4,35.9,422.3,1017.7,175,178.0,5.0,173.0,Piste,2.0,Aucun,Non,Non,3.0,5
1486,2023,Saison sèche,Mayo-Sava,Waza,Homme,18.0,Primaire,Marié(e),10,3,2,Sésame,0.49,Argileux,Irrigation gravitaire,Décrue,2.1,0.88,16.0,199.5,36.1,783.7,384.0,635,244.0,7.8,236.2,Piste,1.4,FAO,Non,Non,8.0,4
1487,2024,Saison des pluies,Mayo-Danay,Yagoua,Homme,28.0,Secondaire,Marié(e),7,4,0,Arachide,2.27,Sableux,Pluie seule,Pluvial pur,34.4,0.0,22.7,872.9,34.8,827.5,1878.4,382,718.0,20.6,697.4,Piste,13.5,ONG locale,Non,Oui,3.0,4
1488,2023,Saison des pluies,Logone-et-Chari,Goulfey,Femme,43.0,Primaire,Marié(e),11,1,14,Arachide,2.14,Argileux,Pluie seule,Pluvial pur,57.9,0.47,3.9,677.4,37.9,1157.9,2477.9,375,929.0,25.5,,Piste,15.1,FAO,Oui,Oui,6.0,1
1489,2023,Saison des pluies,Logone-et-Chari,Kousseri,Homme,41.0,Aucun,Marié(e),6,2,17,Sésame,1.39,Sableux,Pompe solaire,Pluvial pur,40.9,0.0,1.0,593.1,38.2,654.6,909.9,649,591.0,16.7,574.3,Route bitumée,5.2,Aucun,Oui,Non,8.0,5
1490,2023,Saison sèche,Diamaré,Gazawa,Homme,,Aucun,Veuf/Veuve,5,1,12,Sésame,1.05,Hardé,Pluie seule,Pluvial pur,20.3,2.11,23.6,434.6,32.1,318.6,334.5,596,199.0,20.5,178.5,Piste,0.6,FAO,Non,Non,8.0,4
1491,2024,Saison des pluies,Diamaré,Maroua II,Homme,51.0,Coranique,Marié(e),11,3,15,Niébé,3.58,Argileux,Marigot,Irrigué,28.7,0.0,4.1,924.9,32.3,646.2,2313.4,380,879.0,12.7,866.3,Piste,0.5,Aucun,Non,Non,3.0,1
1492,2022,Saison sèche,Mayo-Kani,Touloum,Homme,36.0,Coranique,Veuf/Veuve,7,1,0,Sorgho,1.5,Argileux,Marigot,Pluvial pur,0.0,5.17,8.4,399.7,37.6,667.4,1001.1,247,247.0,15.4,231.6,Sentier,9.5,ONG locale,Non,Non,2.0,5
1493,2021,Saison des pluies,Mayo-Sava,Waza,Homme,38.0,Coranique,Marié(e),3,3,18,Niébé,2.61,Argilo-sableux,Pluie seule,Pluvial pur,4.8,2.29,18.1,515.3,34.0,579.9,1513.5,442,669.0,13.1,655.9,Route bitumée,73.6,Aucun,Non,Oui,8.0,3
1494,2021,Saison sèche,Mayo-Danay,Guirvidig,Homme,60.0,Aucun,Célibataire,5,4,0,Sésame,2.11,Argileux,Marigot,Mixte,41.1,1.96,13.4,298.2,35.9,437.7,923.5,572,528.0,25.4,502.6,Piste,14.3,Aucun,Non,Non,9.0,4
1495,2021,Saison sèche,Mayo-Sava,Mora,Homme,45.0,Primaire,Veuf/Veuve,9,4,4,Sorgho,2.99,Argileux,Pluie seule,Mixte,12.5,0.0,5.0,174.5,34.5,626.7,1873.8,220,412.0,6.5,405.5,Piste,28.6,Aucun,Non,Non,8.0,5
1496,2021,Saison des pluies,Logone-et-Chari,Hilé-Alifa,Femme,41.0,Aucun,Marié(e),4,1,19,Niébé,2.8,Argileux,Pluie + retenue,Décrue,26.5,4.11,12.4,576.0,34.9,899.2,2517.8,417,1050.0,24.6,,Route bitumée,21.8,FAO,Oui,Oui,,1
1497,2022,Saison des pluies,Mayo-Kani,Mindif,Homme,57.0,Primaire,Veuf/Veuve,2,1,23,Arachide,0.99,Argilo-sableux,Pluie seule,Pluvial pur,2.1,4.16,27.6,859.1,31.9,639.7,633.3,340,215.0,19.5,195.5,Sentier,9.0,FAO,Non,Non,7.0,4
1498,2023,Saison des pluies,Diamaré,Bogo,Femme,47.0,Coranique,Marié(e),2,2,9,Mil,1.02,Limoneux,Pompe solaire,Décrue,0.0,0.0,6.7,828.9,34.8,670.2,683.6,218,149.0,2.0,147.0,Voie navigable,12.9,Aucun,Oui,Oui,7.0,4
1499,2021,Saison sèche,Mayo-Danay,Wina,Homme,21.0,Aucun,Marié(e),8,4,5,Sorgho,1.6,Hardé,Irrigation gravitaire,Mixte,19.9,0.0,17.0,450.9,34.1,400.5,640.8,182,117.0,13.1,103.9,Route bitumée,7.5,ONG locale,Non,Non,8.0,2
1500,2022,Saison des pluies,Mayo-Danay,Kalfou,Homme,40.0,Aucun,Marié(e),6,1,24,Mil,0.95,Hardé,Pluie + retenue,Pluvial pur,130.1,0.84,18.8,859.9,30.6,456.4,433.6,197,85.0,59.8,25.2,Piste,2.0,ONG locale,Oui,Oui,2.0,1
1501,2023,Saison des pluies,Logone-et-Chari,Goulfey,Femme,18.0,Aucun,Marié(e),5,4,2,Mil,1.33,Sableux,Pluie seule,Pluvial pur,3.1,3.93,16.8,727.4,37.8,283.0,376.4,253,95.0,16.1,78.9,Sentier,5.0,ONG locale,Oui,Oui,8.0,3
1502,2024,Saison des pluies,Logone-et-Chari,Hilé-Alifa,Homme,18.0,Primaire,Marié(e),6,3,2,Maïs,5.6,Argileux,Pluie + retenue,Décrue,156.7,0.83,12.1,810.9,35.4,2530.8,14172.5,188,2664.0,68.4,2595.6,Piste,53.5,WFP,Non,Oui,,5
1503,2024,Saison sèche,Mayo-Sava,Tokombéré,Homme,41.0,Aucun,Marié(e),12,3,8,Sésame,1.85,Argilo-sableux,Pluie + retenue,Mixte,25.5,1.84,14.3,168.1,36.3,581.9,1076.5,632,680.0,19.1,,Route bitumée,14.9,SODECOTON,Oui,Oui,4.0,3
1504,2023,Saison sèche,Mayo-Sava,Tokombéré,Homme,21.0,Primaire,Marié(e),4,1,5,Sorgho,3.06,Argileux,Pluie seule,Pluvial pur,6.9,2.59,21.0,224.0,36.7,552.5,1690.7,184,311.0,15.5,295.5,Sentier,19.5,FAO,Oui,Non,2.0,5
1505,2021,Saison sèche,Mayo-Danay,Kalfou,Femme,35.0,Aucun,Marié(e),11,1,7,Maïs,0.15,Sableux,Pluie seule,Pluvial pur,20.4,3.1,11.8,321.8,33.8,1044.3,156.6,168,26.0,19.4,6.6,Voie navigable,9.5,CARE,Non,Non,1.0,3
1506,2021,Saison sèche,Mayo-Sava,Kolofata,Femme,53.0,Aucun,Marié(e),4,4,20,Sorgho,0.62,Argilo-sableux,Pluie seule,Mixte,222.9,2.9,15.9,187.6,35.9,638.8,396.1,233,92.0,101.2,-9.2,Piste,13.5,ONG locale,Oui,Non,6.0,2
1507,2022,Saison sèche,Logone-et-Chari,Blangoua,Homme,43.0,Primaire,Marié(e),7,4,10,Arachide,1.1,Sableux,Pluie seule,Pluvial pur,20.1,2.59,4.9,296.0,36.1,644.5,709.0,366,259.0,16.0,243.0,Voie navigable,1.3,Aucun,Non,Non,4.0,1
1508,2022,Saison sèche,Mayo-Sava,Mora,Femme,20.0,Aucun,Marié(e),8,3,4,Mil,1.94,Argileux,Pluie seule,Pluvial pur,32.7,1.05,10.9,184.8,36.2,522.7,1014.0,238,241.0,19.0,222.0,Piste,12.5,Aucun,Non,Oui,9.0,1
1509,2023,Saison sèche,Mayo-Kani,Guidiguis,Homme,40.0,Aucun,Veuf/Veuve,11,2,10,Coton,1.28,Limoneux,Pluie + retenue,Irrigué,10.4,0.0,3.8,413.7,33.1,1104.3,1413.5,264,373.0,5.3,367.7,Sentier,3.9,SODECOTON,Non,Non,,2
1510,2024,Saison des pluies,Mayo-Sava,Méri,Homme,20.0,Aucun,Marié(e),6,1,4,Mil,0.83,Argileux,Pluie + retenue,Mixte,44.0,5.95,18.2,670.8,36.6,800.0,664.0,231,153.0,37.9,115.1,Route bitumée,8.1,SODECOTON,Non,Non,4.0,2
1511,2021,Saison des pluies,Mayo-Danay,Yagoua,Femme,,Primaire,Marié(e),7,3,12,Mil,1.96,Argileux,Pluie + retenue,Irrigué,,0.0,9.6,739.4,35.5,695.5,1363.2,230,314.0,2.9,311.1,Piste,20.3,Aucun,Non,Non,7.0,2
1512,2021,Saison des pluies,Mayo-Kani,Mindif,Homme,31.0,Primaire,Marié(e),7,1,12,Maïs,0.6,Limoneux,Pluie seule,Pluvial pur,51.8,0.0,14.3,617.4,35.9,1428.9,857.3,224,192.0,25.0,167.0,Route bitumée,1.6,Aucun,Non,Non,8.0,1
1513,2021,Saison sèche,Mayo-Kani,Kaélé,Homme,32.0,Coranique,Marié(e),7,2,7,Sorgho,0.61,Argilo-sableux,Pluie seule,Pluvial pur,0.5,5.99,9.3,194.7,31.8,280.1,170.9,209,36.0,18.0,,Sentier,8.0,Aucun,Oui,Non,5.0,1
1514,2022,Saison sèche,Mayo-Kani,Touloum,Femme,54.0,Universitaire,Marié(e),3,3,17,Niébé,1.3,Hardé,Pompe solaire,Pluvial pur,0.0,0.44,12.3,263.3,37.6,938.8,1220.4,407,497.0,4.8,492.2,Piste,30.4,ONG locale,Non,Non,4.0,1
1515,2023,Saison des pluies,Diamaré,Mémé,Homme,47.0,Aucun,Célibataire,10,1,17,Maïs,0.88,Limoneux,Pluie + retenue,Irrigué,74.7,0.0,23.1,853.9,32.1,1195.4,1052.0,191,201.0,36.8,164.2,Sentier,10.0,ONG locale,Non,Oui,2.0,5
1516,2021,Saison sèche,Mayo-Danay,Tchatibali,Homme,,Coranique,Marié(e),7,4,6,Niébé,0.98,Argileux,Pluie seule,Mixte,21.0,1.53,21.1,347.3,32.5,794.6,778.7,370,288.0,18.6,269.4,Route bitumée,11.6,CARE,Non,Oui,6.0,4
1517,2022,Saison sèche,Diamaré,Gazawa,Homme,23.0,Aucun,Marié(e),8,3,7,Sorgho,1.23,Argileux,Pluie seule,Pluvial pur,45.5,0.0,14.8,322.9,32.6,636.2,782.5,235,184.0,22.6,161.4,Sentier,3.3,ONG locale,Non,Oui,5.0,3
1518,2021,Saison sèche,Diamaré,Maroua II,Homme,31.0,Secondaire,Marié(e),3,1,15,Arachide,1.14,Argilo-sableux,Pluie seule,Pluvial pur,97.6,0.77,17.3,282.1,35.3,1288.7,1469.1,364,535.0,46.2,488.8,Route bitumée,18.4,FAO,Non,Oui,9.0,4
1519,2023,Saison des pluies,Diamaré,Bogo,Femme,58.0,Primaire,Marié(e),7,2,16,Sésame,1.8,Hardé,Pluie seule,Irrigué,16.1,0.0,5.8,839.3,32.1,289.1,520.4,573,298.0,8.2,289.8,Sentier,9.1,IRAD,Non,Oui,7.0,1
1520,2022,Saison sèche,Mayo-Danay,Guirvidig,Homme,33.0,Aucun,Marié(e),12,2,17,Niébé,0.58,Limoneux,Pluie + retenue,Décrue,23.9,0.0,13.8,,31.0,946.3,548.9,437,240.0,13.7,226.3,Piste,17.7,Aucun,Oui,Oui,1.0,1
1521,2022,Saison des pluies,Mayo-Danay,Tchatibali,Homme,18.0,Universitaire,Marié(e),4,2,2,Mil,2.65,Sableux,Pluie seule,Pluvial pur,70.6,0.0,18.3,972.5,31.6,659.3,1747.1,237,414.0,33.7,380.3,Route bitumée,8.9,Aucun,Non,Non,7.0,4
1522,2023,Saison sèche,Diamaré,Maroua II,Homme,20.0,Primaire,Marié(e),7,3,4,Sorgho,,Sableux,Pluie seule,Pluvial pur,52.0,8.52,10.9,419.5,35.1,604.9,834.8,232,194.0,45.4,148.6,Route bitumée,6.2,Aucun,Oui,Oui,7.0,2
1523,2022,Saison des pluies,Mayo-Kani,Guidiguis,Homme,59.0,Secondaire,Marié(e),4,2,11,Sorgho,0.98,Hardé,Pluie seule,Pluvial pur,54.7,0.03,10.0,962.1,37.2,220.5,216.1,181,39.0,25.0,14.0,Sentier,5.1,Aucun,Non,Non,5.0,4
1524,2021,Saison sèche,Diamaré,Mémé,Homme,52.0,Primaire,Marié(e),11,2,6,Arachide,1.03,Sableux,Irrigation gravitaire,Pluvial pur,33.6,0.0,11.7,353.2,35.7,1198.2,1234.1,397,490.0,17.0,473.0,Sentier,5.8,ONG locale,Oui,Non,3.0,4
1525,2023,Saison des pluies,Logone-et-Chari,Goulfey,Homme,45.0,Primaire,Marié(e),10,2,16,Sorgho,0.91,Sableux,Pluie + retenue,Mixte,0.0,0.0,16.8,710.3,37.1,549.2,499.8,230,115.0,5.0,110.0,Sentier,21.8,Aucun,Non,Non,1.0,2
1526,2021,Saison sèche,Diamaré,Gazawa,Femme,33.0,Secondaire,Marié(e),3,2,17,Coton,0.48,Limoneux,Pompe solaire,Irrigué,0.7,2.15,1.0,187.5,33.3,1948.5,935.3,253,237.0,6.0,231.0,Piste,29.0,Aucun,Non,Oui,1.0,1
1527,2022,Saison sèche,Diamaré,Maroua III,Homme,37.0,Coranique,Marié(e),8,1,21,Mil,3.04,Sableux,Pompe solaire,Irrigué,4.3,0.0,16.4,316.5,33.8,547.0,1662.9,225,374.0,6.6,,Sentier,4.2,SODECOTON,Non,Oui,1.0,4
1528,2024,Saison des pluies,Mayo-Danay,Wina,Homme,43.0,Coranique,Marié(e),10,2,15,Mil,1.77,Argileux,Pluie + retenue,Pluvial pur,0.0,0.0,24.1,957.5,32.2,727.0,1286.8,216,278.0,7.2,270.8,Sentier,11.5,FAO,Non,Non,,2
1529,2021,Saison des pluies,Diamaré,Mémé,Homme,61.0,Aucun,Marié(e),8,4,29,Maïs,,Limoneux,Pompe solaire,Pluvial pur,61.8,0.0,24.9,763.2,33.4,2108.0,4553.3,181,824.0,32.2,791.8,Route bitumée,3.6,Aucun,Oui,Oui,6.0,2
1530,2023,Saison sèche,Mayo-Danay,Wina,Femme,65.0,Coranique,Marié(e),3,3,22,Maïs,1.8,Sableux,Pluie seule,Pluvial pur,55.7,1.56,9.7,212.6,34.5,870.6,1567.1,153,240.0,29.1,210.9,Route bitumée,19.8,Aucun,Non,Non,6.0,5
1531,2022,Saison des pluies,Logone-et-Chari,Blangoua,Femme,200.0,Secondaire,Marié(e),4,3,14,Coton,3.52,Argileux,Irrigation gravitaire,Irrigué,0.0,4.47,4.5,719.0,37.5,1559.1,5488.0,271,1487.0,12.5,1474.5,Piste,3.4,Aucun,Oui,Oui,6.0,4
1532,2021,Saison des pluies,Mayo-Kani,Touloum,Homme,50.0,Universitaire,Marié(e),9,3,8,Maïs,1.77,Argileux,Pluie seule,Pluvial pur,54.7,0.0,28.0,625.7,34.1,2424.7,4291.7,206,884.0,30.3,853.7,Voie navigable,5.5,SODECOTON,Non,Non,2.0,1
1533,2023,Saison sèche,Mayo-Kani,Mindif,Homme,41.0,Aucun,Célibataire,6,3,0,Maïs,0.83,Argileux,Pluie seule,Pluvial pur,15.4,0.0,17.9,309.9,35.8,1895.4,1573.2,163,256.0,11.5,244.5,Sentier,11.2,SODECOTON,Non,Oui,2.0,3
1534,2021,Saison des pluies,Diamaré,Maroua I,Homme,38.0,Aucun,Marié(e),7,3,0,Sorgho,,Argilo-sableux,Marigot,Pluvial pur,146.1,3.08,6.4,678.2,34.1,608.6,353.0,208,73.0,68.1,4.9,Sentier,3.8,IRAD,Oui,Oui,1.0,4
1535,2021,Saison sèche,Mayo-Danay,Kalfou,Homme,53.0,Primaire,Marié(e),5,1,25,Maïs,1.02,Sableux,Irrigation gravitaire,Pluvial pur,86.9,0.8,16.1,348.8,33.1,2314.2,2360.5,173,408.0,41.6,,Piste,7.8,FAO,Non,Non,2.0,5
1536,2022,Saison sèche,Mayo-Sava,Tokombéré,Homme,59.0,Aucun,Marié(e),7,4,13,Sorgho,1.78,Limoneux,Pluie + retenue,Pluvial pur,0.0,2.43,13.3,321.8,35.6,489.1,870.6,226,197.0,10.1,186.9,Sentier,10.0,ONG locale,Oui,Non,5.0,3
1537,2021,Saison sèche,Mayo-Sava,Waza,Homme,28.0,Primaire,Marié(e),5,3,12,Sésame,1.99,Limoneux,Marigot,Pluvial pur,19.7,0.0,12.3,265.5,33.9,587.8,1169.7,614,718.0,11.6,,Piste,17.2,ONG locale,Non,Oui,9.0,4
1538,2023,Saison sèche,Mayo-Danay,Yagoua,Homme,48.0,Secondaire,Marié(e),12,1,4,Sorgho,1.74,Argilo-sableux,Pluie seule,Pluvial pur,8.0,1.22,12.2,308.8,35.4,,1241.5,186,231.0,9.9,221.1,Sentier,24.2,Aucun,Non,Oui,9.0,3
1539,2024,Saison sèche,Diamaré,Bogo,Homme,51.0,Aucun,Marié(e),9,1,0,Arachide,1.97,Limoneux,Pluie seule,Mixte,9.6,3.59,15.5,534.5,31.7,816.9,1609.3,395,636.0,17.5,,Sentier,3.7,Aucun,Non,Non,6.0,3
1540,2023,Saison sèche,Mayo-Danay,Tchatibali,Homme,43.0,Primaire,Marié(e),1,1,10,Sorgho,1.01,Argilo-sableux,Pluie seule,Irrigué,51.9,0.0,17.3,421.5,33.1,609.3,615.4,213,131.0,26.0,105.0,Route bitumée,60.7,Aucun,Non,Oui,9.0,1
1541,2021,Saison sèche,Diamaré,Maroua I,Homme,54.0,Aucun,Célibataire,6,3,16,Coton,0.84,Sableux,Pluie seule,Pluvial pur,56.9,0.97,6.4,221.4,34.8,,686.0,316,217.0,27.1,189.9,Route bitumée,6.3,SODECOTON,Oui,Non,3.0,5
1542,2024,Saison sèche,Mayo-Sava,Kolofata,Homme,32.0,Aucun,Marié(e),6,3,6,Mil,0.91,Argileux,Pluie seule,Mixte,28.6,5.03,14.9,346.7,37.6,699.7,636.7,259,165.0,28.5,136.5,Sentier,7.1,WFP,Non,Non,6.0,1
1543,2024,Saison des pluies,Mayo-Danay,Kalfou,Femme,200.0,Primaire,Célibataire,7,3,22,Arachide,,Argileux,Pluie seule,Pluvial pur,0.0,1.59,25.6,1066.3,34.1,1011.6,2205.3,391,862.0,11.7,850.3,Route bitumée,6.5,SODECOTON,Non,Non,5.0,2
1544,2023,Saison sèche,Mayo-Danay,Yagoua,Femme,53.0,Aucun,Marié(e),9,5,8,Sésame,0.46,Argileux,Pluie seule,Mixte,25.0,4.86,11.3,262.7,31.2,534.7,246.0,573,141.0,25.5,115.5,Route bitumée,27.3,FAO,Oui,Oui,2.0,4
1545,2024,Saison des pluies,Mayo-Kani,Moutourwa,Femme,,Aucun,Célibataire,5,4,27,Sésame,0.78,Argileux,Pluie seule,Décrue,34.3,0.0,9.9,837.2,34.8,641.5,500.4,626,313.0,16.7,296.3,Piste,2.8,FAO,Non,Oui,8.0,4
1546,2021,Saison sèche,Mayo-Sava,Mora,Femme,38.0,Coranique,Marié(e),6,6,14,Mil,0.0,Argilo-sableux,Marigot,Pluvial pur,5.9,0.0,10.5,88.1,36.2,570.9,445.3,217,97.0,5.5,91.5,Sentier,4.1,Aucun,Non,Non,9.0,1
1547,2024,Saison sèche,Mayo-Sava,Waza,Homme,45.0,Aucun,Veuf/Veuve,6,1,15,Niébé,3.63,Sableux,Irrigation gravitaire,Pluvial pur,126.6,0.0,3.1,285.6,36.9,813.8,2954.1,392,1158.0,51.6,1106.4,Route bitumée,0.5,FAO,Non,Oui,3.0,3
1548,2023,Saison des pluies,Mayo-Kani,Kaélé,Homme,,Primaire,Marié(e),1,1,12,Arachide,1.57,Limoneux,Pluie seule,Pluvial pur,0.0,1.07,14.1,666.1,33.7,717.4,1126.3,344,387.0,6.9,380.1,Piste,65.1,Aucun,Non,Non,9.0,4
1549,2023,Saison des pluies,Mayo-Danay,Guirvidig,Homme,40.0,Aucun,Marié(e),2,2,6,Arachide,0.92,Limoneux,Pluie seule,Pluvial pur,54.9,0.0,3.4,870.8,32.9,930.0,855.6,386,330.0,23.0,307.0,Piste,22.4,FAO,Non,Non,8.0,1
1550,2023,Saison des pluies,Mayo-Kani,Kaélé,Homme,,Aucun,Marié(e),4,4,7,Maïs,0.65,Argileux,Pompe solaire,Mixte,31.2,8.06,1.0,810.4,33.0,2266.5,1473.2,175,258.0,32.9,225.1,Piste,8.3,Aucun,Oui,Non,2.0,1
1551,2021,Saison des pluies,Mayo-Kani,Guidiguis,Femme,39.0,Coranique,Célibataire,11,3,0,Niébé,2.96,Argileux,Pluie seule,Pluvial pur,0.0,0.0,5.1,770.9,34.3,615.8,1822.8,388,707.0,1.5,705.5,Piste,8.4,Aucun,Non,Non,1.0,2
1552,2022,Saison sèche,Mayo-Danay,Wina,Homme,56.0,Coranique,Marié(e),7,2,16,Sésame,0.53,Argileux,Pluie + retenue,Pluvial pur,61.3,0.0,18.6,403.4,35.2,784.1,415.6,588,244.0,30.1,213.9,Sentier,1.2,WFP,Non,Oui,4.0,3
1553,2023,Saison des pluies,Mayo-Danay,Wina,Homme,,Aucun,Marié(e),6,2,8,Sorgho,1.37,Argileux,Pluie seule,Pluvial pur,70.9,0.0,21.3,820.9,32.6,656.4,899.3,209,188.0,34.8,153.2,Piste,22.6,CARE,Non,Oui,7.0,2
1554,2023,Saison des pluies,Mayo-Kani,Mindif,Homme,19.0,Aucun,Veuf/Veuve,6,3,3,Mil,0.87,Limoneux,Pluie seule,Mixte,34.7,0.0,28.4,760.8,34.7,446.6,388.5,191,74.0,22.4,51.6,Sentier,8.0,Aucun,Non,Oui,,2
1555,2024,Saison sèche,Diamaré,Mémé,Homme,40.0,Primaire,Marié(e),10,2,3,Mil,0.51,Hardé,Pluie + retenue,Mixte,11.1,0.29,19.1,305.1,33.2,306.9,156.5,246,38.0,10.9,27.1,Voie navigable,2.9,Aucun,Oui,Non,5.0,1
1556,2023,Saison des pluies,Mayo-Sava,Kolofata,Homme,,Secondaire,Marié(e),3,3,7,Arachide,0.37,Argilo-sableux,Marigot,Pluvial pur,53.4,0.0,7.4,659.8,37.1,1217.6,450.5,346,156.0,23.6,132.4,Sentier,2.3,FAO,Oui,Non,8.0,5
1557,2024,Saison sèche,Logone-et-Chari,Blangoua,Homme,46.0,Coranique,Célibataire,5,2,18,Sorgho,0.57,Limoneux,Pluie + retenue,Irrigué,16.7,0.35,8.5,396.2,35.3,693.4,395.2,230,91.0,10.1,80.9,Sentier,15.3,WFP,Non,Non,7.0,2
1558,2023,Saison sèche,Mayo-Kani,Mindif,Homme,36.0,Secondaire,Marié(e),4,2,15,Sorgho,5.56,Limoneux,Pluie seule,Pluvial pur,17.6,1.7,9.2,359.8,33.5,944.8,5253.1,195,1024.0,14.1,1009.9,Route bitumée,26.5,Aucun,Non,Non,5.0,4
1559,2022,Saison sèche,Mayo-Danay,Tchatibali,Femme,31.0,Secondaire,Marié(e),6,2,15,Niébé,0.48,Argileux,Pluie + retenue,Pluvial pur,8.4,1.32,8.0,,31.4,1144.9,549.6,430,236.0,9.1,226.9,Voie navigable,36.1,SODECOTON,Non,Oui,5.0,5
1560,2021,Saison sèche,Mayo-Danay,Wina,Homme,58.0,Aucun,Veuf/Veuve,5,1,14,Niébé,,Sableux,Pluie seule,Pluvial pur,0.0,0.0,21.8,198.2,35.9,490.4,1378.0,393,542.0,6.5,535.5,Piste,1.9,Aucun,Oui,Non,9.0,5
1561,2024,Saison sèche,Diamaré,Mémé,Homme,33.0,Aucun,Célibataire,11,2,12,Sorgho,0.67,Sableux,Pluie seule,Décrue,17.9,2.47,11.1,353.9,34.8,468.7,314.0,234,73.0,16.7,,Sentier,1.1,Aucun,Non,Non,8.0,3
1562,2021,Sec,Logone-et-Chari,Hilé-Alifa,Femme,50.0,Primaire,Veuf/Veuve,11,2,14,Mil,3.69,Argilo-sableux,Pluie seule,Pluvial pur,27.8,2.94,12.6,581.7,35.5,418.7,1545.0,249,385.0,22.2,362.8,Route bitumée,3.3,Aucun,Non,Oui,3.0,4
1563,2024,Saison des pluies,Diamaré,Gazawa,Homme,29.0,Aucun,Marié(e),6,5,13,Coton,2.81,Limoneux,Irrigation gravitaire,Décrue,0.0,2.73,15.2,1049.6,32.8,1109.9,3118.8,262,817.0,11.4,805.6,Route bitumée,3.0,CARE,Non,Oui,1.0,5
1564,2021,Saison sèche,Mayo-Kani,Guidiguis,Homme,72.0,Primaire,Veuf/Veuve,6,1,16,Mil,0.72,Limoneux,Pluie + retenue,Irrigué,0.0,0.0,16.8,340.7,35.3,733.4,528.0,250,132.0,5.0,,Sentier,6.7,SODECOTON,Non,Non,8.0,3
1565,2022,Saison sèche,Mayo-Danay,Yagoua,Homme,46.0,Coranique,Marié(e),4,2,15,Sorgho,0.41,Argilo-sableux,Pluie + retenue,Pluvial pur,91.6,0.34,4.9,375.3,30.9,872.5,357.7,174,62.0,39.0,23.0,Sentier,12.4,FAO,Non,Non,3.0,5
1566,2022,Saison sèche,Mayo-Danay,Guirvidig,Femme,27.0,Primaire,Célibataire,7,4,11,Niébé,0.58,Limoneux,Pluie seule,Pluvial pur,73.1,0.38,24.5,256.1,33.2,943.2,547.1,442,242.0,37.5,204.5,Voie navigable,0.7,Aucun,Oui,Non,3.0,1
1567,2023,Saison des pluies,Mayo-Kani,Touloum,Homme,38.0,Primaire,Célibataire,2,1,9,Sorgho,,Sableux,Marigot,Pluvial pur,62.1,5.17,14.9,831.4,36.4,782.0,1071.3,249,267.0,42.2,224.8,Sentier,5.2,Aucun,Non,Non,,5
1568,2023,Saison des pluies,Mayo-Kani,Guidiguis,Homme,22.0,Coranique,Célibataire,4,1,6,Arachide,0.93,Sableux,Pluie seule,Pluvial pur,0.0,3.08,12.9,916.0,34.7,711.0,661.2,395,261.0,11.6,249.4,Piste,14.3,CARE,Oui,Oui,1.0,5
1569,2024,Saison des pluies,Mayo-Danay,Guirvidig,Homme,63.0,Aucun,Marié(e),1,1,3,Arachide,1.56,Argilo-sableux,Irrigation gravitaire,Pluvial pur,0.0,1.98,9.0,1049.1,32.5,799.7,1247.5,340,424.0,7.7,416.3,Piste,11.6,Aucun,Non,Non,7.0,4
1570,2024,Saison sèche,Logone-et-Chari,Blangoua,Homme,38.0,Aucun,Marié(e),7,3,9,Sorgho,2.82,Limoneux,Pluie seule,Mixte,62.8,0.0,27.7,299.1,38.3,632.0,1782.2,244,435.0,33.4,401.6,Voie navigable,2.4,WFP,Non,Oui,4.0,1
1571,2024,Saison sèche,Mayo-Kani,Touloum,Femme,26.0,Aucun,Marié(e),12,2,10,Mil,1.17,Limoneux,Pluie seule,Pluvial pur,0.0,0.0,11.4,237.4,34.0,,473.3,242,115.0,3.4,111.6,Route bitumée,17.9,SODECOTON,Non,Oui,8.0,4
1572,2023,Saison sèche,Mayo-Danay,Guirvidig,Homme,41.0,Aucun,Marié(e),1,1,3,Sorgho,0.46,Hardé,Pompe solaire,Mixte,0.0,4.24,8.1,442.4,30.6,,229.6,178,41.0,13.0,28.0,Route bitumée,21.7,ONG locale,Oui,Non,6.0,3
1573,2024,Saison sèche,Logone-et-Chari,Makary,Homme,50.0,Aucun,Célibataire,6,1,14,Sorgho,3.46,Sableux,Pluie + retenue,Pluvial pur,11.9,3.12,3.5,362.4,37.0,466.1,1612.7,172,277.0,13.6,263.4,Route bitumée,2.4,FAO,Non,Oui,,2
1574,2023,Saison sèche,Logone-et-Chari,Kousseri,Homme,,Aucun,Marié(e),8,1,29,Sorgho,,Argileux,Pluie + retenue,Mixte,0.0,1.15,23.5,252.7,36.0,707.5,905.6,228,206.0,9.9,196.1,Route bitumée,32.5,Aucun,Non,Non,7.0,5
1575,2021,Saison des pluies,Logone-et-Chari,Makary,Homme,48.0,Aucun,Marié(e),4,4,7,Coton,2.21,Sableux,Pluie seule,Pluvial pur,4.6,1.43,22.4,674.9,35.3,748.6,1654.4,326,539.0,12.1,526.9,Piste,0.7,FAO,Non,Oui,6.0,5
1576,2022,Saison sèche,Logone-et-Chari,Blangoua,Homme,,Aucun,Marié(e),2,2,12,Mil,0.45,Sableux,Pluie seule,Mixte,19.5,0.0,19.4,316.7,35.6,421.7,189.8,261,50.0,13.6,36.4,Piste,0.9,SODECOTON,Non,Oui,9.0,4
1577,2024,Saison sèche,Diamaré,Mémé,Femme,57.0,Secondaire,Marié(e),3,3,22,Arachide,1.16,Hardé,Pluie seule,Irrigué,17.9,4.53,16.2,386.1,36.7,509.1,590.6,381,225.0,23.3,201.7,Sentier,8.2,ONG locale,Non,Non,7.0,3
1578,2023,Saison sèche,Diamaré,Gazawa,Homme,29.0,Coranique,Marié(e),1,1,6,Mil,1.95,Argileux,Pluie seule,Pluvial pur,49.1,0.0,19.8,,33.6,565.4,1102.5,257,283.0,25.6,257.4,Voie navigable,18.2,Aucun,Non,Non,9.0,5
1579,2021,Saison des pluies,Logone-et-Chari,Kousseri,Femme,18.0,Aucun,Marié(e),12,3,2,Sésame,0.48,Argilo-sableux,Pluie + retenue,Pluvial pur,23.5,2.05,29.8,614.9,36.3,434.6,208.6,646,135.0,23.5,111.5,Piste,1.5,Aucun,Oui,Oui,3.0,3
1580,2023,Saison des pluies,Mayo-Sava,Kolofata,Homme,,Secondaire,Marié(e),3,3,6,Sorgho,1.1,Argileux,Pluie seule,Décrue,0.0,5.48,5.6,689.6,38.0,842.8,927.1,211,196.0,15.4,180.6,Sentier,17.6,IRAD,Non,Oui,2.0,1
1581,2021,Saison sèche,Mayo-Sava,Mora,Femme,27.0,Primaire,Célibataire,6,1,11,Maïs,1.64,Argileux,Pluie seule,Irrigué,10.0,2.14,18.9,215.9,36.8,1291.2,2117.6,188,398.0,15.0,,Piste,20.8,Aucun,Non,Oui,7.0,2
1582,2022,Saison des pluies,Logone-et-Chari,Makary,Homme,50.0,Aucun,Marié(e),3,1,22,Mil,2.75,Limoneux,Pluie + retenue,Pluvial pur,58.2,10.1,21.8,674.0,36.8,736.1,2024.3,248,502.0,55.1,446.9,Sentier,24.2,FAO,Non,Non,3.0,5
1583,2023,Saison sèche,Logone-et-Chari,Makary,Femme,53.0,Aucun,Marié(e),10,3,3,Mil,0.38,Limoneux,Pluie seule,Mixte,,0.0,24.2,224.4,37.2,586.5,222.9,268,60.0,16.1,43.9,Sentier,17.0,Aucun,Oui,Non,6.0,5
1584,2021,Saison sèche,Logone-et-Chari,Makary,Homme,,Coranique,Marié(e),8,3,11,Niébé,4.73,Limoneux,Pluie + retenue,Irrigué,21.6,0.33,5.0,243.9,34.7,,4412.6,425,1875.0,11.0,1864.0,Sentier,2.1,CARE,Non,Non,,3
1585,2024,Saison des pluies,Mayo-Danay,Yagoua,Femme,23.0,Primaire,Marié(e),10,2,7,Sorgho,1.79,Argileux,Pluie seule,Irrigué,0.0,0.0,8.9,975.0,31.0,559.7,1001.9,243,243.0,2.7,240.3,Sentier,12.3,Aucun,Non,Non,4.0,2
1586,2022,Saison des pluies,Mayo-Kani,Mindif,Femme,52.0,Coranique,Veuf/Veuve,7,1,14,Maïs,0.33,Sableux,Pluie seule,Mixte,12.4,0.0,18.9,934.3,34.1,1225.0,404.2,172,70.0,10.6,59.4,Route bitumée,0.9,Aucun,Oui,Non,7.0,3
1587,2024,Saison sèche,Logone-et-Chari,Kousseri,Homme,32.0,Aucun,Marié(e),1,1,7,Sorgho,2.34,Argilo-sableux,Pluie seule,Mixte,3.2,2.73,21.9,324.8,36.5,514.2,1203.2,208,250.0,14.7,235.3,Piste,2.9,ONG locale,Non,Oui,7.0,1
1588,2021,Saison sèche,Mayo-Danay,Yagoua,Homme,50.0,Coranique,Célibataire,8,3,14,Niébé,0.63,Sableux,Pompe solaire,Irrigué,41.0,1.45,29.1,302.1,31.4,844.3,531.9,401,213.0,28.8,184.2,Piste,2.6,CARE,Non,Oui,9.0,2
1589,2021,Saison sèche,Diamaré,Gazawa,Femme,50.0,Secondaire,Marié(e),3,1,5,Mil,,Argileux,Marigot,Irrigué,56.1,0.0,19.6,401.8,35.5,844.1,1890.8,209,395.0,28.3,366.7,Sentier,2.2,SODECOTON,Non,Non,5.0,1
1590,2023,Saison des pluies,Mayo-Sava,Méri,Homme,53.0,Primaire,Marié(e),6,5,17,Maïs,,Argileux,Marigot,Irrigué,115.4,1.36,4.2,,36.7,2001.6,9147.3,207,1893.0,50.8,1842.2,Sentier,32.3,Aucun,Non,Non,8.0,1
1591,2024,Saison sèche,Mayo-Kani,Guidiguis,Femme,46.0,Universitaire,Marié(e),5,5,15,Mil,1.83,Argileux,Pluie seule,Mixte,27.2,0.0,3.4,378.7,33.0,728.6,1333.3,268,357.0,11.9,345.1,Route bitumée,16.6,Aucun,Non,Non,7.0,3
1592,2021,Saison sèche,Mayo-Danay,Wina,Homme,46.0,Coranique,Marié(e),4,4,8,Maïs,1.03,Argileux,Pluie + retenue,Irrigué,9.0,0.06,26.3,273.5,34.7,,1759.3,174,306.0,11.6,294.4,Voie navigable,11.2,Aucun,Non,Oui,9.0,5
1593,2022,Saison sèche,Mayo-Sava,Tokombéré,Femme,,Aucun,Veuf/Veuve,7,2,3,Sorgho,2.8,Argileux,Pluie seule,Mixte,1.7,0.0,15.4,,37.8,631.0,1766.8,248,438.0,5.3,432.7,Route bitumée,6.1,IRAD,Non,Non,6.0,2
1594,2021,Saison sèche,Logone-et-Chari,Makary,Femme,61.0,Coranique,Marié(e),6,3,28,Sésame,1.19,Sableux,Pluie + retenue,Irrigué,79.6,0.0,15.1,163.3,34.8,520.4,619.3,608,377.0,36.4,340.6,Voie navigable,14.4,WFP,Non,Non,6.0,4
1595,2024,Saison des pluies,Diamaré,Mémé,Homme,43.0,Aucun,Marié(e),5,2,20,Niébé,0.58,Limoneux,Pluie seule,Décrue,28.8,11.63,18.5,1010.6,31.2,779.8,452.3,436,197.0,46.1,150.9,Piste,9.8,FAO,Non,Non,1.0,4
1596,2021,Saison sèche,Mayo-Kani,Moutourwa,Homme,54.0,Primaire,Marié(e),9,1,8,Maïs,0.56,Sableux,Irrigation gravitaire,Mixte,45.6,0.0,19.5,235.3,36.0,1582.7,886.3,181,160.0,24.1,135.9,Route bitumée,0.5,ONG locale,Non,Oui,9.0,1
1597,2022,Saison des pluies,Logone-et-Chari,Blangoua,Homme,32.0,Aucun,Marié(e),7,2,13,Sorgho,0.71,Hardé,Pluie seule,Mixte,19.6,1.25,7.9,756.2,34.4,173.5,123.2,193,24.0,13.3,10.7,Sentier,3.2,WFP,Non,Non,6.0,5
1598,2021,Saison des pluies,Mayo-Sava,Waza,Femme,30.0,Coranique,Marié(e),7,1,0,Mil,1.85,Sableux,Pluie seule,Pluvial pur,59.0,0.0,11.2,602.1,38.1,409.2,757.0,244,185.0,27.0,158.0,Piste,2.8,Aucun,Non,Oui,5.0,5
1599,2021,Saison sèche,Mayo-Kani,Touloum,Homme,58.0,Primaire,Marié(e),6,4,12,Sorgho,1.88,Argileux,Pluie seule,Mixte,42.5,1.27,10.5,,34.0,722.9,1359.1,190,258.0,23.3,234.7,Route bitumée,5.5,WFP,Non,Non,5.0,2
1600,2022,Saison sèche,Mayo-Kani,Mindif,Femme,36.0,Coranique,Marié(e),7,1,10,Sorgho,2.21,Hardé,Pluie seule,Irrigué,12.9,0.0,8.8,351.7,34.9,303.8,671.4,208,140.0,7.8,132.2,Sentier,5.2,Aucun,Non,Oui,5.0,1
1601,2021,Saison sèche,Diamaré,Gazawa,Homme,23.0,Coranique,Marié(e),6,1,7,Sorgho,0.29,Argilo-sableux,Pluie + retenue,Pluvial pur,25.6,0.0,1.0,,33.4,635.7,184.4,196,36.0,10.5,25.5,Route bitumée,1.1,WFP,Non,Oui,1.0,2
1602,2021,Saison sèche,Diamaré,Bogo,Homme,29.0,Aucun,Marié(e),9,1,13,Sorgho,0.51,Argileux,Pluie seule,Irrigué,0.0,0.0,14.4,271.2,32.5,467.0,238.2,250,60.0,4.3,55.7,Voie navigable,2.6,CARE,Non,Oui,1.0,5
1603,2023,Saison sèche,Logone-et-Chari,Makary,Homme,41.0,Coranique,Marié(e),6,3,11,Niébé,1.21,Hardé,Irrigation gravitaire,Pluvial pur,0.0,3.0,5.6,269.8,34.5,,355.6,403,143.0,9.2,133.8,Sentier,20.9,SODECOTON,Non,Oui,2.0,1
1604,2021,Pluies,Mayo-Kani,Moutourwa,Femme,,Aucun,Marié(e),6,2,3,Coton,2.47,Sableux,Pompe solaire,Irrigué,0.0,0.0,8.6,,33.6,1485.8,3669.9,329,1207.0,2.6,1204.4,Piste,9.2,Aucun,Oui,Non,,4
1605,2023,Saison des pluies,Mayo-Sava,Kolofata,Homme,46.0,Universitaire,Célibataire,4,4,22,Sorgho,3.31,Argilo-sableux,Pluie + retenue,Mixte,0.0,0.0,1.0,820.6,39.6,857.2,2837.3,229,650.0,0.3,649.7,Piste,8.7,Aucun,Oui,Non,,5
1606,2022,Saison sèche,Mayo-Danay,Tchatibali,Homme,21.0,Secondaire,Marié(e),8,2,5,Maïs,0.67,Argileux,Pluie seule,Mixte,49.4,0.0,22.3,392.0,32.1,,1272.5,197,251.0,26.5,224.5,Route bitumée,8.2,SODECOTON,Non,Non,,2
1607,2024,Saison sèche,Mayo-Sava,Méri,Femme,53.0,Primaire,Marié(e),9,1,22,Maïs,0.79,Argileux,Marigot,Décrue,0.0,0.0,9.0,,35.7,1610.1,1272.0,192,244.0,2.7,241.3,Piste,10.4,FAO,Non,Non,6.0,4
1608,2021,Saison des pluies,Diamaré,Maroua I,Homme,44.0,Universitaire,Célibataire,6,2,7,Mil,0.82,Sableux,Pluie seule,Pluvial pur,0.0,0.0,1.0,759.6,31.9,556.0,455.9,219,100.0,0.3,99.7,Sentier,0.8,IRAD,Oui,Oui,9.0,5
1609,2022,Saison sèche,Diamaré,Bogo,Homme,23.0,Secondaire,Marié(e),5,1,7,Arachide,,Sableux,Pluie seule,Pluvial pur,37.5,0.0,29.0,,36.6,898.0,2236.0,385,861.0,23.7,837.3,Piste,21.5,Aucun,Non,Oui,3.0,2
1610,2022,Saison sèche,Diamaré,Maroua III,Femme,60.0,Aucun,Marié(e),8,2,11,Niébé,1.32,Sableux,Irrigation gravitaire,Pluvial pur,0.0,3.61,15.0,352.6,35.3,780.3,1030.0,386,398.0,13.5,384.5,Route bitumée,1.0,Aucun,Non,Non,8.0,2
1611,2022,Saison des pluies,Mayo-Danay,Wina,Femme,50.0,Aucun,Marié(e),8,4,14,Mil,2.07,Hardé,Pluie seule,Mixte,39.4,0.0,3.3,1028.8,34.5,425.3,880.4,261,230.0,16.8,,Piste,1.6,Aucun,Oui,Non,7.0,4
1612,2021,Saison des pluies,Diamaré,Maroua III,Homme,32.0,Aucun,Marié(e),10,1,16,Sésame,,Argilo-sableux,Irrigation gravitaire,Pluvial pur,36.2,1.19,8.5,762.5,34.5,791.5,934.0,609,569.0,20.0,549.0,Piste,3.8,Aucun,Oui,Oui,2.0,2
1613,2022,Saison des pluies,Diamaré,Maroua III,Homme,51.0,Aucun,Marié(e),5,2,19,Maïs,1.05,Limoneux,Pompe solaire,Décrue,37.0,0.12,9.8,953.8,34.2,2363.3,2481.5,166,412.0,18.0,,Piste,10.6,FAO,Non,Non,5.0,5
1614,2023,Saison des pluies,Mayo-Sava,Kolofata,Homme,43.0,Primaire,Marié(e),3,3,15,Sorgho,1.56,Sableux,Pluie seule,Pluvial pur,76.0,2.22,12.6,688.4,37.6,763.1,1190.4,210,250.0,39.7,210.3,Route bitumée,7.4,CARE,Oui,Non,9.0,1
1615,2023,Saison des pluies,Mayo-Kani,Kaélé,Homme,,Aucun,Marié(e),8,2,5,Coton,0.41,Sableux,Pluie + retenue,Décrue,0.0,0.0,24.4,780.0,37.5,1182.3,484.7,328,159.0,7.3,,Sentier,32.3,Aucun,Non,Oui,9.0,2
1616,2023,Saison sèche,Mayo-Kani,Guidiguis,Homme,58.0,Aucun,Marié(e),8,4,16,Mil,0.82,Hardé,Pompe solaire,Irrigué,33.2,0.0,22.7,179.1,35.7,531.6,435.9,253,110.0,20.1,89.9,Voie navigable,0.5,SODECOTON,Non,Non,,3
1617,2021,Saison sèche,Diamaré,Gazawa,Homme,58.0,Aucun,Marié(e),6,6,21,Niébé,5.66,Limoneux,Pluie + retenue,Mixte,22.6,4.33,9.2,305.8,35.2,953.5,5396.8,416,2245.0,22.6,2222.4,Voie navigable,0.7,FAO,Non,Oui,6.0,2
1618,2022,Saison des pluies,Mayo-Kani,Touloum,Femme,31.0,Aucun,Marié(e),4,1,12,Mil,1.24,Hardé,Pluie seule,Pluvial pur,23.2,2.11,12.9,819.0,35.0,323.0,400.5,233,93.0,18.4,74.6,Piste,6.4,Aucun,Non,Oui,8.0,4
1619,2021,Saison sèche,Mayo-Danay,Kalfou,Femme,38.0,Secondaire,Marié(e),2,1,18,Niébé,3.14,Argileux,Pluie seule,Pluvial pur,49.8,1.95,7.3,372.4,34.1,1071.0,3362.9,443,1490.0,27.0,1463.0,Piste,1.5,Aucun,Non,Non,8.0,2
1620,2021,Saison sèche,Mayo-Sava,Kolofata,Homme,33.0,Secondaire,Marié(e),8,1,17,Mil,,Argileux,Pompe solaire,Pluvial pur,26.7,0.09,8.6,128.4,35.5,,2102.5,193,406.0,13.5,392.5,Voie navigable,3.9,FAO,Oui,Oui,1.0,1
1621,2024,Saison sèche,Logone-et-Chari,Hilé-Alifa,Homme,25.0,Primaire,Marié(e),4,4,9,Niébé,,Argileux,Marigot,Pluvial pur,0.0,0.37,16.1,314.1,35.1,963.2,1598.9,426,681.0,5.8,675.2,Voie navigable,10.1,Aucun,Non,Non,1.0,4
1622,2022,Saison sèche,Mayo-Kani,Kaélé,Homme,80.0,Coranique,Marié(e),11,2,29,Arachide,2.31,Argilo-sableux,Pluie seule,Mixte,6.3,0.6,11.2,366.5,34.0,780.7,1803.4,342,617.0,7.4,609.6,Piste,1.9,Aucun,Non,Oui,5.0,3
1623,2022,Saison sèche,Mayo-Kani,Touloum,Homme,53.0,Coranique,Marié(e),1,1,11,Sorgho,3.26,Sableux,Pluie seule,Pluvial pur,32.4,0.12,24.1,340.5,37.0,205.4,669.6,226,151.0,20.5,130.5,Piste,5.9,Aucun,Oui,Oui,2.0,5
1624,2021,Saison des pluies,Logone-et-Chari,Blangoua,Femme,44.0,Aucun,Marié(e),7,2,0,Sorgho,4.77,Hardé,Pluie seule,Pluvial pur,0.0,0.0,1.0,642.7,36.8,236.8,1129.5,227,256.0,0.3,255.7,Route bitumée,14.0,Aucun,Non,Non,2.0,5
1625,2021,Saison des pluies,Mayo-Sava,Tokombéré,Femme,43.0,Primaire,Marié(e),4,1,0,Mil,1.74,Sableux,Pluie + retenue,Mixte,27.5,5.72,15.7,601.8,38.4,508.8,885.3,269,238.0,30.0,208.0,Sentier,19.7,SODECOTON,Non,Oui,6.0,1
1626,2023,Saison sèche,Mayo-Kani,Guidiguis,Homme,41.0,Coranique,Marié(e),9,1,12,Arachide,1.24,Hardé,Irrigation gravitaire,Irrigué,39.0,0.0,14.5,315.2,36.7,827.0,1025.5,376,386.0,20.0,366.0,Piste,25.1,Aucun,Oui,Non,1.0,1
1627,2023,Saison sèche,Mayo-Kani,Guidiguis,Homme,37.0,Aucun,Marié(e),7,4,21,Sorgho,0.7,Hardé,Marigot,Mixte,0.0,8.9,5.5,372.3,34.6,,270.0,174,47.0,23.9,,Sentier,30.4,CARE,Non,Oui,,3
1628,2023,Saison sèche,Mayo-Sava,Mora,Homme,46.0,Primaire,Marié(e),9,3,18,Maïs,1.14,Argileux,Marigot,Irrigué,39.1,1.16,15.4,304.1,35.7,1692.0,1928.9,228,440.0,23.2,416.8,Route bitumée,4.8,SODECOTON,Oui,Non,1.0,3
1629,2023,Saison des pluies,Logone-et-Chari,Makary,Homme,36.0,Primaire,Marié(e),8,5,4,Niébé,4.86,Limoneux,Pluie seule,Pluvial pur,88.6,5.36,18.3,781.7,37.8,850.4,4132.9,394,1628.0,54.3,1573.7,Sentier,1.4,SODECOTON,Non,Oui,4.0,2
1630,2024,Saison des pluies,Mayo-Sava,Méri,Homme,42.0,Aucun,Marié(e),7,5,7,Sorgho,0.36,Argileux,Pompe solaire,Mixte,0.0,0.0,17.3,,39.7,683.2,246.0,175,43.0,5.2,37.8,Route bitumée,13.3,IRAD,Oui,Non,7.0,1
1631,2023,Saison sèche,Mayo-Kani,Guidiguis,Homme,,Secondaire,Marié(e),6,3,12,Mil,0.82,Limoneux,Pluie seule,Pluvial pur,0.0,0.98,22.4,,33.8,627.9,514.9,261,134.0,9.2,124.8,Piste,8.8,FAO,Non,Oui,2.0,4
1632,2021,Saison des pluies,Logone-et-Chari,Blangoua,Homme,50.0,Primaire,Marié(e),5,1,15,Niébé,0.4,Sableux,Pompe solaire,Pluvial pur,19.8,2.16,16.8,664.5,37.3,629.5,251.8,408,103.0,18.4,84.6,Voie navigable,19.4,Aucun,Oui,Non,8.0,3
1633,2022,Saison des pluies,Mayo-Kani,Mindif,Homme,31.0,Aucun,Marié(e),9,2,9,Sorgho,0.37,Argilo-sableux,Pluie seule,Mixte,46.6,0.85,22.9,917.2,35.8,454.8,168.3,197,33.0,27.6,5.4,Piste,5.4,Aucun,Non,Oui,1.0,5
1634,2024,Saison sèche,Diamaré,Bogo,Homme,47.0,Aucun,Veuf/Veuve,6,2,9,Niébé,2.6,Sableux,Marigot,Pluvial pur,0.0,1.63,1.8,341.5,35.5,551.8,1434.7,403,578.0,4.6,573.4,Route bitumée,2.9,WFP,Oui,Non,6.0,3
1635,2023,Saison des pluies,Mayo-Danay,Guirvidig,Homme,41.0,Universitaire,Veuf/Veuve,9,1,17,Maïs,12.18,Sableux,Pluie seule,Mixte,4.9,2.52,20.6,854.7,33.4,1009.0,12289.6,200,2458.0,14.4,2443.6,Piste,17.8,WFP,Oui,Non,4.0,4
1636,2024,Saison sèche,Logone-et-Chari,Goulfey,Homme,62.0,Coranique,Célibataire,7,2,0,Sésame,1.39,Limoneux,Pluie seule,Pluvial pur,15.0,4.37,16.2,138.3,34.5,458.5,637.3,621,396.0,21.8,374.2,Piste,0.9,Aucun,Oui,Non,,1
1637,2023,Saison sèche,Diamaré,Maroua III,Femme,28.0,Aucun,Marié(e),8,2,12,Niébé,,Argileux,Pompe solaire,Décrue,28.9,8.61,4.0,376.0,35.3,1182.1,3558.1,422,1502.0,34.3,1467.7,Piste,8.4,SODECOTON,Non,Oui,1.0,5
1638,2021,Saison sèche,Mayo-Sava,Tokombéré,Homme,45.0,Primaire,Marié(e),8,3,13,Arachide,1.17,Argileux,Irrigation gravitaire,Pluvial pur,0.0,4.98,12.1,191.9,37.2,1446.4,1692.3,376,636.0,16.1,619.9,Voie navigable,7.9,WFP,Non,Non,7.0,4
1639,2021,Saison sèche,Logone-et-Chari,Goulfey,Homme,37.0,Primaire,Marié(e),4,2,21,Maïs,0.87,Limoneux,Pluie seule,Pluvial pur,0.0,7.74,11.9,166.8,37.4,1697.8,1477.1,209,309.0,22.9,286.1,Voie navigable,2.5,Aucun,Non,Oui,2.0,1
1640,2022,Saison sèche,Mayo-Sava,Waza,Femme,47.0,Aucun,Marié(e),3,3,12,Sorgho,,Limoneux,Irrigation gravitaire,Pluvial pur,,0.93,14.1,309.1,34.3,876.2,937.5,238,223.0,13.3,209.7,Piste,1.2,FAO,Oui,Non,6.0,5
1641,2024,Saison des pluies,Mayo-Sava,Méri,Homme,31.0,Primaire,Marié(e),8,5,15,Coton,0.29,Limoneux,Pluie seule,Pluvial pur,3.2,1.2,11.6,780.9,35.4,1135.5,329.3,326,107.0,7.8,99.2,Piste,8.2,Aucun,Oui,Non,9.0,2
1642,2022,Saison des pluies,Mayo-Sava,Mora,Homme,51.0,Coranique,Marié(e),11,3,8,Maïs,1.2,Hardé,Pluie + retenue,Pluvial pur,22.4,0.0,9.3,714.2,39.4,1026.8,1232.2,226,278.0,11.8,266.2,Route bitumée,10.3,Aucun,Oui,Oui,1.0,1
1643,2023,Saison sèche,Mayo-Kani,Mindif,Homme,55.0,Universitaire,Célibataire,10,2,6,Sorgho,1.94,Argileux,Marigot,Pluvial pur,25.0,0.07,11.8,,33.4,987.3,1915.4,226,433.0,13.7,419.3,Sentier,5.4,SODECOTON,Oui,Non,4.0,5
1644,2022,Saison des pluies,Diamaré,Maroua I,Homme,29.0,Primaire,Marié(e),5,1,5,Maïs,2.47,Argilo-sableux,Pluie seule,Pluvial pur,1.6,3.28,17.5,945.8,34.1,1182.9,2921.8,197,576.0,14.1,561.9,Route bitumée,3.9,ONG locale,Non,Non,8.0,1
1645,2023,Saison sèche,Mayo-Sava,Méri,Femme,42.0,Coranique,Marié(e),2,2,9,Mil,0.19,Argilo-sableux,Pluie seule,Pluvial pur,0.0,0.0,12.3,218.1,36.0,515.5,97.9,202,20.0,3.7,16.3,Route bitumée,35.7,FAO,Oui,Oui,1.0,5
1646,2024,Saison sèche,Logone-et-Chari,Hilé-Alifa,Femme,37.0,Primaire,Célibataire,3,3,21,Mil,1.04,Argilo-sableux,Pluie seule,Décrue,7.9,14.05,19.4,362.5,36.5,,481.5,223,107.0,44.1,62.9,Piste,26.4,Aucun,Oui,Non,3.0,4
1647,2021,Saison des pluies,Mayo-Sava,Méri,Homme,33.0,Aucun,Célibataire,9,3,17,Arachide,0.74,Argilo-sableux,Pluie seule,Pluvial pur,59.0,2.19,9.5,592.1,37.9,890.0,658.6,392,258.0,31.9,226.1,Piste,23.1,Aucun,Non,Oui,4.0,1
1648,2022,Saison sèche,Mayo-Kani,Mindif,Homme,47.0,Primaire,Marié(e),7,4,31,Niébé,1.99,Limoneux,Pluie seule,Mixte,0.0,0.0,2.1,406.9,36.5,556.6,1107.6,397,440.0,0.6,439.4,Voie navigable,25.0,CARE,Non,Oui,2.0,1
1649,2024,Saison des pluies,Mayo-Danay,Wina,Homme,25.0,Secondaire,Marié(e),6,3,9,Niébé,3.09,Argileux,Pluie seule,Décrue,0.0,0.0,24.2,1019.3,32.1,848.4,2621.6,443,1161.0,7.3,1153.7,Voie navigable,13.3,Aucun,Non,Non,6.0,1
1650,2021,Saison sèche,Logone-et-Chari,Hilé-Alifa,Femme,,Aucun,Marié(e),3,1,0,Niébé,0.99,Argileux,Pompe solaire,Mixte,7.1,0.0,26.9,222.9,33.7,1059.9,1049.3,430,451.0,10.9,440.1,Route bitumée,3.7,Aucun,Non,Non,7.0,3
1651,2024,Saison sèche,Mayo-Danay,Tchatibali,Homme,48.0,Aucun,Marié(e),13,3,14,Niébé,3.07,Limoneux,Pluie + retenue,Pluvial pur,0.0,4.39,14.8,313.1,31.1,732.2,2247.9,379,852.0,15.4,836.6,Route bitumée,3.3,Aucun,Non,Non,6.0,3
1652,2022,Saison des pluies,Mayo-Sava,Tokombéré,Homme,24.0,Secondaire,Marié(e),2,2,8,Coton,1.29,Limoneux,Irrigation gravitaire,Pluvial pur,0.0,1.5,6.2,,33.6,1700.7,2193.9,263,577.0,5.6,571.4,Piste,27.9,Aucun,Non,Oui,8.0,4
1653,2021,Saison sèche,Mayo-Sava,Waza,Homme,42.0,Primaire,Marié(e),7,4,16,Sorgho,0.47,Argileux,Pluie seule,Irrigué,43.2,5.68,7.2,,36.9,801.0,376.5,222,84.0,33.6,50.4,Sentier,3.6,FAO,Non,Oui,1.0,3
1654,2023,Saison sèche,Mayo-Kani,Touloum,Homme,50.0,Primaire,Célibataire,12,1,29,Mil,0.99,Argileux,Pluie + retenue,Pluvial pur,10.9,5.77,7.7,311.4,32.7,786.2,778.3,205,160.0,21.1,138.9,Piste,12.3,Aucun,Non,Non,5.0,4
1655,2021,Saison des pluies,Mayo-Kani,Guidiguis,Homme,44.0,Aucun,Célibataire,2,1,15,Mil,1.21,Sableux,Pluie + retenue,Pluvial pur,0.0,8.09,4.8,743.6,33.9,277.8,336.1,243,82.0,21.7,60.3,Sentier,7.3,FAO,Non,Oui,4.0,2
1656,2022,Saison des pluies,Diamaré,Maroua II,Homme,18.0,Secondaire,Veuf/Veuve,2,2,2,Mil,2.52,Argileux,Pluie seule,Mixte,32.4,1.05,14.8,986.9,32.2,,1581.8,197,312.0,20.0,292.0,Sentier,16.1,ONG locale,Non,Non,4.0,4
1657,2022,Saison sèche,Logone-et-Chari,Kousseri,Homme,46.0,Primaire,Célibataire,6,3,16,Sésame,1.1,Limoneux,Irrigation gravitaire,Pluvial pur,2.1,0.28,1.0,365.9,36.3,788.7,867.6,650,564.0,1.8,562.2,Sentier,0.7,Aucun,Non,Non,7.0,3
1658,2023,Saison sèche,Diamaré,Maroua III,Homme,45.0,Primaire,Marié(e),5,5,26,Sorgho,1.17,Argileux,Pluie + retenue,Mixte,138.1,0.0,28.6,383.9,34.3,1241.9,1453.0,171,248.0,63.8,184.2,Route bitumée,5.8,FAO,Non,Non,4.0,3
1659,2021,Saison sèche,Mayo-Sava,Tokombéré,Homme,45.0,Aucun,Marié(e),5,2,17,Niébé,4.23,Limoneux,Marigot,Pluvial pur,0.0,0.0,21.4,232.8,38.1,615.2,2602.3,409,1064.0,6.4,1057.6,Piste,32.1,Aucun,Oui,Non,4.0,2
1660,2021,Saison des pluies,Mayo-Kani,Moutourwa,Homme,27.0,Aucun,Marié(e),13,2,11,Niébé,2.51,Limoneux,Irrigation gravitaire,Pluvial pur,11.8,0.0,4.8,,35.4,1094.8,2747.9,385,1058.0,6.2,1051.8,Route bitumée,0.5,SODECOTON,Oui,Non,9.0,1
1661,2022,Saison des pluies,Mayo-Kani,Kaélé,Homme,51.0,Primaire,Marié(e),3,3,2,Niébé,1.05,Limoneux,Irrigation gravitaire,Pluvial pur,0.0,0.88,17.2,921.6,34.9,1149.2,1206.7,450,543.0,7.4,535.6,Route bitumée,13.4,IRAD,Oui,Oui,4.0,4
1662,2024,Saison sèche,Mayo-Kani,Mindif,Femme,26.0,Secondaire,Marié(e),5,5,8,Niébé,1.93,Sableux,Pluie seule,Mixte,,5.72,9.1,414.9,36.8,494.6,954.6,433,413.0,25.2,387.8,Piste,2.1,Aucun,Non,Non,5.0,3
1663,2023,Saison sèche,Mayo-Sava,Mora,Femme,52.0,Aucun,Veuf/Veuve,6,1,9,Mil,,Argilo-sableux,Pompe solaire,Irrigué,,1.8,20.3,369.1,36.9,806.0,926.9,220,204.0,30.1,173.9,Route bitumée,6.2,SODECOTON,Non,Oui,8.0,1
1664,2024,Saison sèche,Mayo-Kani,Kaélé,Homme,,Primaire,Célibataire,10,3,10,Niébé,1.65,Argileux,Marigot,Pluvial pur,0.0,0.67,14.7,335.6,33.6,,1451.2,444,644.0,6.1,637.9,Sentier,1.7,FAO,Non,Non,5.0,1
1665,2023,Saison des pluies,Mayo-Danay,Wina,Femme,44.0,Coranique,Marié(e),5,2,18,Coton,,Limoneux,Pluie seule,Pluvial pur,70.1,0.63,9.5,961.5,36.5,1443.4,1226.9,287,352.0,32.5,319.5,Piste,15.6,WFP,Oui,Non,3.0,5
1666,2023,Saison sèche,Diamaré,Mémé,Femme,38.0,Aucun,Marié(e),1,1,10,Sorgho,1.07,Argileux,Pompe solaire,Mixte,0.0,0.0,19.0,529.5,35.2,828.3,886.3,193,171.0,5.7,165.3,Voie navigable,7.0,SODECOTON,Non,Non,9.0,1
1667,2023,Saison des pluies,Mayo-Danay,Guirvidig,Homme,45.0,Secondaire,Marié(e),4,4,12,Sésame,1.58,Sableux,Pompe solaire,Décrue,0.0,0.22,11.4,953.6,31.0,752.8,1189.4,614,730.0,4.0,726.0,Voie navigable,20.5,Aucun,Non,Oui,5.0,2
1668,2024,Saison sèche,Mayo-Danay,Guirvidig,Femme,51.0,Aucun,Marié(e),7,2,3,Mil,2.86,Argileux,Pluie seule,Mixte,18.1,0.0,14.8,412.8,31.8,588.3,1682.5,199,335.0,11.7,323.3,Piste,0.5,CARE,Non,Oui,4.0,1
1669,2022,Saison sèche,Diamaré,Bogo,Homme,50.0,Aucun,Marié(e),3,3,15,Mil,0.96,Argileux,Pluie seule,Pluvial pur,28.9,3.45,16.5,343.2,34.7,616.6,591.9,249,147.0,25.1,121.9,Route bitumée,5.1,IRAD,Non,Oui,,4
1670,2024,Saison sèche,Logone-et-Chari,Makary,Homme,21.0,Primaire,Marié(e),11,1,4,Arachide,1.12,Sableux,Pluie seule,Décrue,21.6,14.15,16.1,265.0,36.2,758.5,849.5,379,322.0,48.8,273.2,Piste,16.4,Aucun,Non,Oui,2.0,3
1671,2022,Saison des pluies,Mayo-Sava,Méri,Homme,46.0,Secondaire,Marié(e),9,2,10,Niébé,4.83,Argileux,Pluie seule,Pluvial pur,0.3,0.47,12.2,751.7,34.9,997.5,4817.9,414,1995.0,5.0,1990.0,Piste,1.1,Aucun,Oui,Non,7.0,2
1672,2023,Saison des pluies,Mayo-Kani,Moutourwa,Homme,32.0,Primaire,Marié(e),8,3,13,Niébé,0.98,Argileux,Pluie seule,Irrigué,42.2,8.11,15.0,879.9,35.9,1094.2,1072.3,417,447.0,41.7,405.3,Piste,4.8,CARE,Oui,Oui,7.0,4
1673,2024,Saison sèche,Diamaré,Bogo,Homme,,Primaire,Veuf/Veuve,7,2,16,Niébé,0.62,Limoneux,Pluie seule,Mixte,21.9,4.43,10.9,395.2,33.1,827.9,513.3,376,193.0,23.1,169.9,Voie navigable,25.3,Aucun,Oui,Oui,6.0,1
1674,2022,Saison sèche,Mayo-Danay,Guirvidig,Femme,38.0,Primaire,Célibataire,8,2,0,Sorgho,3.12,Argilo-sableux,Marigot,Décrue,8.3,2.39,18.5,406.3,33.7,616.6,1923.8,171,329.0,14.8,314.2,Piste,35.1,Aucun,Oui,Non,5.0,2
1675,2023,Saison des pluies,Mayo-Kani,Guidiguis,Homme,41.0,Aucun,Marié(e),7,1,5,Niébé,1.76,Argilo-sableux,Pluie + retenue,Pluvial pur,47.4,0.0,22.0,790.5,34.6,,1174.1,430,505.0,25.6,479.4,Voie navigable,1.1,FAO,Non,Non,6.0,5
1676,2024,Saison des pluies,Diamaré,Mémé,Homme,43.0,Aucun,Marié(e),4,1,18,Maïs,0.78,Limoneux,Pompe solaire,Mixte,0.0,4.58,25.4,986.8,37.9,2433.6,1898.2,210,399.0,19.1,379.9,Piste,4.3,Aucun,Oui,Oui,3.0,5
1677,2022,Saison sèche,Mayo-Sava,Mora,Homme,29.0,Coranique,Marié(e),1,1,9,Sorgho,2.22,Sableux,Pluie seule,Décrue,47.6,0.57,11.2,249.6,39.6,546.4,1213.0,210,255.0,23.8,231.2,Sentier,3.9,IRAD,Non,Non,7.0,3
1678,2023,Saison des pluies,Mayo-Kani,Kaélé,Homme,43.0,Aucun,Marié(e),4,4,21,Arachide,1.07,Hardé,Pluie seule,Pluvial pur,20.6,2.63,21.7,806.7,37.5,445.5,476.7,387,184.0,21.3,162.7,Route bitumée,14.7,ONG locale,Non,Non,6.0,5
1679,2023,Saison sèche,Mayo-Sava,Waza,Homme,45.0,Primaire,Marié(e),7,1,29,Sésame,1.25,Sableux,Irrigation gravitaire,Mixte,0.0,2.08,4.0,254.7,36.4,406.6,508.2,620,315.0,6.4,308.6,Sentier,0.5,Aucun,Non,Non,5.0,5
1680,2023,Saison sèche,Mayo-Danay,Wina,Femme,48.0,Secondaire,Marié(e),9,4,9,Mil,0.74,Argilo-sableux,Pluie seule,Mixte,78.9,0.28,13.1,394.0,35.3,696.3,515.3,262,135.0,36.2,98.8,Route bitumée,5.6,Aucun,Non,Oui,8.0,1
1681,2023,Saison des pluies,Mayo-Danay,Guirvidig,Homme,43.0,Coranique,Marié(e),5,2,17,Sorgho,,Argilo-sableux,Pluie + retenue,Mixte,57.2,0.58,14.5,1016.6,32.2,669.8,1098.5,231,254.0,28.7,225.3,Route bitumée,40.3,Aucun,Oui,Non,3.0,3
1682,2021,Saison sèche,Mayo-Danay,Yagoua,Femme,43.0,Primaire,Marié(e),4,4,27,Mil,1.38,Argileux,Irrigation gravitaire,Mixte,63.5,6.39,7.9,373.5,35.5,903.6,1247.0,246,307.0,43.7,263.3,Sentier,2.4,CARE,Oui,Oui,2.0,3
1683,2022,Saison sèche,Mayo-Kani,Guidiguis,Homme,26.0,Secondaire,Marié(e),10,2,9,Arachide,1.31,Argileux,Pluie + retenue,Pluvial pur,38.3,0.0,8.7,394.8,35.0,1150.7,1507.4,338,510.0,17.9,492.1,Sentier,4.6,Aucun,Oui,Non,2.0,4
1684,2024,Saison des pluies,Diamaré,Maroua I,Homme,,Aucun,Veuf/Veuve,7,4,0,Sorgho,0.9,Sableux,Pluie + retenue,Pluvial pur,29.1,1.37,2.2,1091.3,31.1,495.2,445.7,170,76.0,15.7,60.3,Sentier,6.4,ONG locale,Non,Oui,7.0,3
1685,2021,Saison sèche,Logone-et-Chari,Hilé-Alifa,Homme,55.0,Primaire,Marié(e),5,3,4,Mil,1.12,Argileux,Marigot,Pluvial pur,0.0,6.41,25.2,199.4,36.7,562.1,629.6,239,150.0,23.6,126.4,Piste,6.1,Aucun,Oui,Non,3.0,3
1686,2023,Saison sèche,Logone-et-Chari,Makary,Femme,49.0,Primaire,Célibataire,5,3,11,Mil,1.33,Sableux,Pompe solaire,Pluvial pur,8.5,2.26,22.6,356.1,36.9,596.3,793.1,239,190.0,15.8,174.2,Piste,8.6,CARE,Non,Oui,9.0,4
1687,2022,Saison sèche,Logone-et-Chari,Kousseri,Homme,30.0,Coranique,Marié(e),9,1,0,Mil,0.43,Hardé,Pluie + retenue,Pluvial pur,93.7,1.35,12.0,,34.7,585.7,251.9,226,57.0,44.5,12.5,Piste,17.6,WFP,Oui,Non,6.0,1
1688,2023,Saison des pluies,Mayo-Danay,Yagoua,Homme,45.0,Aucun,Marié(e),7,4,2,Coton,1.76,Hardé,Pompe solaire,Décrue,0.0,3.7,14.9,893.9,33.8,866.5,1525.0,328,500.0,13.7,486.3,Sentier,3.0,Aucun,Non,Oui,5.0,2
1689,2022,Saison sèche,Logone-et-Chari,Kousseri,Femme,43.0,Coranique,Marié(e),5,3,4,Mil,0.59,Sableux,Irrigation gravitaire,Pluvial pur,78.2,0.34,25.1,322.2,37.2,657.5,387.9,220,85.0,39.7,45.3,Sentier,52.3,SODECOTON,Oui,Non,3.0,4
1690,2023,Saison des pluies,Logone-et-Chari,Blangoua,Homme,53.0,Primaire,Marié(e),1,1,18,Mil,4.33,Limoneux,Pluie + retenue,Mixte,9.2,6.47,19.1,739.2,36.8,,2605.4,248,646.0,25.6,620.4,Piste,1.4,SODECOTON,Oui,Non,3.0,5
1691,2022,Saison des pluies,Mayo-Kani,Mindif,Femme,35.0,Aucun,Marié(e),5,4,10,Niébé,1.94,Sableux,Pluie + retenue,Pluvial pur,,0.0,23.1,887.5,37.1,540.2,1048.0,412,432.0,74.0,358.0,Piste,30.2,SODECOTON,Non,Non,4.0,3
1692,2023,Saison sèche,Mayo-Danay,Guirvidig,Homme,35.0,Primaire,Veuf/Veuve,7,4,19,Sorgho,3.11,Argileux,Marigot,Mixte,,0.04,22.2,396.9,32.7,701.3,2181.0,171,373.0,29.7,343.3,Route bitumée,11.1,Aucun,Non,Non,4.0,4
1693,2023,Saison des pluies,Mayo-Danay,Wina,Homme,52.0,Secondaire,Marié(e),6,3,16,Mil,1.64,Limoneux,Marigot,Pluvial pur,60.8,0.0,22.8,845.1,33.2,796.8,1306.8,237,310.0,31.2,278.8,Piste,9.3,Aucun,Non,Non,8.0,3
1694,2021,Saison des pluies,Mayo-Kani,Kaélé,Femme,32.0,Aucun,Marié(e),4,2,5,Sorgho,1.13,Sableux,Irrigation gravitaire,Pluvial pur,7.4,0.0,18.1,767.6,35.4,511.9,578.4,184,106.0,8.4,97.6,Piste,7.7,Aucun,Non,Oui,,4
1695,2022,Saison des pluies,Diamaré,Gazawa,Homme,37.0,Aucun,Marié(e),7,4,19,Mil,1.46,Sableux,Marigot,Irrigué,114.6,6.94,21.3,1005.5,34.6,553.0,807.4,208,168.0,69.6,98.4,Piste,18.8,WFP,Non,Non,4.0,3
1696,2022,Saison des pluies,Logone-et-Chari,Blangoua,Homme,61.0,Primaire,Veuf/Veuve,5,2,15,Niébé,0.28,Argileux,Marigot,Pluvial pur,20.5,0.0,13.3,849.3,38.4,765.7,214.4,428,92.0,12.2,79.8,Piste,12.5,Aucun,Non,Non,6.0,5
1697,2021,Saison sèche,Mayo-Danay,Kalfou,Homme,59.0,Aucun,Marié(e),10,2,29,Sorgho,0.72,Sableux,Pluie seule,Mixte,34.5,3.52,13.6,282.4,33.1,,250.0,202,50.0,26.7,23.3,Piste,10.3,SODECOTON,Non,Non,5.0,4
1698,2024,Saison des pluies,Mayo-Danay,Tchatibali,Homme,,Coranique,Célibataire,10,2,30,Arachide,1.01,Limoneux,Pluie seule,Pluvial pur,13.9,0.0,11.7,1027.8,31.0,969.7,979.4,332,325.0,9.1,315.9,Piste,14.1,Aucun,Non,Non,,1
1699,2022,Saison sèche,Logone-et-Chari,Kousseri,Femme,35.0,Universitaire,Marié(e),5,3,19,Arachide,0.58,Sableux,Pluie seule,Mixte,93.8,0.0,25.8,213.7,34.0,758.8,440.1,350,154.0,45.3,108.7,Piste,0.9,Aucun,Non,Non,,1
1700,2023,Saison sèche,Mayo-Kani,Mindif,Homme,67.0,Coranique,Marié(e),6,4,22,Niébé,7.36,Argileux,Pompe solaire,Pluvial pur,36.0,0.0,4.1,276.8,35.8,,8225.5,412,3389.0,15.6,3373.4,Piste,12.4,Aucun,Non,Oui,2.0,4
1701,2024,Saison sèche,Mayo-Danay,Tchatibali,Homme,62.0,Universitaire,Marié(e),8,4,18,Arachide,0.62,Argileux,Pluie seule,Pluvial pur,0.0,5.25,8.4,484.0,33.6,1184.6,734.5,343,252.0,15.6,,Route bitumée,15.3,FAO,Non,Non,2.0,1
1702,2021,Saison des pluies,Mayo-Sava,Méri,Femme,38.0,Aucun,Marié(e),6,2,14,Mil,3.03,Limoneux,Pluie seule,Pluvial pur,47.6,0.0,16.4,571.7,32.8,641.1,1942.5,244,474.0,24.0,450.0,Sentier,8.4,Aucun,Oui,Non,4.0,3
1703,2024,Saison sèche,Mayo-Danay,Tchatibali,Homme,34.0,Secondaire,Célibataire,5,2,18,Mil,3.02,Argileux,Marigot,Mixte,9.6,0.0,7.5,345.7,32.0,655.6,1979.9,240,475.0,6.1,468.9,Piste,4.8,SODECOTON,Oui,Non,6.0,2
1704,2024,Saison des pluies,Diamaré,Maroua II,Homme,44.0,Aucun,Veuf/Veuve,7,4,6,Arachide,0.29,Argileux,Marigot,Mixte,4.3,0.0,16.4,884.8,34.3,885.0,256.6,358,92.0,6.6,85.4,Sentier,26.7,FAO,Non,Oui,3.0,1
1705,2022,Saison des pluies,Logone-et-Chari,Goulfey,Femme,45.0,Aucun,Marié(e),1,1,13,Mil,,Argileux,Pluie seule,Irrigué,32.9,3.15,17.7,886.4,35.8,641.6,1886.3,205,387.0,26.3,360.7,Sentier,28.8,ONG locale,Non,Non,4.0,4
1706,2021,Saison des pluies,Mayo-Kani,Moutourwa,Homme,57.0,Aucun,Marié(e),6,1,20,Coton,1.36,Limoneux,Pluie seule,Pluvial pur,13.7,2.01,9.5,716.8,33.9,1341.1,1823.9,314,573.0,13.4,559.6,Piste,2.5,Aucun,Oui,Oui,7.0,2
1707,2021,Saison sèche,Mayo-Sava,Méri,Femme,40.0,Aucun,Marié(e),10,3,16,Niébé,0.62,Argileux,Pluie + retenue,Mixte,0.0,0.0,10.2,281.0,36.4,776.4,481.4,389,187.0,3.1,183.9,Piste,0.6,WFP,Oui,Non,3.0,4
1708,2022,Saison des pluies,Logone-et-Chari,Kousseri,Femme,29.0,Secondaire,Célibataire,12,3,13,Mil,0.62,Argileux,Pluie + retenue,Pluvial pur,0.0,0.0,12.7,766.3,34.9,710.5,440.5,234,103.0,3.8,99.2,Piste,23.4,WFP,Oui,Non,9.0,5
1709,2024,Saison des pluies,Mayo-Kani,Guidiguis,Homme,43.0,Primaire,Célibataire,4,1,18,Sésame,3.6,Hardé,Pompe solaire,Mixte,17.3,0.0,16.8,953.4,33.0,358.4,1290.2,602,777.0,12.0,,Piste,10.1,FAO,Oui,Non,2.0,5
1710,2022,Saison des pluies,Mayo-Sava,Tokombéré,Homme,32.0,Aucun,Marié(e),4,4,16,Mil,0.43,Argilo-sableux,Pluie seule,Pluvial pur,17.8,0.0,20.6,810.4,37.0,680.7,292.7,263,77.0,13.3,63.7,Piste,27.5,Aucun,Oui,Oui,,5
1711,2023,Saison sèche,Mayo-Sava,Méri,Homme,30.0,Aucun,Célibataire,5,5,14,Mil,1.24,Argilo-sableux,Marigot,Pluvial pur,43.2,0.0,21.6,,35.6,567.5,703.7,267,188.0,23.8,164.2,Voie navigable,9.8,FAO,Oui,Oui,3.0,5
1712,2021,Saison sèche,Logone-et-Chari,Goulfey,Homme,30.0,Coranique,Marié(e),13,1,14,Maïs,0.21,Hardé,Pluie seule,Irrigué,67.8,0.0,9.7,230.0,36.4,836.8,175.7,178,31.0,30.0,1.0,Piste,24.6,CARE,Oui,Non,7.0,1
1713,2024,Saison sèche,Mayo-Danay,Kalfou,Homme,21.0,Primaire,Marié(e),12,3,2,Maïs,0.52,Argileux,Irrigation gravitaire,Mixte,12.2,0.0,14.3,361.3,33.7,2010.9,1045.7,230,241.0,9.2,231.8,Voie navigable,0.9,ONG locale,Non,Non,6.0,2
1714,2024,Saison des pluies,Mayo-Sava,Kolofata,Homme,,Aucun,Marié(e),12,4,14,Sorgho,1.09,Argilo-sableux,Pluie seule,Pluvial pur,11.8,1.32,7.5,769.7,35.3,576.0,627.8,226,142.0,10.3,131.7,Piste,3.0,Aucun,Non,Non,4.0,5
1715,2021,Saison sèche,Mayo-Danay,Tchatibali,Homme,49.0,Secondaire,Marié(e),9,5,12,Niébé,0.83,Argilo-sableux,Pompe solaire,Mixte,102.0,0.0,11.8,338.2,34.4,1472.4,1222.1,394,482.0,44.3,437.7,Piste,16.5,SODECOTON,Non,Non,4.0,1
1716,2022,Saison sèche,Mayo-Kani,Kaélé,Homme,35.0,Aucun,Marié(e),4,1,13,Sorgho,1.27,Limoneux,Irrigation gravitaire,Mixte,0.0,7.61,1.0,334.5,34.7,826.2,1049.3,230,241.0,19.3,221.7,Route bitumée,2.8,Aucun,Non,Non,9.0,2
1717,2021,Saison sèche,Diamaré,Mémé,Homme,42.0,Coranique,Marié(e),9,2,17,Mil,,Argileux,Pluie + retenue,Irrigué,39.1,0.0,12.5,,30.6,738.2,612.7,200,123.0,19.4,103.6,Route bitumée,12.5,CARE,Non,Non,8.0,4
1718,2022,Saison sèche,Mayo-Kani,Moutourwa,Homme,32.0,Primaire,Marié(e),12,4,16,Mil,1.17,Argileux,Pluie seule,Mixte,4.1,1.61,9.6,221.9,34.7,561.5,657.0,194,127.0,8.5,118.5,Route bitumée,2.2,Aucun,Non,Non,9.0,2
1719,2023,Saison sèche,Mayo-Kani,Mindif,Homme,41.0,Aucun,Marié(e),1,1,14,Sorgho,0.9,Argileux,Irrigation gravitaire,Mixte,60.4,2.03,5.9,238.3,36.2,846.0,761.4,247,188.0,31.0,157.0,Piste,7.7,CARE,Non,Non,3.0,1
1720,2021,Saison sèche,Mayo-Danay,Wina,Femme,32.0,Secondaire,Marié(e),5,2,9,Mil,1.21,Hardé,Marigot,Irrigué,5.0,0.0,22.7,336.2,34.1,326.7,395.3,199,79.0,8.8,70.2,Route bitumée,9.5,Aucun,Non,Non,8.0,3
1721,2023,Saison sèche,Diamaré,Gazawa,Femme,36.0,Aucun,Célibataire,10,1,6,Coton,,Limoneux,Pluie seule,Mixte,74.7,1.79,14.8,426.1,36.3,1503.9,7760.1,272,2111.0,38.8,2072.2,Piste,25.8,Aucun,Oui,Oui,4.0,5
1722,2023,Saison des pluies,Logone-et-Chari,Blangoua,Homme,35.0,Primaire,Veuf/Veuve,7,2,19,Arachide,0.77,Hardé,Irrigation gravitaire,Pluvial pur,25.0,0.0,10.1,686.2,36.0,670.0,515.9,368,190.0,13.0,177.0,Piste,5.5,SODECOTON,Non,Non,8.0,5
1723,2022,Saison des pluies,Mayo-Sava,Kolofata,Homme,50.0,Aucun,Marié(e),3,1,14,Mil,3.76,Hardé,Pluie seule,Irrigué,31.7,0.0,2.8,710.4,37.5,380.0,1428.8,227,324.0,13.5,,Piste,9.4,ONG locale,Non,Oui,1.0,2
1724,2022,Saison sèche,Mayo-Kani,Mindif,Femme,34.0,Aucun,Marié(e),4,1,17,Sorgho,1.99,Argileux,Pluie seule,Mixte,78.5,0.68,6.4,294.2,36.0,725.5,1443.7,218,315.0,35.0,280.0,Piste,16.1,CARE,Oui,Oui,6.0,4
1725,2023,Saison sèche,Logone-et-Chari,Kousseri,Homme,51.0,Coranique,Marié(e),10,1,16,Mil,1.13,Limoneux,Pluie seule,Pluvial pur,40.1,0.89,26.6,189.9,36.4,573.1,647.6,254,164.0,26.2,137.8,Route bitumée,12.7,Aucun,Non,Oui,9.0,5
1726,2021,Saison des pluies,Diamaré,Maroua III,Homme,30.0,Secondaire,Marié(e),2,2,14,Mil,0.65,Limoneux,Irrigation gravitaire,Pluvial pur,13.7,0.0,25.4,693.3,34.9,1060.1,689.1,195,134.0,13.1,120.9,Piste,2.0,Aucun,Non,Non,7.0,1
1727,2023,Saison sèche,Logone-et-Chari,Makary,Homme,49.0,Coranique,Marié(e),4,2,10,Sorgho,0.58,Argilo-sableux,Pluie seule,Pluvial pur,37.8,5.13,9.3,250.3,35.6,586.1,339.9,213,72.0,30.7,41.3,Route bitumée,8.0,Aucun,Non,Non,9.0,2
1728,2023,Saison des pluies,Logone-et-Chari,Kousseri,Homme,30.0,Secondaire,Célibataire,5,4,0,Maïs,1.03,Hardé,Pluie seule,Pluvial pur,122.8,3.57,21.5,720.8,38.8,1121.4,1155.0,169,195.0,64.5,130.5,Piste,1.8,Aucun,Oui,Non,3.0,5
1729,2024,Saison sèche,Mayo-Danay,Wina,Homme,41.0,Secondaire,Marié(e),4,4,13,Mil,0.29,Argilo-sableux,Pluie seule,Irrigué,0.0,1.09,6.1,397.5,33.4,553.2,160.4,260,42.0,4.6,37.4,Voie navigable,13.8,Aucun,Non,Non,7.0,3
1730,2022,Saison des pluies,Mayo-Sava,Mora,Femme,54.0,Primaire,Marié(e),5,2,16,Mil,1.04,Sableux,Irrigation gravitaire,Mixte,3.1,0.0,5.8,677.7,34.3,571.1,593.9,209,124.0,3.0,,Piste,5.5,SODECOTON,Non,Non,,5
1731,2024,Saison des pluies,Mayo-Sava,Waza,Femme,33.0,Coranique,Célibataire,8,5,17,Sorgho,1.06,Argilo-sableux,Pompe solaire,Pluvial pur,39.4,0.06,30.7,,38.4,978.3,1037.0,225,233.0,25.1,207.9,Route bitumée,4.3,Aucun,Non,Oui,5.0,3
1732,2021,Saison des pluies,Logone-et-Chari,Hilé-Alifa,Femme,29.0,Secondaire,Célibataire,2,2,13,Maïs,2.11,Argilo-sableux,Pluie seule,Irrigué,68.7,0.0,31.0,,34.4,1491.4,3146.9,165,519.0,36.8,482.2,Piste,2.4,Aucun,Non,Non,8.0,1
1733,2024,Saison des pluies,Logone-et-Chari,Kousseri,Homme,72.0,Aucun,Marié(e),6,3,6,Mil,,Argilo-sableux,Pluie + retenue,Pluvial pur,53.0,1.99,15.3,857.9,35.2,694.0,1089.6,266,290.0,30.8,259.2,Piste,5.6,Aucun,Oui,Non,5.0,2
1734,2021,Saison des pluies,Diamaré,Maroua III,Homme,40.0,Aucun,Marié(e),7,3,22,Niébé,0.87,Sableux,Pompe solaire,Mixte,25.7,11.73,19.4,905.4,34.5,773.4,672.9,385,259.0,45.4,213.6,Piste,9.0,Aucun,Non,Oui,7.0,3
1735,2024,Saison sèche,Mayo-Danay,Tchatibali,Homme,31.0,Coranique,Marié(e),6,3,15,Maïs,0.99,Sableux,Irrigation gravitaire,Mixte,18.5,0.04,24.1,397.9,34.6,1367.1,1353.4,212,287.0,14.7,272.3,Piste,31.3,Aucun,Non,Oui,,4
1736,2021,Saison des pluies,Mayo-Sava,Waza,Homme,53.0,Coranique,Célibataire,3,3,25,Niébé,0.89,Sableux,Pluie + retenue,Pluvial pur,25.6,4.08,3.9,545.9,37.0,552.6,491.8,374,184.0,21.6,162.4,Sentier,2.4,CARE,Non,Non,2.0,4
1737,2023,Saison des pluies,Mayo-Kani,Mindif,Homme,49.0,Coranique,Marié(e),10,3,19,Sorgho,2.04,Sableux,Pluie seule,Pluvial pur,7.0,3.54,24.9,736.4,34.8,323.6,660.1,208,137.0,19.1,117.9,Sentier,1.4,SODECOTON,Non,Oui,5.0,5
1738,2024,Saison des pluies,Mayo-Danay,Guirvidig,Homme,41.0,Aucun,Marié(e),5,4,8,Sésame,0.95,Argileux,Pluie seule,Pluvial pur,,0.0,12.9,1093.5,35.4,556.0,528.2,613,324.0,3.9,320.1,Sentier,8.8,CARE,Non,Non,3.0,2
1739,2023,Saison des pluies,Diamaré,Bogo,Femme,32.0,Aucun,Célibataire,9,4,8,Mil,3.97,Argileux,Pluie seule,Irrigué,47.4,6.95,12.5,902.4,32.8,606.3,2407.0,236,568.0,40.1,527.9,Piste,30.1,Aucun,Non,Non,3.0,4
1740,2022,Saison sèche,Mayo-Danay,Wina,Homme,44.0,Secondaire,Marié(e),7,1,13,Sorgho,0.19,Sableux,Pluie seule,Pluvial pur,37.8,4.03,10.0,321.0,34.7,727.3,138.2,219,30.0,28.2,1.8,Piste,58.6,Aucun,Oui,Non,7.0,5
1741,2023,Saison sèche,Diamaré,Maroua III,Femme,24.0,Secondaire,Marié(e),6,2,8,Maïs,0.77,Argileux,Pluie seule,Mixte,67.4,1.55,12.7,288.2,34.4,2630.1,2025.2,206,417.0,34.6,382.4,Route bitumée,17.5,Aucun,Oui,Non,3.0,3
1742,2024,Saison sèche,Mayo-Sava,Mora,Homme,50.0,Primaire,Marié(e),9,2,11,Sorgho,0.3,Argileux,Pluie seule,Pluvial pur,22.2,0.58,23.1,227.2,37.3,779.7,233.9,188,44.0,17.3,26.7,Piste,8.3,Aucun,Oui,Non,4.0,4
1743,2022,Saison des pluies,Mayo-Kani,Moutourwa,Homme,65.0,Coranique,Marié(e),5,3,4,Arachide,0.74,Limoneux,Pluie + retenue,Mixte,19.7,0.0,7.5,969.9,34.3,879.3,650.7,332,216.0,10.1,205.9,Sentier,16.1,Aucun,Non,Oui,6.0,5
1744,2024,Saison sèche,Mayo-Kani,Guidiguis,Femme,33.0,Aucun,Marié(e),5,2,17,Arachide,1.4,Hardé,Pluie seule,Pluvial pur,44.3,1.85,24.6,284.2,35.6,503.4,704.8,376,265.0,29.7,235.3,Route bitumée,9.8,CARE,Oui,Non,6.0,4
1745,2024,Saison sèche,Mayo-Sava,Tokombéré,Femme,46.0,Aucun,Célibataire,7,2,23,Arachide,,Sableux,Pluie seule,Pluvial pur,35.2,13.33,15.5,271.6,36.8,706.4,1109.0,384,426.0,52.1,373.9,Route bitumée,8.2,SODECOTON,Non,Non,8.0,3
1746,2022,Saison des pluies,Logone-et-Chari,Goulfey,Femme,,Primaire,Marié(e),7,2,17,Maïs,0.44,Sableux,Pluie + retenue,Décrue,74.9,0.0,5.3,,34.8,,581.2,168,98.0,31.6,66.4,Piste,10.4,WFP,Non,Oui,3.0,3
1747,2024,Saison des pluies,Mayo-Kani,Moutourwa,Homme,34.0,Aucun,Marié(e),7,3,15,Niébé,,Argileux,Irrigation gravitaire,Mixte,76.8,0.0,5.4,1007.4,33.4,1085.5,1758.5,427,751.0,32.3,718.7,Piste,6.3,Aucun,Non,Non,2.0,1
1748,2023,Saison sèche,Mayo-Danay,Wina,Homme,22.0,Coranique,Marié(e),4,4,6,Arachide,0.98,Hardé,Irrigation gravitaire,Mixte,56.5,3.28,16.4,271.5,33.7,969.3,949.9,374,355.0,35.7,319.3,Route bitumée,12.3,SODECOTON,Non,Oui,3.0,3
1749,2023,Saison sèche,Diamaré,Maroua II,Homme,34.0,Primaire,Marié(e),1,1,16,Mil,1.53,Limoneux,Irrigation gravitaire,Irrigué,61.4,2.54,23.8,282.0,34.9,887.8,1358.3,230,312.0,38.1,273.9,Sentier,20.7,CARE,Oui,Oui,,3
1750,2024,Saison sèche,Mayo-Kani,Touloum,Femme,,Aucun,Marié(e),2,2,21,Maïs,3.36,Hardé,Pluie seule,Irrigué,5.5,4.72,17.5,213.1,36.3,451.9,1518.4,193,293.0,19.2,273.8,Piste,58.4,WFP,Non,Non,1.0,4
1751,2022,Saison sèche,Mayo-Sava,Kolofata,Femme,54.0,Primaire,Marié(e),7,1,11,Niébé,0.73,Sableux,Marigot,Mixte,14.8,1.73,12.5,351.0,33.3,482.9,352.5,401,141.0,14.0,127.0,Sentier,36.9,Aucun,Non,Non,4.0,5
1752,2022,Saison sèche,Diamaré,Bogo,Femme,35.0,Coranique,Célibataire,8,4,14,Niébé,0.52,Argilo-sableux,Pluie + retenue,Décrue,0.0,0.0,19.5,354.1,35.6,881.7,458.5,401,184.0,5.8,178.2,Sentier,4.6,FAO,Non,Oui,4.0,4
1753,2024,Saison sèche,Mayo-Sava,Tokombéré,Femme,55.0,Coranique,Marié(e),6,3,7,Sorgho,2.06,Argilo-sableux,Pluie seule,Irrigué,65.6,5.99,21.5,185.3,37.3,824.5,1698.5,184,313.0,47.7,,Piste,17.7,Aucun,Non,Oui,3.0,5
1754,2023,Saison sèche,Diamaré,Maroua II,Homme,48.0,Coranique,Veuf/Veuve,5,4,19,Maïs,0.71,Argileux,Pluie seule,Décrue,95.5,0.02,11.5,330.5,34.1,2204.9,1565.5,222,348.0,41.7,306.3,Route bitumée,1.4,Aucun,Non,Non,2.0,4
1755,2024,Saison des pluies,Diamaré,Bogo,Homme,,Primaire,Marié(e),3,2,16,Sorgho,1.96,Argileux,Pluie + retenue,Décrue,20.8,8.29,14.7,939.8,32.9,624.0,1223.0,188,230.0,33.5,196.5,Piste,34.1,Aucun,Non,Oui,1.0,3
1756,2024,Saison sèche,Diamaré,Gazawa,Homme,31.0,Coranique,Marié(e),2,2,15,Niébé,0.94,Sableux,Pluie + retenue,Mixte,101.5,2.15,16.4,379.2,32.4,842.3,791.8,431,341.0,50.9,,Piste,1.6,CARE,Non,Oui,6.0,2
1757,2024,Saison sèche,Mayo-Kani,Kaélé,Homme,33.0,Aucun,Marié(e),7,3,5,Maïs,1.48,Argileux,Irrigation gravitaire,Irrigué,0.0,0.0,20.8,345.5,32.1,2032.1,3007.5,169,508.0,6.2,501.8,Piste,1.7,CARE,Non,Non,1.0,5
1758,2022,Saison des pluies,Diamaré,Maroua II,Femme,48.0,Secondaire,Marié(e),7,2,16,Maïs,0.54,Limoneux,Pluie + retenue,Pluvial pur,0.0,0.15,17.2,947.2,37.0,1792.9,968.2,150,145.0,5.5,139.5,Route bitumée,3.8,CARE,Non,Non,6.0,1
1759,2024,Saison des pluies,Mayo-Kani,Touloum,Homme,25.0,Aucun,Marié(e),2,1,9,Coton,0.89,Argileux,Pompe solaire,Pluvial pur,,0.0,9.2,953.6,38.1,1454.2,1294.2,254,329.0,7.5,321.5,Piste,45.6,SODECOTON,Non,Oui,8.0,4
1760,2023,Saison des pluies,Diamaré,Maroua II,Homme,30.0,Coranique,Célibataire,13,4,14,Arachide,0.7,Limoneux,Pluie seule,Irrigué,,2.41,23.6,843.5,34.0,780.1,546.1,370,202.0,13.1,188.9,Route bitumée,16.3,Aucun,Non,Non,5.0,3
1761,2021,Saison sèche,Mayo-Danay,Tchatibali,Homme,46.0,Coranique,Marié(e),7,3,3,Mil,0.99,Argilo-sableux,Pluie seule,Irrigué,7.2,0.0,30.6,290.5,32.3,,463.2,262,121.0,12.1,108.9,Piste,26.3,CARE,Non,Non,2.0,3
1762,2024,Saison sèche,Mayo-Danay,Tchatibali,Homme,56.0,Secondaire,Marié(e),10,6,18,Mil,1.17,Limoneux,Pluie seule,Mixte,0.3,3.65,10.7,408.1,33.9,579.5,678.0,194,132.0,12.5,119.5,Sentier,4.0,Aucun,Non,Oui,9.0,3
1763,2021,Saison sèche,Logone-et-Chari,Makary,Homme,38.0,Secondaire,Veuf/Veuve,7,1,14,Sorgho,2.46,Argileux,Pompe solaire,Pluvial pur,0.0,0.0,13.3,244.9,37.6,884.5,2175.9,188,409.0,4.0,405.0,Piste,3.9,Aucun,Non,Non,3.0,4
1764,2021,Saison sèche,Mayo-Kani,Moutourwa,Homme,57.0,Aucun,Marié(e),10,4,6,Maïs,0.48,Argilo-sableux,Pluie seule,Pluvial pur,16.5,2.05,18.9,321.8,35.5,1039.9,499.2,167,83.0,17.4,65.6,Piste,39.0,WFP,Non,Non,9.0,2
1765,2021,Saison des pluies,Mayo-Kani,Mindif,Homme,50.0,Primaire,Veuf/Veuve,7,5,10,Coton,0.61,Argileux,Pompe solaire,Pluvial pur,37.2,0.21,5.1,813.8,33.4,,1189.0,297,353.0,16.9,336.1,Piste,2.9,Aucun,Non,Oui,3.0,1
1766,2021,Saison sèche,Diamaré,Maroua I,Homme,65.0,Coranique,Marié(e),5,1,12,Niébé,1.08,Sableux,Pluie + retenue,Décrue,16.2,1.59,19.4,306.2,27.6,422.7,456.5,371,169.0,16.3,152.7,Sentier,16.9,CARE,Oui,Non,,3
1767,2022,Saison des pluies,Mayo-Sava,Kolofata,Femme,53.0,Primaire,Marié(e),8,3,5,Sorgho,0.31,Hardé,Pluie + retenue,Pluvial pur,60.5,0.0,30.1,783.0,36.8,550.5,170.7,208,36.0,33.2,2.8,Route bitumée,6.6,SODECOTON,Non,Oui,5.0,5
1768,2021,saison_pluies,Diamaré,Gazawa,Homme,30.0,Aucun,Marié(e),7,4,5,Sésame,1.14,Hardé,Pluie seule,Décrue,3.0,6.12,9.5,419.7,33.4,166.7,190.0,610,116.0,19.4,96.6,Route bitumée,7.6,ONG locale,Oui,Non,3.0,1
1769,2023,Saison des pluies,Diamaré,Maroua II,Homme,61.0,Universitaire,Célibataire,9,3,18,Niébé,1.29,Argileux,Irrigation gravitaire,Mixte,2.8,0.0,20.9,873.7,35.1,,1443.4,426,615.0,7.4,607.6,Piste,27.1,WFP,Non,Non,2.0,4
1770,2022,Saison des pluies,Mayo-Danay,Guirvidig,Homme,43.0,Primaire,Marié(e),10,2,14,Maïs,1.97,Sableux,Irrigation gravitaire,Mixte,0.0,0.0,23.6,1009.9,34.4,1160.3,2285.8,164,375.0,7.1,367.9,Route bitumée,42.1,Aucun,Non,Non,5.0,4
1771,2021,Saison des pluies,Mayo-Sava,Tokombéré,Homme,46.0,Aucun,Marié(e),7,2,17,Mil,1.32,Limoneux,Irrigation gravitaire,Décrue,13.8,0.0,3.2,527.8,34.6,747.3,986.4,213,210.0,6.5,203.5,Piste,25.4,ONG locale,Oui,Non,1.0,5
1772,2024,Saison des pluies,Mayo-Kani,Guidiguis,Homme,41.0,Secondaire,Marié(e),4,1,9,Sorgho,,Sableux,Pompe solaire,Décrue,0.0,3.04,21.3,992.3,33.9,637.6,981.9,233,229.0,14.0,215.0,Route bitumée,30.5,CARE,Non,Non,5.0,1
1773,2023,Saison sèche,Mayo-Danay,Kalfou,Homme,36.0,Primaire,Marié(e),3,1,20,Mil,0.6,Limoneux,Pluie seule,Pluvial pur,3.6,0.0,19.1,226.4,32.2,674.2,404.5,254,103.0,7.2,95.8,Voie navigable,21.1,IRAD,Non,Non,8.0,3
1774,2022,Saison des pluies,Mayo-Sava,Mora,Femme,37.0,Aucun,Marié(e),5,3,13,Niébé,1.29,Argileux,Pluie seule,Pluvial pur,0.0,0.24,13.3,758.6,37.7,800.0,1032.0,434,448.0,4.6,443.4,Piste,24.2,Aucun,Oui,Oui,9.0,2
1775,2023,Saison sèche,Mayo-Danay,Wina,Homme,58.0,Primaire,Marié(e),8,3,28,Sorgho,4.68,Sableux,Pluie + retenue,Mixte,0.0,0.77,14.0,274.6,32.6,345.0,1614.6,196,316.0,6.1,,Piste,3.1,Aucun,Non,Non,6.0,3
1776,2021,Saison des pluies,Mayo-Danay,Tchatibali,Femme,38.0,Aucun,Marié(e),7,7,17,Sésame,0.98,Limoneux,Pompe solaire,Mixte,37.7,0.0,7.1,827.7,31.4,813.9,797.6,643,513.0,17.2,495.8,Route bitumée,2.2,Aucun,Non,Non,1.0,2
1777,2021,Saison des pluies,Mayo-Danay,Tchatibali,Homme,46.0,Primaire,Marié(e),6,5,15,Mil,1.49,Argileux,Pluie seule,Mixte,113.4,2.34,12.9,793.3,34.1,978.4,1457.8,256,373.0,55.1,317.9,Piste,21.9,Aucun,Non,Non,7.0,3
1778,2021,Saison des pluies,Diamaré,Bogo,Femme,52.0,Primaire,Célibataire,5,2,8,Sorgho,0.9,Hardé,Pluie seule,Pluvial pur,8.7,0.0,24.7,764.0,31.1,463.1,416.8,183,76.0,10.9,65.1,Piste,21.0,ONG locale,Non,Oui,6.0,5
1779,2023,Saison sèche,Logone-et-Chari,Hilé-Alifa,Homme,39.0,Secondaire,Célibataire,3,2,1,Niébé,1.55,Argileux,Pluie seule,Mixte,0.0,0.0,15.1,272.5,36.0,942.5,1460.9,397,580.0,4.5,575.5,Sentier,9.7,Aucun,Oui,Non,6.0,1
1780,2021,Saison des pluies,Diamaré,Mémé,Homme,24.0,Aucun,Marié(e),5,2,8,Sorgho,1.18,Limoneux,Pluie seule,Mixte,52.4,5.3,23.0,784.1,34.9,759.7,896.4,206,185.0,41.1,143.9,Piste,12.0,Aucun,Non,Non,8.0,2
1781,2022,Saison des pluies,Mayo-Danay,Wina,Homme,,Aucun,Marié(e),4,1,15,Sorgho,2.58,Limoneux,Pluie seule,Pluvial pur,0.0,0.0,13.2,945.2,33.3,552.9,1426.5,234,334.0,4.0,330.0,Voie navigable,7.6,Aucun,Oui,Non,9.0,1
1782,2021,Saison sèche,Mayo-Kani,Kaélé,Homme,49.0,Universitaire,Marié(e),9,1,15,Maïs,1.33,Limoneux,Pluie seule,Pluvial pur,55.7,0.66,26.7,274.4,38.9,1779.9,2367.3,195,462.0,31.9,430.1,Sentier,13.0,Aucun,Non,Oui,9.0,1
1783,2022,Saison des pluies,Mayo-Sava,Tokombéré,Femme,52.0,Aucun,Marié(e),7,4,16,Mil,1.3,Argilo-sableux,Pluie + retenue,Pluvial pur,15.7,1.0,6.6,870.4,36.3,540.7,702.9,228,160.0,10.8,149.2,Sentier,24.2,FAO,Non,Oui,8.0,1
1784,2021,Saison sèche,Mayo-Kani,Guidiguis,Homme,,Primaire,Marié(e),1,1,21,Sorgho,0.99,Limoneux,Pluie + retenue,Irrigué,,1.08,26.9,119.9,35.2,569.5,563.8,181,102.0,13.3,88.7,Piste,11.1,CARE,Non,Oui,8.0,2
1785,2022,Saison des pluies,Logone-et-Chari,Hilé-Alifa,Femme,46.0,Coranique,Veuf/Veuve,5,1,0,Coton,1.08,Limoneux,Pluie + retenue,Mixte,0.0,1.81,12.9,845.6,34.4,1371.8,1481.5,284,421.0,8.4,412.6,Piste,5.7,Aucun,Oui,Oui,,3
1786,2023,Saison sèche,Mayo-Danay,Tchatibali,Homme,33.0,Aucun,Marié(e),8,3,17,Arachide,3.08,Argileux,Pluie + retenue,Mixte,33.0,2.82,6.5,352.2,34.3,1246.6,3839.5,398,1528.0,22.2,1505.8,Voie navigable,0.9,Aucun,Oui,Non,8.0,5
1787,2022,Saison sèche,Mayo-Kani,Guidiguis,Homme,57.0,Primaire,Marié(e),9,2,10,Arachide,1.01,Limoneux,Pompe solaire,Pluvial pur,0.0,0.0,10.0,344.2,35.7,1322.5,1335.7,380,508.0,3.0,505.0,Piste,27.5,Aucun,Non,Non,3.0,2
1788,2022,Saison des pluies,Diamaré,Maroua I,Homme,,Primaire,Marié(e),6,2,3,Sésame,1.34,Argileux,Pluie seule,Pluvial pur,0.0,0.0,9.6,928.4,30.4,,505.6,606,306.0,2.9,303.1,Sentier,23.6,SODECOTON,Oui,Non,4.0,3
1789,2023,Saison sèche,Mayo-Sava,Kolofata,Homme,32.0,Aucun,Marié(e),11,2,16,Maïs,0.4,Argileux,Pluie seule,Pluvial pur,57.3,1.61,12.1,224.0,38.7,1685.4,674.2,203,137.0,30.6,106.4,Voie navigable,12.2,Aucun,Non,Oui,3.0,3
1790,2024,Saison des pluies,Mayo-Danay,Kalfou,Femme,42.0,Coranique,Veuf/Veuve,6,3,26,Sorgho,0.54,Sableux,Marigot,Irrigué,38.5,0.0,21.2,1029.1,32.6,612.1,330.5,219,72.0,21.8,,Piste,14.3,Aucun,Oui,Non,4.0,4
1791,2023,Saison des pluies,Mayo-Sava,Méri,Homme,58.0,Universitaire,Veuf/Veuve,3,3,4,Sorgho,1.0,Hardé,Irrigation gravitaire,Mixte,0.0,0.0,17.6,614.8,36.7,590.7,590.7,216,128.0,5.3,122.7,Voie navigable,5.2,Aucun,Oui,Oui,,5
1792,2024,Saison des pluies,Mayo-Kani,Touloum,Femme,,Primaire,Marié(e),7,3,16,Mil,0.4,Argilo-sableux,Irrigation gravitaire,Irrigué,12.8,1.6,14.4,852.9,34.9,756.1,302.4,243,73.0,13.4,59.6,Piste,20.6,CARE,Oui,Non,6.0,3
1793,2024,Saison sèche,Logone-et-Chari,Goulfey,Homme,51.0,Coranique,Célibataire,11,4,12,Arachide,1.15,Hardé,Marigot,Décrue,46.2,2.75,12.6,259.2,35.9,621.7,715.0,376,269.0,29.1,239.9,Sentier,1.2,Aucun,Non,Oui,1.0,2
1794,2021,Saison des pluies,Logone-et-Chari,Blangoua,Homme,30.0,Universitaire,Marié(e),7,2,14,Maïs,0.59,Argilo-sableux,Pluie seule,Pluvial pur,29.9,1.4,18.4,642.6,37.8,,863.1,194,167.0,21.0,,Route bitumée,1.6,SODECOTON,Non,Non,4.0,2
1795,2024,Saison sèche,Diamaré,Mémé,Homme,31.0,Aucun,Marié(e),6,1,15,Mil,1.67,Hardé,Marigot,Mixte,1.1,5.09,26.7,391.5,33.1,331.8,554.1,212,117.0,21.2,95.8,Route bitumée,14.2,Aucun,Non,Oui,4.0,2
1796,2022,Saison des pluies,Mayo-Sava,Kolofata,Femme,58.0,Aucun,Marié(e),7,2,3,Maïs,1.5,Argileux,Pluie seule,Pluvial pur,0.0,0.0,17.1,741.1,37.6,1820.7,2731.1,163,445.0,5.1,439.9,Piste,42.8,IRAD,Oui,Non,2.0,4
1797,2021,Saison des pluies,Mayo-Sava,Waza,Femme,,Secondaire,Marié(e),5,1,9,Sorgho,1.31,Argileux,Pluie seule,Irrigué,0.0,0.0,23.6,610.7,38.2,618.0,809.6,193,156.0,7.1,148.9,Piste,13.5,ONG locale,Oui,Non,9.0,1
1798,2021,Saison sèche,Mayo-Sava,Mora,Homme,38.0,Secondaire,Marié(e),7,1,22,Mil,,Sableux,Pluie + retenue,Mixte,1.6,0.39,23.9,157.6,36.3,453.8,603.6,225,136.0,8.8,127.2,Sentier,12.6,Aucun,Non,Oui,6.0,3
1799,2024,Saison des pluies,Mayo-Danay,Guirvidig,Homme,38.0,Aucun,Marié(e),6,2,4,Arachide,0.36,Argileux,Pluie + retenue,Mixte,13.4,2.77,21.6,,31.2,930.0,334.8,366,123.0,18.8,104.2,Route bitumée,5.2,Aucun,Oui,Oui,5.0,4
1800,2022,Saison des pluies,Mayo-Kani,Touloum,Homme,37.0,Aucun,Marié(e),13,6,16,Arachide,0.71,Argilo-sableux,Pluie seule,Pluvial pur,,0.0,11.9,848.5,36.9,,529.2,388,205.0,3.6,201.4,Sentier,7.2,Aucun,Oui,Non,6.0,2
1801,2023,saison sèche,Logone-et-Chari,Makary,Femme,,Aucun,Marié(e),3,2,8,Arachide,0.71,Argileux,Pluie + retenue,Mixte,17.0,0.12,18.5,250.4,35.0,1194.1,847.8,364,309.0,12.7,296.3,Piste,9.2,Aucun,Oui,Oui,,3
1802,2024,Saison sèche,Mayo-Sava,Tokombéré,Femme,22.0,Primaire,Marié(e),7,2,6,Sorgho,1.86,Limoneux,Pluie + retenue,Pluvial pur,,0.0,26.6,,34.8,957.3,1780.6,237,422.0,14.2,407.8,Piste,3.8,CARE,Non,Non,4.0,2
1803,2022,Saison des pluies,Diamaré,Maroua II,Homme,39.0,Aucun,Marié(e),7,4,20,Mil,1.41,Hardé,Pluie seule,Mixte,0.1,4.18,19.8,908.7,35.9,78.4,110.5,203,22.0,16.4,5.6,Route bitumée,9.9,Aucun,Oui,Non,4.0,5
1804,2023,Saison sèche,Mayo-Sava,Tokombéré,Homme,24.0,Aucun,Veuf/Veuve,5,2,8,Sésame,1.87,Argileux,Pluie seule,Décrue,22.9,5.11,7.2,185.0,36.9,451.9,845.1,603,510.0,24.1,485.9,Sentier,17.7,ONG locale,Non,Oui,2.0,4
1805,2021,Saison sèche,Diamaré,Maroua I,Homme,60.0,Universitaire,Marié(e),6,2,8,Niébé,0.29,Argileux,Pluie seule,Mixte,57.3,0.0,19.6,202.2,37.2,1068.4,309.8,445,138.0,28.8,109.2,Route bitumée,5.5,FAO,Non,Oui,,2
1806,2022,Saison des pluies,Mayo-Sava,Tokombéré,Homme,30.0,Primaire,Célibataire,2,2,0,Mil,,Hardé,Pluie seule,Mixte,0.0,1.98,26.3,737.4,37.3,295.5,523.0,244,128.0,12.8,,Sentier,4.9,Aucun,Oui,Oui,5.0,1
1807,2024,Saison des pluies,Mayo-Kani,Kaélé,Homme,34.0,Secondaire,Marié(e),9,1,18,Sésame,0.71,Sableux,Pluie + retenue,Pluvial pur,16.2,2.94,10.3,1006.0,34.4,514.2,365.1,639,233.0,16.9,216.1,Route bitumée,4.1,SODECOTON,Non,Non,2.0,1
1808,2022,Saison sèche,Mayo-Sava,Méri,Femme,35.0,Aucun,Célibataire,5,3,6,Mil,1.08,Hardé,Pluie + retenue,Irrigué,56.3,1.88,8.5,301.4,37.2,499.3,539.2,256,138.0,29.8,108.2,Route bitumée,30.3,CARE,Non,Non,3.0,2
1809,2021,Saison sèche,Mayo-Kani,Moutourwa,Femme,39.0,Primaire,Marié(e),8,3,10,Maïs,4.48,Hardé,Pluie seule,Pluvial pur,103.5,0.0,13.2,301.8,37.3,,3890.9,210,817.0,45.4,771.6,Piste,25.2,Aucun,Oui,Oui,6.0,3
1810,2021,Saison des pluies,Mayo-Danay,Kalfou,Femme,41.0,Coranique,Marié(e),11,4,11,Maïs,2.88,Argileux,Pluie seule,Pluvial pur,20.7,3.26,10.5,788.1,31.9,1411.2,4064.3,153,622.0,19.6,602.4,Voie navigable,16.1,CARE,Oui,Oui,6.0,2
1811,2024,Saison sèche,Mayo-Sava,Tokombéré,Femme,46.0,Aucun,Célibataire,7,2,23,Arachide,,Sableux,Pluie seule,Pluvial pur,35.2,13.33,15.5,271.6,36.8,706.4,1109.0,384,426.0,52.1,373.9,Route bitumée,8.2,SODECOTON,Non,Non,8.0,3
1812,2021,Saison des pluies,Logone-et-Chari,Makary,Homme,33.0,Aucun,Marié(e),9,1,13,Maïs,1.72,Sableux,Irrigation gravitaire,Pluvial pur,57.2,0.33,21.3,573.5,35.7,1885.5,3243.1,154,499.0,30.1,468.9,Piste,3.1,Aucun,Non,Non,2.0,1
1813,2024,Saison des pluies,Mayo-Kani,Guidiguis,Homme,54.0,Primaire,Marié(e),11,3,25,Maïs,0.57,Limoneux,Irrigation gravitaire,Pluvial pur,15.4,0.37,4.0,996.7,33.0,2298.1,1309.9,165,216.0,8.3,207.7,Sentier,24.5,Aucun,Oui,Non,2.0,2
1814,2023,Saison des pluies,Mayo-Kani,Guidiguis,Femme,55.0,Aucun,Célibataire,6,4,20,Mil,3.26,Argilo-sableux,Irrigation gravitaire,Pluvial pur,26.7,4.61,16.7,880.1,34.8,543.5,1771.8,260,461.0,27.2,433.8,Voie navigable,16.8,SODECOTON,Oui,Non,8.0,5
1815,2022,Saison des pluies,Mayo-Sava,Kolofata,Homme,29.0,Secondaire,Célibataire,4,1,13,Arachide,0.65,Sableux,Pluie seule,Pluvial pur,2.1,1.75,6.7,652.9,35.1,,458.4,337,154.0,7.2,146.8,Piste,19.6,SODECOTON,Oui,Oui,2.0,1
1816,2021,Saison des pluies,Diamaré,Mémé,Homme,61.0,Aucun,Marié(e),10,3,8,Sorgho,0.4,Sableux,Pluie seule,Pluvial pur,5.3,0.28,8.7,809.1,34.4,388.8,155.5,203,32.0,5.4,26.6,Piste,3.4,Aucun,Non,Oui,9.0,3
1817,2022,Saison sèche,Mayo-Danay,Wina,Homme,52.0,Secondaire,Marié(e),10,5,6,Mil,1.63,Argileux,Pluie + retenue,Décrue,10.3,0.0,14.2,351.4,31.8,696.4,1135.1,203,230.0,8.4,221.6,Route bitumée,5.2,SODECOTON,Non,Non,,5
1818,2021,Saison des pluies,Mayo-Kani,Mindif,Homme,31.0,Aucun,Célibataire,8,3,15,Arachide,2.0,Argileux,Pluie seule,Mixte,7.4,2.01,21.5,818.8,36.1,997.9,1995.8,361,720.0,14.4,705.6,Route bitumée,3.7,CARE,Oui,Non,4.0,3
1819,2021,Saison sèche,Mayo-Sava,Kolofata,Femme,,Aucun,Célibataire,6,2,18,Mil,,Sableux,Pluie + retenue,Pluvial pur,33.6,1.88,16.0,249.0,36.7,393.4,944.2,221,209.0,22.9,186.1,Piste,52.0,Aucun,Oui,Non,3.0,5
1820,2022,Saison des pluies,Mayo-Danay,Yagoua,Homme,18.0,Primaire,Marié(e),5,3,2,Sorgho,1.78,Hardé,Pluie seule,Décrue,0.0,2.12,18.3,885.6,34.5,324.1,576.9,175,101.0,10.8,90.2,Piste,8.2,Aucun,Oui,Non,5.0,2
1821,2023,Saison sèche,Mayo-Danay,Yagoua,Homme,22.0,Secondaire,Marié(e),5,5,6,Arachide,0.79,Limoneux,Pluie seule,Pluvial pur,8.0,2.03,18.2,374.6,32.4,1063.4,840.1,375,315.0,13.7,301.3,Piste,10.8,Aucun,Non,Non,3.0,1
1822,2022,Saison des pluies,Logone-et-Chari,Hilé-Alifa,Homme,22.0,Secondaire,Marié(e),4,4,6,Mil,4.04,Limoneux,Pluie + retenue,Pluvial pur,22.6,0.0,20.0,737.0,37.4,759.5,3068.4,206,632.0,15.0,,Voie navigable,7.5,Aucun,Oui,Oui,5.0,1
1823,2024,Saison sèche,Mayo-Kani,Kaélé,Homme,,Primaire,Marié(e),11,4,16,Mil,,Sableux,Pluie seule,Irrigué,5.4,16.5,23.0,438.5,35.7,349.4,384.3,214,82.0,50.3,31.7,Piste,15.5,CARE,Non,Non,5.0,4
1824,2024,Saison sèche,Diamaré,Mémé,Homme,37.0,Aucun,Marié(e),3,1,15,Maïs,1.86,Sableux,Marigot,Mixte,15.1,0.61,6.2,463.3,32.8,1295.3,2409.3,170,410.0,9.4,400.6,Piste,7.6,Aucun,Oui,Oui,6.0,2
1825,2023,Saison des pluies,Mayo-Sava,Mora,Homme,46.0,Secondaire,Marié(e),9,3,18,Arachide,0.89,Argileux,Irrigation gravitaire,Irrigué,0.0,5.16,27.3,733.9,36.2,,1364.7,331,452.0,21.1,430.9,Route bitumée,17.3,ONG locale,Non,Oui,,2
1826,2024,Saison sèche,Mayo-Kani,Mindif,Homme,41.0,Primaire,Marié(e),7,3,2,Mil,0.95,Sableux,Pluie seule,Mixte,0.0,0.0,22.3,431.4,35.3,350.3,332.8,205,68.0,6.7,61.3,Voie navigable,0.9,Aucun,Non,Non,3.0,5
1827,2022,Saison sèche,Logone-et-Chari,Hilé-Alifa,Homme,41.0,Aucun,Célibataire,11,3,9,Arachide,0.67,Argileux,Pluie + retenue,Mixte,83.0,2.48,23.0,354.6,35.7,1182.5,792.3,358,284.0,46.3,237.7,Piste,11.5,IRAD,Non,Non,8.0,2
1828,2024,Saison des pluies,Mayo-Danay,Yagoua,Homme,43.0,Aucun,Marié(e),9,2,15,Sorgho,0.7,Limoneux,Pluie + retenue,Pluvial pur,0.7,0.0,12.7,1031.2,32.8,505.8,354.1,181,64.0,4.1,59.9,Piste,25.9,Aucun,Non,Non,3.0,1
1829,2023,Saison sèche,Mayo-Kani,Mindif,Homme,,Primaire,Marié(e),5,1,21,Mil,1.89,Argileux,Pluie seule,Mixte,41.2,2.0,14.2,284.1,33.9,759.5,1435.5,213,306.0,25.7,280.3,Piste,13.8,WFP,Non,Non,5.0,3
1830,2021,Saison des pluies,Diamaré,Maroua III,Femme,41.0,Primaire,Marié(e),9,2,12,Sorgho,1.06,Limoneux,Pluie seule,Pluvial pur,191.5,0.0,7.4,754.2,36.2,916.0,971.0,249,242.0,78.8,163.2,Piste,3.4,FAO,Non,Oui,4.0,4
1831,2021,Saison sèche,Mayo-Danay,Tchatibali,Homme,41.0,Secondaire,Marié(e),9,1,20,Mil,1.41,Argileux,Marigot,Pluvial pur,0.0,0.0,18.0,294.2,29.2,638.5,900.3,238,214.0,5.4,208.6,Piste,6.9,IRAD,Non,Non,7.0,2
1832,2021,Saison sèche,Logone-et-Chari,Goulfey,Homme,42.0,Secondaire,Veuf/Veuve,9,3,3,Maïs,1.33,Sableux,Irrigation gravitaire,Pluvial pur,,1.76,21.5,,36.7,1373.7,1827.0,197,360.0,18.1,341.9,Sentier,7.7,IRAD,Oui,Oui,3.0,5
1833,2024,Saison sèche,Mayo-Danay,Tchatibali,Homme,35.0,Aucun,Célibataire,10,4,18,Niébé,1.9,Sableux,Irrigation gravitaire,Mixte,41.4,3.1,27.0,442.2,33.5,1055.8,2006.0,423,849.0,32.4,816.6,Sentier,7.2,Aucun,Oui,Non,3.0,2
1834,2024,Saison sèche,Mayo-Sava,Tokombéré,Femme,37.0,Coranique,Marié(e),8,4,4,Sésame,0.6,Argilo-sableux,Irrigation gravitaire,Mixte,0.0,1.31,15.8,322.6,38.5,730.6,438.4,621,272.0,8.0,264.0,Sentier,18.6,FAO,Non,Non,5.0,1
1835,2021,Saison sèche,Diamaré,Gazawa,Homme,39.0,Primaire,Marié(e),8,1,23,Maïs,1.15,Argilo-sableux,Pluie seule,Pluvial pur,30.8,0.0,21.4,385.2,33.6,1672.6,1923.5,210,404.0,18.7,385.3,Voie navigable,0.5,FAO,Non,Non,1.0,3
1836,2021,Saison des pluies,Mayo-Danay,Kalfou,Femme,38.0,Secondaire,Célibataire,1,1,14,Sésame,1.17,Argilo-sableux,Marigot,Décrue,58.6,5.68,12.5,699.7,30.9,667.4,780.9,634,495.0,41.4,453.6,Sentier,11.6,Aucun,Oui,Non,4.0,2
1837,2022,Saison sèche,Mayo-Danay,Wina,Homme,52.0,Aucun,Marié(e),1,1,4,Sorgho,1.34,Argileux,Pluie seule,Pluvial pur,24.9,0.31,7.8,,31.8,550.5,737.7,185,136.0,13.1,122.9,Piste,4.3,Aucun,Non,Non,,4
1838,2023,Saison des pluies,Diamaré,Bogo,Femme,50.0,Primaire,Marié(e),3,3,13,Maïs,2.15,Sableux,Pluie seule,Pluvial pur,3.5,0.84,2.8,816.6,36.0,873.9,1878.9,186,349.0,4.3,344.7,Piste,10.0,CARE,Non,Non,7.0,5
1839,2021,Saison des pluies,Logone-et-Chari,Kousseri,homme,44.0,Aucun,Veuf/Veuve,5,3,15,Niébé,1.18,Argileux,Pluie seule,Pluvial pur,55.3,0.0,8.0,,35.4,866.7,1022.7,404,413.0,24.5,388.5,Piste,15.2,Aucun,Non,Oui,3.0,3
1840,2021,Saison sèche,Logone-et-Chari,Kousseri,Femme,50.0,Aucun,Célibataire,9,1,5,Niébé,,Argileux,Pompe solaire,Irrigué,30.6,4.51,17.6,278.5,34.9,1014.3,649.2,371,241.0,28.8,212.2,Route bitumée,10.7,Aucun,Non,Non,6.0,5
1841,2023,Saison des pluies,Diamaré,Maroua I,Femme,53.0,Aucun,Marié(e),5,4,4,Mil,0.27,Argilo-sableux,Pompe solaire,Mixte,,0.0,7.8,990.8,34.0,761.6,205.6,240,49.0,8.7,40.3,Piste,6.5,SODECOTON,Non,Oui,1.0,2
1842,2024,Saison sèche,Mayo-Kani,Guidiguis,Femme,39.0,Aucun,Marié(e),6,2,18,Mil,1.37,Argileux,Pompe solaire,Pluvial pur,27.6,0.0,9.1,,35.2,,1201.8,250,300.0,13.8,286.2,Piste,18.8,ONG locale,Non,Non,9.0,3
1843,2024,saison_pluies,Diamaré,Mémé,Homme,,Secondaire,Marié(e),9,3,0,Sésame,1.24,Limoneux,Pluie seule,Mixte,,2.8,13.8,409.3,34.0,,573.3,624,358.0,13.5,344.5,Route bitumée,41.9,Aucun,Non,Non,2.0,2
1844,2021,Saison des pluies,Diamaré,Maroua II,Homme,53.0,Primaire,Veuf/Veuve,5,3,24,Sorgho,1.18,Argileux,Pluie seule,Irrigué,35.3,1.11,1.0,819.2,34.6,663.0,782.3,190,149.0,17.2,131.8,Voie navigable,49.0,Aucun,Oui,Oui,1.0,4
1845,2023,Saison des pluies,Mayo-Kani,Mindif,Femme,32.0,Primaire,Marié(e),7,1,10,Sorgho,0.51,Argilo-sableux,Pompe solaire,Mixte,,2.86,11.7,781.8,37.9,818.2,417.3,170,71.0,10.7,60.3,Piste,0.9,ONG locale,Non,Non,7.0,2
1846,2022,Saison des pluies,Diamaré,Bogo,Homme,42.0,Aucun,Marié(e),4,1,15,Mil,1.74,Hardé,Pluie + retenue,Pluvial pur,0.0,0.0,4.7,936.7,32.6,303.4,527.9,261,138.0,1.4,136.6,Piste,3.8,Aucun,Oui,Non,3.0,3
1847,2022,Saison sèche,Mayo-Danay,Tchatibali,Femme,45.0,Primaire,Marié(e),9,3,15,Sésame,0.67,Argilo-sableux,Pluie seule,Pluvial pur,0.0,5.43,24.4,315.3,31.5,460.7,308.7,574,177.0,20.9,156.1,Route bitumée,9.0,Aucun,Non,Oui,8.0,3
1848,2024,Saison des pluies,Mayo-Kani,Touloum,Femme,37.0,Primaire,Marié(e),8,5,4,Mil,1.49,Argilo-sableux,Pluie + retenue,Pluvial pur,,2.9,11.6,1096.9,34.1,691.4,1030.2,251,259.0,69.9,189.1,Piste,34.7,Aucun,Non,Non,3.0,2
1849,2024,Saison des pluies,Mayo-Kani,Touloum,Homme,53.0,Universitaire,Marié(e),10,1,22,Maïs,2.16,Sableux,Marigot,Décrue,31.8,0.0,34.2,1052.2,36.5,1887.2,4076.4,172,701.0,23.0,678.0,Piste,28.1,Aucun,Non,Non,1.0,5
1850,2021,Saison sèche,Mayo-Sava,Tokombéré,Femme,24.0,Aucun,Marié(e),7,2,8,Coton,1.33,Limoneux,Pluie seule,Pluvial pur,28.4,0.19,19.2,126.6,36.4,933.2,1241.2,283,351.0,17.6,333.4,Piste,5.2,Aucun,Non,Non,9.0,1
1851,2021,Saison des pluies,Mayo-Sava,Kolofata,Homme,39.0,Coranique,Marié(e),5,1,23,Sorgho,1.46,Argileux,Pluie + retenue,Mixte,0.0,0.0,25.7,612.5,36.9,691.1,1009.0,241,243.0,7.7,235.3,Sentier,1.7,Aucun,Non,Non,8.0,1
1852,2021,Saison sèche,Mayo-Sava,Méri,Homme,48.0,Universitaire,Marié(e),6,2,20,Sorgho,,Argileux,Pluie + retenue,Pluvial pur,0.0,4.43,12.3,242.0,37.8,978.6,743.7,211,157.0,14.8,142.2,Sentier,8.5,Aucun,Non,Non,5.0,3
1853,2022,Saison des pluies,Diamaré,Maroua II,Homme,42.0,Aucun,Marié(e),6,1,14,Mil,0.95,Argileux,Pluie + retenue,Mixte,5.1,1.49,10.5,860.6,32.2,622.7,591.6,245,145.0,8.9,136.1,Sentier,25.0,IRAD,Non,Non,5.0,3
1854,2021,Saison des pluies,Mayo-Kani,Moutourwa,Homme,42.0,Primaire,Marié(e),4,2,21,Sésame,3.32,Sableux,Pluie seule,Mixte,16.1,0.0,18.2,732.1,34.0,335.7,1114.5,593,661.0,11.9,649.1,Sentier,21.2,ONG locale,Non,Non,5.0,4
1855,2021,Saison des pluies,Mayo-Danay,Guirvidig,Homme,58.0,Aucun,Marié(e),5,1,14,Maïs,2.92,Sableux,Pluie seule,Pluvial pur,65.2,4.28,16.6,622.0,33.5,1090.1,3183.1,213,678.0,41.8,636.2,Piste,27.9,Aucun,Non,Non,5.0,2
1856,2023,Saison sèche,Mayo-Sava,Méri,Homme,30.0,Universitaire,Marié(e),6,2,12,Maïs,3.6,Limoneux,Pluie seule,Décrue,10.8,0.0,22.5,232.7,36.9,2155.9,7761.2,214,1661.0,11.1,1649.9,Piste,15.2,Aucun,Oui,Oui,5.0,1
1857,2022,Saison sèche,Diamaré,Mémé,Homme,50.0,Universitaire,Marié(e),5,4,19,Coton,2.8,Limoneux,Pluie + retenue,Pluvial pur,0.0,3.22,11.3,385.2,34.1,1733.3,4853.2,325,1577.0,11.4,1565.6,Piste,0.5,IRAD,Non,Non,3.0,2
1858,2023,Saison des pluies,Diamaré,Mémé,Homme,44.0,Aucun,Marié(e),4,1,7,Niébé,,Argileux,Pluie + retenue,Pluvial pur,70.3,3.07,30.1,806.6,34.4,898.7,970.6,371,360.0,44.8,315.2,Voie navigable,8.8,ONG locale,Non,Non,5.0,2
1859,2021,Saison des pluies,Mayo-Danay,Wina,Homme,49.0,Aucun,Marié(e),6,3,0,Niébé,1.86,Argilo-sableux,Irrigation gravitaire,Décrue,0.0,0.0,17.4,834.8,31.3,943.5,1754.9,371,651.0,5.2,,Route bitumée,15.7,Aucun,Non,Non,5.0,5
1860,2023,Saison sèche,Mayo-Sava,Méri,Homme,65.0,Secondaire,Marié(e),7,3,11,Sorgho,,Argileux,Pluie seule,Pluvial pur,5.4,2.95,6.8,303.9,36.6,622.5,796.8,237,189.0,11.6,177.4,Route bitumée,10.1,Aucun,Non,Non,5.0,3
1861,2024,Saison des pluies,Mayo-Danay,Tchatibali,Homme,32.0,Coranique,Marié(e),9,3,15,Sorgho,1.41,Argileux,Pluie seule,Pluvial pur,14.1,3.64,14.2,951.7,31.9,313.9,442.6,208,92.0,19.0,73.0,Piste,0.5,WFP,Non,Non,3.0,3
1862,2024,Saison des pluies,Diamaré,Mémé,Femme,50.0,Coranique,Marié(e),12,3,21,Mil,,Limoneux,Pluie seule,Pluvial pur,0.0,0.61,7.9,1033.3,32.3,602.9,1869.0,208,389.0,3.9,385.1,Piste,24.8,FAO,Non,Non,1.0,3
1863,2021,Saison des pluies,Diamaré,Bogo,Homme,29.0,Primaire,Marié(e),4,2,10,Mil,0.93,Argileux,Pluie + retenue,Décrue,104.5,3.9,1.1,722.2,33.7,950.5,884.0,261,231.0,51.9,179.1,Sentier,4.0,Aucun,Non,Non,2.0,3
1864,2023,Saison sèche,Mayo-Kani,Kaélé,Homme,46.0,Primaire,Marié(e),12,4,14,Coton,0.6,Sableux,Pluie seule,Pluvial pur,164.2,0.24,1.0,384.4,34.9,870.0,522.0,268,140.0,66.6,73.4,Route bitumée,14.2,SODECOTON,Non,Non,5.0,5
1865,2021,Saison sèche,Diamaré,Maroua III,Femme,,Primaire,Marié(e),12,1,13,Arachide,1.18,Sableux,Pluie + retenue,Pluvial pur,12.5,0.0,20.2,195.1,33.1,1212.9,1431.2,394,564.0,11.1,552.9,Sentier,4.6,SODECOTON,Oui,Non,8.0,3
1866,2024,Saison sèche,Logone-et-Chari,Kousseri,Femme,42.0,Secondaire,Marié(e),9,2,10,Mil,5.51,Argileux,Irrigation gravitaire,Irrigué,2.3,7.64,21.3,318.6,37.2,,4681.3,230,1077.0,26.4,1050.6,Sentier,39.2,SODECOTON,Non,Non,3.0,4
1867,2021,Saison des pluies,Mayo-Danay,Yagoua,Femme,54.0,Primaire,Marié(e),7,1,12,Sésame,0.55,Limoneux,Irrigation gravitaire,Mixte,0.0,0.0,14.6,743.2,33.2,766.8,421.7,617,260.0,4.4,255.6,Route bitumée,43.9,SODECOTON,Oui,Non,6.0,4
1868,2023,Saison des pluies,Mayo-Danay,Wina,Homme,66.0,Secondaire,Marié(e),9,3,11,Mil,,Sableux,Pluie seule,Décrue,41.8,0.07,27.0,885.2,32.7,416.9,391.9,210,82.0,25.0,57.0,Route bitumée,4.1,Aucun,Oui,Oui,5.0,4
1869,2022,Saison des pluies,Mayo-Danay,Yagoua,Homme,47.0,Aucun,Marié(e),8,2,12,Mil,1.23,Limoneux,Pluie + retenue,Pluvial pur,154.8,0.0,7.3,934.1,32.0,702.2,863.7,252,218.0,64.1,153.9,Sentier,29.3,Aucun,Non,Non,2.0,4
1870,2023,Saison des pluies,Mayo-Sava,Mora,Homme,47.0,Aucun,Marié(e),3,3,19,Arachide,0.48,Argileux,Pluie + retenue,Pluvial pur,3.2,0.0,12.1,801.1,35.6,930.8,446.8,343,153.0,4.9,148.1,Route bitumée,1.3,SODECOTON,Oui,Non,2.0,4
1871,2024,Saison des pluies,Diamaré,Maroua I,Homme,48.0,Aucun,Marié(e),6,1,26,Maïs,1.78,Sableux,Pluie seule,Pluvial pur,0.0,4.48,10.9,946.2,35.3,1164.7,2073.2,171,355.0,14.5,340.5,Route bitumée,1.2,FAO,Oui,Oui,9.0,4
1872,2024,Saison des pluies,Mayo-Sava,Méri,Homme,30.0,Coranique,Marié(e),8,3,14,Arachide,1.09,Hardé,Pluie seule,Mixte,5.6,1.66,5.3,918.9,37.1,384.4,419.0,388,163.0,8.0,155.0,Route bitumée,5.8,Aucun,Non,Non,2.0,3
1873,2021,Saison sèche,Mayo-Sava,Waza,Homme,29.0,Primaire,Marié(e),6,3,13,Coton,0.92,Argileux,Pluie seule,Décrue,0.0,2.25,18.8,237.0,40.4,1207.1,1110.5,318,353.0,11.3,341.7,Sentier,7.3,FAO,Non,Non,5.0,3
1874,2022,Saison des pluies,Mayo-Danay,Kalfou,Homme,41.0,Primaire,Marié(e),9,2,11,Sorgho,1.92,Limoneux,Pluie seule,Décrue,55.2,5.86,14.2,952.6,34.8,677.3,1300.4,240,312.0,41.0,271.0,Piste,4.5,WFP,Oui,Oui,1.0,5
1875,2023,Saison des pluies,Mayo-Danay,Yagoua,Homme,61.0,Primaire,Marié(e),7,3,15,Arachide,0.21,Hardé,Marigot,Mixte,11.0,0.0,8.0,834.6,34.2,654.0,137.3,400,55.0,6.8,48.2,Voie navigable,0.5,Aucun,Non,Non,,4
1876,2021,Saison des pluies,Mayo-Danay,Yagoua,Homme,,Coranique,Marié(e),5,3,24,Maïs,1.75,Sableux,Marigot,Pluvial pur,6.8,3.17,9.6,771.4,32.8,1322.8,2314.9,175,405.0,13.5,391.5,Voie navigable,4.2,Aucun,Oui,Non,4.0,3
1877,2021,Saison des pluies,Logone-et-Chari,Hilé-Alifa,Femme,26.0,Secondaire,Marié(e),10,3,10,Sésame,1.56,Argilo-sableux,Pluie seule,Pluvial pur,45.3,0.0,7.5,541.7,35.9,589.3,919.3,593,545.0,20.4,524.6,Route bitumée,0.5,Aucun,Non,Non,4.0,3
1878,2024,Saison des pluies,Diamaré,Maroua II,Homme,34.0,Coranique,Marié(e),3,2,18,Niébé,,Hardé,Pluie seule,Pluvial pur,0.0,3.52,11.3,1007.7,35.0,541.6,2410.1,392,945.0,12.2,932.8,Voie navigable,10.6,Aucun,Non,Oui,3.0,1
1879,2023,Saison des pluies,Diamaré,Bogo,Homme,47.0,Aucun,Marié(e),7,2,11,Mil,1.23,Sableux,Irrigation gravitaire,Pluvial pur,12.3,1.03,16.0,,32.8,587.0,722.0,212,153.0,12.3,140.7,Piste,18.3,WFP,Oui,Non,9.0,4
1880,2021,Saison sèche,Logone-et-Chari,Kousseri,Homme,49.0,Primaire,Marié(e),1,1,19,Mil,,Limoneux,Pompe solaire,Pluvial pur,54.7,0.0,18.3,223.4,33.2,1174.6,4451.7,253,1126.0,27.4,,Voie navigable,1.2,Aucun,Non,Non,9.0,4
1881,2024,Saison sèche,Diamaré,Maroua III,Homme,48.0,Primaire,Marié(e),11,2,32,Sorgho,0.29,Sableux,Pompe solaire,Pluvial pur,0.0,3.22,17.8,283.6,33.3,471.8,136.8,206,28.0,13.4,14.6,Voie navigable,30.7,CARE,Non,Non,,5
1882,2023,Saison sèche,Mayo-Kani,Touloum,Homme,48.0,Secondaire,Célibataire,12,4,19,Mil,0.46,Limoneux,Pluie seule,Irrigué,2.2,0.0,24.1,340.8,36.0,681.1,313.3,246,77.0,8.1,68.9,Sentier,2.9,Aucun,Non,Non,,1
1883,2022,Saison sèche,Mayo-Danay,Wina,Homme,53.0,Coranique,Célibataire,6,1,20,Niébé,1.91,Sableux,Marigot,Mixte,0.0,0.0,16.7,284.3,34.0,548.3,1047.3,387,405.0,5.0,,Piste,14.5,CARE,Non,Oui,9.0,3
1884,2023,Saison des pluies,Mayo-Sava,Waza,Homme,48.0,Secondaire,Célibataire,8,3,0,Maïs,1.03,Argilo-sableux,Pluie seule,Mixte,0.0,1.23,20.5,718.9,38.6,1473.9,1518.1,152,231.0,9.2,,Sentier,11.0,IRAD,Oui,Non,,1
1885,2022,Saison des pluies,Mayo-Sava,Kolofata,Homme,18.0,Aucun,Marié(e),4,1,2,Sésame,2.33,Sableux,Pluie seule,Mixte,,0.0,15.2,712.7,36.2,217.2,506.1,621,314.0,4.6,309.4,Piste,7.2,SODECOTON,Non,Oui,6.0,2
1886,2023,Saison des pluies,Logone-et-Chari,Goulfey,Homme,69.0,Coranique,Marié(e),9,2,25,Sorgho,1.19,Limoneux,Irrigation gravitaire,Irrigué,236.9,0.0,17.1,630.3,39.3,1008.8,1200.5,207,249.0,99.9,149.1,Sentier,28.8,Aucun,Oui,Oui,4.0,5
1887,2023,Saison sèche,Mayo-Danay,Tchatibali,Homme,40.0,Aucun,Marié(e),6,2,17,Arachide,0.65,Argileux,Pluie seule,Irrigué,3.2,0.85,17.6,329.8,33.3,1028.0,668.2,372,249.0,8.7,240.3,Voie navigable,28.8,SODECOTON,Non,Oui,6.0,4
1888,2023,Saison sèche,Mayo-Sava,Méri,Homme,45.0,Aucun,Célibataire,13,1,20,Maïs,0.57,Argilo-sableux,Pluie + retenue,Pluvial pur,27.6,4.85,3.6,232.9,38.8,,818.7,161,132.0,24.2,107.8,Route bitumée,8.9,SODECOTON,Non,Non,4.0,5
1889,2022,Saison sèche,Mayo-Danay,Guirvidig,Homme,18.0,Secondaire,Marié(e),5,3,2,Sorgho,1.46,Sableux,Pluie seule,Mixte,0.0,0.0,16.4,372.8,32.1,537.4,784.6,182,143.0,4.9,138.1,Route bitumée,14.2,IRAD,Non,Oui,6.0,2
1890,2022,Saison des pluies,Logone-et-Chari,Kousseri,Homme,36.0,Primaire,Marié(e),6,2,20,Niébé,2.71,Hardé,Pluie seule,Irrigué,0.0,1.37,13.0,776.0,36.0,419.6,1137.1,378,430.0,7.3,,Route bitumée,3.8,Aucun,Oui,Oui,3.0,5
1891,2022,Saison des pluies,Mayo-Danay,Tchatibali,Homme,27.0,Coranique,Marié(e),6,4,0,Sorgho,1.63,Argileux,Irrigation gravitaire,Pluvial pur,19.8,1.9,8.7,967.1,34.6,,1272.5,240,305.0,15.3,289.7,Sentier,4.0,CARE,Oui,Oui,,1
1892,2023,Saison des pluies,Diamaré,Maroua II,Homme,33.0,Primaire,Veuf/Veuve,5,1,17,Sésame,0.99,Argileux,Pluie + retenue,Pluvial pur,17.6,1.71,14.4,898.3,35.8,601.4,595.4,641,382.0,15.6,366.4,Sentier,2.5,Aucun,Non,Non,9.0,2
1893,2021,Saison des pluies,Mayo-Sava,Tokombéré,Homme,,Primaire,Marié(e),10,3,2,Sorgho,1.34,Argileux,Pluie seule,Pluvial pur,6.6,0.0,8.5,624.9,37.2,777.4,1041.7,240,250.0,5.2,244.8,Route bitumée,10.3,Aucun,Non,Non,1.0,2
1894,2022,Saison des pluies,Mayo-Danay,Kalfou,Homme,48.0,Primaire,Marié(e),2,2,3,Mil,1.45,Limoneux,Irrigation gravitaire,Mixte,0.0,5.44,28.3,987.3,33.8,835.6,1211.6,215,260.0,22.1,,Route bitumée,29.2,Aucun,Oui,Oui,5.0,1
1895,2023,Saison des pluies,Mayo-Sava,Méri,Homme,,Aucun,Marié(e),8,3,15,Arachide,1.37,Argilo-sableux,Pluie seule,Décrue,64.0,0.0,2.9,638.0,36.0,782.8,1072.4,332,356.0,26.5,329.5,Sentier,0.5,Aucun,Oui,Non,4.0,2
1896,2023,Saison sèche,Logone-et-Chari,Hilé-Alifa,Homme,50.0,Secondaire,Marié(e),8,3,21,Niébé,0.64,Limoneux,Pluie seule,Mixte,,0.0,16.5,,35.5,805.8,515.7,382,197.0,18.1,178.9,Route bitumée,69.8,Aucun,Non,Non,7.0,4
1897,2022,Saison sèche,Diamaré,Gazawa,Homme,31.0,Coranique,Marié(e),6,5,0,Arachide,1.0,Argileux,Pluie seule,Pluvial pur,0.0,2.65,20.1,402.0,34.3,1020.2,1020.2,379,387.0,12.7,374.3,Route bitumée,1.9,FAO,Non,Non,4.0,3
1898,2022,Saison sèche,Mayo-Danay,Wina,Homme,53.0,Aucun,Marié(e),9,3,20,Maïs,1.76,Sableux,Irrigation gravitaire,Mixte,51.2,0.49,7.5,375.8,31.3,1842.0,3241.9,162,525.0,24.0,501.0,Sentier,1.8,ONG locale,Oui,Non,4.0,2
1899,2021,Saison des pluies,Mayo-Danay,Kalfou,Homme,50.0,Aucun,Marié(e),5,1,23,Sorgho,1.56,Argileux,Marigot,Pluvial pur,35.2,0.27,24.4,932.3,34.0,588.2,917.6,208,191.0,22.1,168.9,Sentier,0.5,CARE,Non,Oui,7.0,1
1900,2022,Saison des pluies,Logone-et-Chari,Hilé-Alifa,Homme,,Aucun,Célibataire,12,3,25,Sorgho,0.72,Sableux,Pluie seule,Mixte,,1.29,7.9,770.0,38.3,738.7,531.9,179,95.0,44.6,50.4,Sentier,2.7,Aucun,Oui,Oui,6.0,1
1901,2023,Saison sèche,Logone-et-Chari,Hilé-Alifa,Homme,38.0,Aucun,Marié(e),4,4,18,Sésame,1.18,Argilo-sableux,Pompe solaire,Mixte,17.8,0.98,2.2,315.2,36.3,533.6,629.6,605,381.0,10.2,370.8,Piste,10.5,FAO,Non,Oui,8.0,5
1902,2024,Saison des pluies,Mayo-Danay,Yagoua,Homme,32.0,Primaire,Marié(e),7,3,16,Coton,2.74,Hardé,Irrigation gravitaire,Pluvial pur,0.0,2.45,11.2,1081.1,32.8,856.5,2346.8,326,765.0,9.5,755.5,Route bitumée,7.6,Aucun,Oui,Oui,8.0,5
1903,2024,Saison sèche,Mayo-Sava,Méri,Femme,,Aucun,Veuf/Veuve,2,2,18,Arachide,1.64,Argileux,Marigot,Pluvial pur,117.4,0.0,7.8,215.4,38.9,1128.0,1849.9,340,629.0,49.3,579.7,Piste,37.6,IRAD,Non,Non,9.0,3
1904,2021,Saison sèche,Mayo-Kani,Touloum,Homme,51.0,Aucun,Marié(e),4,2,21,Sorgho,1.03,Argileux,Pompe solaire,Pluvial pur,30.3,4.93,17.9,356.3,34.5,985.2,1014.8,196,199.0,29.8,,Sentier,27.5,Aucun,Non,Non,4.0,3
1905,2021,Saison des pluies,Logone-et-Chari,Makary,Homme,25.0,Aucun,Marié(e),4,3,9,Sorgho,2.27,Hardé,Pluie seule,Mixte,,1.83,12.3,664.4,32.0,349.6,793.6,233,185.0,21.9,163.1,Sentier,0.6,CARE,Non,Non,6.0,4
1906,2021,Saison sèche,Mayo-Kani,Kaélé,Homme,56.0,Aucun,Veuf/Veuve,7,1,15,Maïs,1.14,Argileux,Pluie seule,Irrigué,161.9,0.0,2.9,227.4,35.3,1969.6,2245.3,197,442.0,65.6,376.4,Piste,21.6,IRAD,Non,Oui,1.0,3
1907,2023,Saison des pluies,Diamaré,Maroua III,Homme,51.0,Aucun,Marié(e),4,4,20,Sorgho,1.07,Limoneux,Irrigation gravitaire,Pluvial pur,28.5,0.0,13.1,845.4,33.6,802.1,858.2,233,200.0,15.3,184.7,Voie navigable,6.2,ONG locale,Non,Non,7.0,5
1908,2021,Saison des pluies,Mayo-Danay,Tchatibali,Femme,39.0,Secondaire,Marié(e),4,1,11,Niébé,,Limoneux,Pluie + retenue,Pluvial pur,36.9,6.87,15.4,835.6,34.0,981.4,1295.4,387,501.0,36.6,464.4,Piste,18.6,Aucun,Oui,Oui,5.0,4
1909,2024,Saison sèche,Mayo-Kani,Guidiguis,Homme,35.0,Coranique,Marié(e),8,1,8,Arachide,1.4,Argilo-sableux,Pluie + retenue,Pluvial pur,5.0,5.83,15.3,281.9,34.8,742.3,1039.2,397,413.0,21.2,391.8,Route bitumée,5.7,Aucun,Non,Oui,1.0,3
1910,2021,Saison sèche,Mayo-Kani,Guidiguis,Homme,44.0,Coranique,Marié(e),6,1,5,Sorgho,0.67,Argileux,Marigot,Pluvial pur,,1.05,1.0,305.7,38.3,621.8,416.6,220,92.0,2.9,89.1,Piste,20.7,WFP,Oui,Oui,4.0,2
1911,2021,Saison sèche,Diamaré,Mémé,Femme,,Aucun,Marié(e),4,4,16,Sorgho,0.99,Sableux,Pluie + retenue,Décrue,0.0,3.91,26.6,286.8,34.4,454.3,449.8,233,105.0,17.8,,Sentier,4.8,CARE,Non,Oui,1.0,2
1912,2021,Saison sèche,Mayo-Kani,Guidiguis,Homme,32.0,Primaire,Célibataire,11,1,7,Mil,500.0,Limoneux,Irrigation gravitaire,Pluvial pur,18.3,0.44,8.4,134.5,35.2,877.7,1088.3,201,219.0,10.9,208.1,Sentier,0.5,WFP,Non,Non,2.0,5
1913,2024,Saison sèche,Mayo-Kani,Touloum,Homme,54.0,Coranique,Marié(e),1,1,12,Sorgho,1.95,Sableux,Pluie + retenue,Pluvial pur,1.9,0.0,17.9,264.5,35.5,528.3,1030.2,225,232.0,6.1,225.9,Route bitumée,1.1,ONG locale,Non,Non,6.0,5
1914,2023,Saison sèche,Mayo-Kani,Kaélé,Homme,43.0,Primaire,Marié(e),9,1,26,Mil,1.65,Argilo-sableux,Pluie seule,Pluvial pur,0.0,0.0,7.2,304.8,34.8,376.7,621.6,198,123.0,2.2,120.8,Sentier,21.5,FAO,Non,Oui,1.0,2
1915,2023,Saison des pluies,Mayo-Danay,Wina,Homme,24.0,Aucun,Marié(e),11,3,8,Sésame,0.49,Sableux,Pluie seule,Pluvial pur,0.0,5.28,12.8,816.0,33.3,310.8,152.3,576,88.0,17.0,71.0,Sentier,30.5,FAO,Non,Oui,4.0,5
1916,2024,Saison sèche,Mayo-Sava,Tokombéré,Femme,32.0,Coranique,Marié(e),10,6,4,Sorgho,2.1,Argileux,Pluie seule,Mixte,48.3,1.3,1.7,212.8,37.2,718.5,1508.9,247,373.0,23.1,349.9,Route bitumée,0.6,SODECOTON,Oui,Non,9.0,2
1917,2021,Saison sèche,Mayo-Danay,Guirvidig,Homme,51.0,Aucun,Marié(e),11,2,25,Mil,0.78,Argileux,Marigot,Pluvial pur,127.8,2.73,21.3,283.0,32.4,847.2,660.8,193,128.0,64.3,63.7,Voie navigable,2.2,Aucun,Non,Non,3.0,2
1918,2021,Saison sèche,Logone-et-Chari,Makary,Femme,29.0,Aucun,Marié(e),11,1,13,Maïs,0.87,Hardé,Pluie + retenue,Pluvial pur,35.7,0.08,32.7,314.6,35.1,,754.8,206,155.0,24.3,130.7,Piste,14.9,FAO,Non,Oui,8.0,3
1919,2023,Saison sèche,Mayo-Kani,Touloum,Homme,25.0,Secondaire,Marié(e),7,4,1,Maïs,1.06,Sableux,Pompe solaire,Pluvial pur,,0.0,17.4,234.0,34.9,1472.2,1560.5,191,298.0,6.0,292.0,Piste,0.5,SODECOTON,Non,Oui,9.0,3
1920,2021,Saison sèche,Logone-et-Chari,Hilé-Alifa,Homme,40.0,Secondaire,Célibataire,5,3,18,Coton,1.57,Argileux,Pluie seule,Pluvial pur,34.3,0.05,20.8,,37.5,1505.6,2363.8,307,726.0,20.1,705.9,Route bitumée,9.4,CARE,Non,Oui,6.0,1
1921,2021,Saison sèche,Diamaré,Mémé,Homme,28.0,Coranique,Marié(e),7,1,11,Niébé,2.47,Argileux,Irrigation gravitaire,Mixte,21.2,0.0,10.4,307.7,34.1,1152.0,2845.4,378,1076.0,11.6,1064.4,Sentier,1.8,SODECOTON,Oui,Oui,1.0,3
1922,2021,Saison des pluies,Mayo-Kani,Touloum,Homme,26.0,Coranique,Marié(e),7,4,10,Sésame,2.45,Sableux,Irrigation gravitaire,Pluvial pur,0.0,3.09,23.0,766.9,34.1,662.9,1624.1,618,1004.0,14.6,989.4,Voie navigable,15.6,ONG locale,Non,Non,6.0,3
1923,2022,Saison des pluies,Mayo-Sava,Méri,Femme,46.0,Primaire,Marié(e),7,1,15,Sésame,1.03,Sableux,Irrigation gravitaire,Mixte,0.0,0.05,14.2,835.2,36.8,606.1,624.3,634,396.0,4.4,391.6,Piste,5.4,SODECOTON,Oui,Non,9.0,3
1924,2023,Saison sèche,Mayo-Danay,Kalfou,Homme,36.0,Coranique,Marié(e),10,1,16,Coton,2.27,Hardé,Pluie seule,Pluvial pur,263.2,4.76,10.1,414.1,34.8,867.4,1969.0,289,569.0,120.2,448.8,Sentier,0.5,Aucun,Oui,Oui,2.0,5
1925,2021,Saison des pluies,Mayo-Sava,Méri,Homme,48.0,Primaire,Marié(e),6,6,17,Arachide,0.42,Argileux,Marigot,Pluvial pur,0.0,0.91,19.1,622.6,38.6,1007.0,422.9,380,161.0,8.0,153.0,Route bitumée,29.0,Aucun,Oui,Non,7.0,5
1926,2021,Saison sèche,Diamaré,Bogo,Homme,,Secondaire,Veuf/Veuve,8,2,22,Sorgho,0.86,Argilo-sableux,Pluie seule,Pluvial pur,49.6,2.34,12.1,199.9,32.2,736.5,633.4,170,108.0,29.3,78.7,Voie navigable,39.9,Aucun,Non,Non,7.0,5
1927,2021,Saison sèche,Mayo-Danay,Yagoua,Homme,38.0,Aucun,Marié(e),13,5,8,Mil,0.29,Hardé,Pluie seule,Pluvial pur,57.0,0.0,26.4,280.8,34.1,169.0,49.0,222,11.0,30.7,-19.7,Route bitumée,16.3,Aucun,Non,Oui,4.0,2
1928,2023,Saison sèche,Mayo-Danay,Yagoua,Femme,53.0,Coranique,Marié(e),10,3,21,Niébé,1.88,Limoneux,Pompe solaire,Pluvial pur,,8.65,21.5,350.0,33.7,1050.8,1975.5,376,743.0,32.1,710.9,Voie navigable,34.6,CARE,Non,Non,8.0,5
1929,2023,Saison des pluies,Mayo-Danay,Guirvidig,Homme,50.0,Primaire,Veuf/Veuve,10,3,24,Sorgho,0.42,Sableux,Pluie + retenue,Mixte,3.8,2.69,22.1,822.3,33.1,342.8,144.0,194,28.0,14.9,13.1,Piste,25.5,IRAD,Oui,Oui,5.0,2
1930,2021,Saison sèche,Mayo-Danay,Yagoua,Homme,40.0,Primaire,Marié(e),7,3,12,Arachide,1.39,Sableux,Pompe solaire,Pluvial pur,23.4,0.0,8.6,341.2,35.0,853.1,1185.8,388,460.0,11.9,448.1,Piste,16.1,IRAD,Oui,Non,7.0,2
1931,2022,Saison des pluies,Mayo-Sava,Mora,Femme,19.0,Primaire,Marié(e),10,4,3,Arachide,0.95,Limoneux,Pluie seule,Décrue,0.0,1.43,13.6,772.0,35.0,827.5,786.1,354,278.0,7.7,,Piste,23.4,Aucun,Non,Non,5.0,2
1932,2022,Saison des pluies,Logone-et-Chari,Goulfey,Femme,45.0,Coranique,Marié(e),4,2,22,Sorgho,0.38,Sableux,Pluie seule,Pluvial pur,40.6,1.04,10.5,783.6,36.8,522.1,198.4,220,44.0,22.0,22.0,Sentier,0.5,Aucun,Non,Non,6.0,3
1933,2024,Saison des pluies,Diamaré,Maroua II,Homme,47.0,Universitaire,Marié(e),5,4,26,Maïs,1.29,Sableux,Marigot,Pluvial pur,2.2,3.13,13.2,998.3,33.7,1479.5,1908.6,213,407.0,12.7,394.3,Route bitumée,11.5,Aucun,Oui,Non,1.0,4
1934,2022,Saison sèche,Mayo-Kani,Moutourwa,Homme,43.0,Primaire,Marié(e),5,3,0,Niébé,2.05,Sableux,Marigot,Mixte,80.4,1.3,23.0,,34.8,684.5,1403.2,449,630.0,42.3,587.7,Piste,14.7,Aucun,Non,Non,9.0,4
1935,2021,Saison des pluies,Mayo-Sava,Waza,Femme,35.0,Primaire,Marié(e),8,2,8,Sorgho,1.18,Hardé,Pluie seule,Décrue,61.2,12.51,23.1,636.9,36.3,536.9,633.5,235,149.0,62.7,86.3,Sentier,13.8,Aucun,Non,Oui,9.0,2
1936,2024,Saison des pluies,Diamaré,Maroua II,Homme,18.0,Aucun,Marié(e),8,1,2,Arachide,2.01,Limoneux,Pluie seule,Pluvial pur,61.0,0.87,20.8,,36.9,956.0,1921.6,351,674.0,32.8,641.2,Piste,22.3,Aucun,Non,Non,1.0,4
1937,2022,Saison sèche,Logone-et-Chari,Blangoua,Homme,40.0,Aucun,Marié(e),4,4,8,Sorgho,0.57,Limoneux,Pluie seule,Mixte,27.8,0.0,1.0,232.2,35.2,480.2,273.7,237,65.0,11.4,53.6,Piste,11.4,CARE,Non,Non,,4
1938,2024,saison sèche,Mayo-Sava,Waza,Homme,19.0,Primaire,Marié(e),7,2,3,Mil,0.99,Argilo-sableux,Pompe solaire,Pluvial pur,0.0,0.0,15.1,784.0,37.0,574.5,568.8,221,126.0,4.5,121.5,Piste,1.8,Aucun,Non,Oui,5.0,2
1939,2021,Saison sèche,Mayo-Sava,Kolofata,Homme,36.0,Coranique,Marié(e),9,1,16,Arachide,0.69,Limoneux,Pluie + retenue,Pluvial pur,3.8,0.0,15.1,203.4,36.9,861.4,594.4,386,229.0,6.0,,Voie navigable,15.3,Aucun,Oui,Non,6.0,4
1940,2022,Saison sèche,Mayo-Danay,Yagoua,Homme,53.0,Aucun,Célibataire,1,1,4,Mil,1.33,Sableux,Pluie + retenue,Mixte,42.0,0.28,19.0,412.1,32.5,363.6,483.6,270,131.0,23.2,107.8,Sentier,16.2,WFP,Non,Non,4.0,3
1941,2023,Saison sèche,Mayo-Sava,Méri,Homme,,Universitaire,Marié(e),4,3,14,Sorgho,1.1,Argileux,Pluie + retenue,Pluvial pur,,0.0,14.7,,36.3,1034.1,1137.5,236,268.0,28.1,239.9,Sentier,32.6,ONG locale,Oui,Non,3.0,1
1942,2021,Saison des pluies,Mayo-Danay,Wina,Homme,61.0,Primaire,Marié(e),9,5,12,Coton,0.86,Sableux,Pluie seule,Pluvial pur,0.1,1.01,24.8,840.4,32.2,966.0,830.8,264,219.0,10.0,209.0,Sentier,18.9,SODECOTON,Oui,Oui,2.0,3
1943,2021,Saison sèche,Logone-et-Chari,Kousseri,Homme,,Aucun,Marié(e),13,3,27,Maïs,2.7,Argileux,Irrigation gravitaire,Pluvial pur,15.8,0.62,20.3,228.4,36.6,1549.0,4182.3,191,799.0,14.0,785.0,Route bitumée,50.3,SODECOTON,Non,Oui,,3
1944,2024,Saison des pluies,Mayo-Sava,Méri,Homme,,Primaire,Marié(e),4,3,0,Mil,0.29,Argileux,Pluie + retenue,Mixte,0.0,0.79,17.7,709.2,35.4,578.2,167.7,260,44.0,7.3,36.7,Piste,18.7,SODECOTON,Non,Oui,2.0,5
1945,2021,Saison sèche,Mayo-Danay,Guirvidig,Homme,70.0,Secondaire,Marié(e),12,1,27,Sésame,3.95,Argileux,Pluie seule,Pluvial pur,0.0,2.63,20.9,380.0,32.5,502.2,1983.7,628,1246.0,12.8,1233.2,Piste,4.4,Aucun,Non,Non,6.0,2
1946,2022,Saison des pluies,Diamaré,Gazawa,Homme,31.0,Secondaire,Marié(e),9,2,6,Maïs,,Hardé,Pompe solaire,Mixte,42.5,0.38,15.2,929.2,35.5,,1685.2,197,332.0,22.5,309.5,Piste,16.8,ONG locale,Non,Oui,7.0,2
1947,2021,Saison des pluies,Mayo-Sava,Tokombéré,Femme,,Coranique,Marié(e),7,1,12,Niébé,1.56,Limoneux,Pompe solaire,Irrigué,17.3,0.0,27.0,632.7,35.6,,1579.7,402,635.0,15.0,620.0,Sentier,16.8,Aucun,Non,Oui,6.0,3
1948,2023,Saison des pluies,Mayo-Danay,Kalfou,Homme,49.0,Coranique,Marié(e),9,3,2,Sorgho,1.32,Sableux,Pluie seule,Mixte,18.1,1.21,20.3,1033.0,34.9,250.1,330.1,243,80.0,16.4,63.6,Piste,28.7,CARE,Non,Non,8.0,2
1949,2022,Saison sèche,Mayo-Sava,Tokombéré,Homme,39.0,Primaire,Veuf/Veuve,9,4,1,Coton,0.8,Argilo-sableux,Marigot,Mixte,69.1,15.06,19.4,352.1,39.0,1023.8,819.0,291,238.0,71.1,166.9,Sentier,4.4,Aucun,Non,Non,4.0,3
1950,2024,Saison sèche,Logone-et-Chari,Blangoua,Homme,25.0,Primaire,Marié(e),7,4,3,Niébé,1.41,Argileux,Marigot,Pluvial pur,6.5,1.57,24.7,203.7,37.0,698.1,984.3,441,434.0,13.9,420.1,Piste,4.9,FAO,Non,Non,7.0,5
1951,2023,Saison sèche,Mayo-Danay,Yagoua,Femme,48.0,Aucun,Marié(e),6,2,17,Mil,2.19,Sableux,Pluie seule,Décrue,16.4,0.0,7.0,308.8,34.0,468.8,1026.7,194,199.0,8.7,190.3,Piste,26.0,Aucun,Non,Non,8.0,3
1952,2022,Saison des pluies,Mayo-Kani,Guidiguis,FEMME,46.0,Coranique,Marié(e),7,1,26,Sorgho,0.68,Sableux,Irrigation gravitaire,Pluvial pur,0.0,2.71,12.1,900.0,36.5,705.6,479.8,182,87.0,10.4,76.6,Piste,1.0,FAO,Non,Oui,8.0,5
1953,2021,Saison sèche,Mayo-Danay,Tchatibali,Homme,54.0,Aucun,Marié(e),9,5,11,Arachide,0.6,Argileux,Pluie seule,Pluvial pur,46.1,2.09,15.1,475.4,33.7,936.5,561.9,329,185.0,28.2,156.8,Sentier,7.6,ONG locale,Non,Non,6.0,4
1954,2022,Saison des pluies,Diamaré,Bogo,Homme,43.0,Aucun,Marié(e),11,3,13,Niébé,1.51,Argileux,Pluie seule,Pluvial pur,46.0,3.04,7.8,,34.1,980.3,1480.3,379,561.0,28.3,532.7,Sentier,10.6,Aucun,Oui,Oui,2.0,2
1955,2021,Saison sèche,Mayo-Danay,Guirvidig,Femme,34.0,Aucun,Marié(e),4,4,10,Niébé,1.84,Hardé,Pluie + retenue,Irrigué,87.3,0.66,9.8,236.2,33.9,99999.0,1206.1,439,529.0,39.5,489.5,Route bitumée,0.5,Aucun,Non,Non,3.0,1
1956,2021,Saison des pluies,Diamaré,Maroua III,Homme,41.0,Secondaire,Marié(e),4,2,17,Sorgho,1.27,Hardé,Pluie + retenue,Pluvial pur,16.1,0.06,7.4,729.4,35.2,350.5,445.1,185,82.0,8.8,73.2,Piste,1.2,Aucun,Oui,Non,,5
1957,2023,Saison des pluies,Mayo-Kani,Guidiguis,Homme,44.0,Aucun,Marié(e),2,2,10,Arachide,4.28,Limoneux,Irrigation gravitaire,Pluvial pur,0.0,1.85,16.6,780.1,34.8,1061.3,4542.4,397,1803.0,9.6,1793.4,Voie navigable,7.9,Aucun,Non,Non,6.0,3
1958,2021,Saison sèche,Logone-et-Chari,Hilé-Alifa,Homme,63.0,Aucun,Marié(e),7,1,16,Sésame,0.61,Argileux,Marigot,Pluvial pur,23.8,0.63,10.5,280.2,36.0,533.5,325.4,629,205.0,14.2,190.8,Route bitumée,14.4,Aucun,Non,Non,6.0,1
1959,2021,Saison sèche,Diamaré,Gazawa,Homme,48.0,Aucun,Veuf/Veuve,6,1,25,Maïs,1.56,Argileux,Pluie seule,Décrue,,7.44,13.6,278.5,35.6,1846.8,2881.0,191,550.0,36.1,513.9,Sentier,27.7,Aucun,Non,Non,7.0,3
1960,2021,Saison des pluies,Mayo-Sava,Kolofata,Femme,18.0,Aucun,Marié(e),5,1,2,Coton,1.91,Argilo-sableux,Pluie + retenue,Mixte,3.0,4.69,16.0,,37.1,920.9,1758.9,322,566.0,17.7,548.3,Route bitumée,2.7,ONG locale,Non,Non,5.0,1
1961,2021,Saison sèche,Diamaré,Gazawa,Homme,39.0,Primaire,Marié(e),7,2,23,Maïs,0.5,Argileux,Pluie seule,Mixte,144.1,4.37,7.6,301.5,32.6,2219.4,1109.7,218,242.0,70.8,171.2,Route bitumée,14.8,WFP,Non,Non,,5
1962,2022,Saison des pluies,Diamaré,Mémé,Homme,,Primaire,Marié(e),4,4,22,Niébé,6.54,Argilo-sableux,Pompe solaire,Pluvial pur,1.6,0.0,24.3,,33.3,,6121.4,372,2277.0,7.9,2269.1,Sentier,31.9,SODECOTON,Non,Oui,8.0,5
1963,2021,Saison sèche,Mayo-Sava,Waza,Homme,44.0,Aucun,Marié(e),4,1,18,Mil,3.28,Argilo-sableux,Pluie seule,Irrigué,75.1,2.07,24.5,297.3,38.8,788.6,2586.6,247,639.0,42.6,596.4,Sentier,10.2,CARE,Non,Oui,9.0,2
1964,2023,Saison sèche,Mayo-Danay,Tchatibali,Homme,49.0,Secondaire,Marié(e),4,4,18,Niébé,2.8,Limoneux,Irrigation gravitaire,Mixte,12.9,0.77,5.6,,34.1,1332.7,3731.6,402,1500.0,8.8,1491.2,Route bitumée,0.7,Aucun,Non,Non,8.0,3
1965,2022,Saison des pluies,Mayo-Kani,Guidiguis,Homme,43.0,Aucun,Marié(e),7,2,16,Mil,1.63,Sableux,Pluie + retenue,Pluvial pur,,0.0,14.0,860.1,37.2,497.7,811.3,252,204.0,11.6,192.4,Route bitumée,12.9,CARE,Non,Oui,8.0,1
1966,2023,Saison sèche,Diamaré,Mémé,Homme,47.0,Secondaire,Marié(e),6,3,9,Sorgho,2.94,Argileux,Irrigation gravitaire,Pluvial pur,29.2,0.0,20.7,340.3,36.9,1031.9,3033.8,172,522.0,17.9,,Piste,17.6,Aucun,Non,Non,3.0,1
1967,2023,Saison des pluies,Logone-et-Chari,Makary,Homme,31.0,Aucun,Marié(e),7,4,15,Maïs,1.41,Sableux,Marigot,Mixte,0.0,0.0,20.1,673.8,35.3,711.2,1002.8,158,158.0,6.0,152.0,Voie navigable,25.4,CARE,Non,Non,2.0,4
1968,2023,Saison sèche,Logone-et-Chari,Goulfey,Homme,52.0,Secondaire,Marié(e),3,2,14,Mil,1.42,Argilo-sableux,Pluie + retenue,Irrigué,0.0,0.0,23.3,235.6,33.8,502.9,714.1,205,146.0,7.0,139.0,Voie navigable,5.8,Aucun,Non,Non,4.0,4
1969,2024,Saison des pluies,Mayo-Sava,Kolofata,Homme,23.0,Coranique,Marié(e),3,1,7,Sorgho,0.55,Argileux,Pluie seule,Mixte,22.9,3.56,20.3,680.3,37.3,672.4,369.8,196,72.0,24.2,47.8,Piste,10.4,SODECOTON,Oui,Non,8.0,4
1970,2021,Saison des pluies,Logone-et-Chari,Hilé-Alifa,Homme,19.0,Coranique,Marié(e),3,2,3,Mil,1.11,Sableux,Pluie + retenue,Mixte,31.6,1.44,12.9,567.0,33.4,360.3,399.9,268,107.0,20.1,86.9,Sentier,6.2,IRAD,Non,Non,2.0,3
1971,2022,Saison sèche,Mayo-Kani,Moutourwa,Homme,52.0,Primaire,Marié(e),10,5,18,Sorgho,0.96,Argilo-sableux,Pluie seule,Irrigué,0.0,9.74,19.4,,37.1,488.4,468.9,188,88.0,30.2,57.8,Piste,0.9,SODECOTON,Oui,Non,5.0,4
1972,2023,Saison sèche,Mayo-Danay,Tchatibali,Homme,44.0,Coranique,Marié(e),2,2,11,Sorgho,1.84,Hardé,Marigot,Décrue,158.8,0.9,31.2,260.2,33.3,434.3,799.1,194,155.0,75.1,79.9,Voie navigable,2.5,SODECOTON,Non,Non,5.0,2
1973,2024,Saison sèche,Mayo-Kani,Guidiguis,Homme,27.0,Coranique,Marié(e),9,4,11,Mil,1.79,Limoneux,Marigot,Pluvial pur,58.6,2.03,24.8,200.8,35.8,677.3,1212.4,229,278.0,36.0,242.0,Sentier,19.4,Aucun,Oui,Non,6.0,4
1974,2022,Saison sèche,Diamaré,Maroua II,Homme,65.0,Aucun,Marié(e),6,2,21,Coton,1.93,Sableux,Irrigation gravitaire,Mixte,0.0,8.7,21.1,302.7,32.7,1209.9,2335.1,284,663.0,28.1,634.9,Piste,1.2,Aucun,Oui,Non,3.0,5
1975,2023,Saison des pluies,Diamaré,Maroua I,Homme,50.0,Aucun,Veuf/Veuve,6,4,8,Sorgho,4.73,Argilo-sableux,Marigot,Pluvial pur,28.8,1.41,8.0,847.1,32.9,507.2,2399.1,203,487.0,17.4,469.6,Sentier,5.2,Aucun,Non,Non,4.0,3
1976,2024,Saison des pluies,Diamaré,Gazawa,Femme,46.0,Coranique,Marié(e),8,4,17,Niébé,0.53,Hardé,Pluie seule,Pluvial pur,4.0,4.19,1.0,859.6,32.0,359.7,190.6,435,83.0,12.4,70.6,Route bitumée,33.6,SODECOTON,Non,Oui,3.0,5
1977,2024,Saison des pluies,Mayo-Sava,Tokombéré,Femme,20.0,Aucun,Marié(e),7,5,4,Niébé,1.32,Argileux,Pompe solaire,Décrue,31.5,2.31,22.3,788.8,37.2,974.8,1286.7,448,576.0,25.1,550.9,Sentier,1.4,SODECOTON,Oui,Non,5.0,5
1978,2022,Saison des pluies,Mayo-Kani,Kaélé,Homme,56.0,Primaire,Marié(e),2,2,16,Niébé,4.12,Limoneux,Pluie seule,Mixte,10.8,0.0,26.4,789.8,35.6,687.6,2832.9,375,1062.0,12.2,1049.8,Piste,14.1,IRAD,Non,Non,9.0,4
1979,2023,Saison des pluies,Mayo-Danay,Yagoua,Femme,51.0,Secondaire,Marié(e),6,3,1,Coton,1.5,Argileux,Pluie seule,Pluvial pur,6.8,0.0,1.0,,31.6,754.4,1131.6,327,370.0,3.0,367.0,Piste,11.5,Aucun,Oui,Non,4.0,4
1980,2022,Saison des pluies,Mayo-Sava,Waza,Homme,32.0,Universitaire,Marié(e),9,1,3,Sorgho,2.08,Sableux,Pluie seule,Mixte,31.3,0.46,29.7,,36.7,891.0,1853.3,227,421.0,22.6,398.4,Piste,4.5,Aucun,Non,Oui,4.0,5
1981,2022,Saison des pluies,Mayo-Kani,Kaélé,Homme,55.0,Primaire,Marié(e),7,2,23,Niébé,1.09,Argileux,Pompe solaire,Décrue,27.5,6.1,11.4,891.3,35.3,1312.6,1430.7,422,604.0,29.7,574.3,Sentier,2.9,WFP,Non,Non,4.0,3
1982,2022,Saison sèche,Mayo-Sava,Tokombéré,Homme,48.0,Aucun,Veuf/Veuve,9,5,11,Niébé,2.01,Sableux,Pluie seule,Pluvial pur,33.2,0.68,16.5,,37.3,,1411.6,386,545.0,19.9,,Sentier,0.5,SODECOTON,Oui,Non,9.0,3
1983,2024,Saison des pluies,Logone-et-Chari,Hilé-Alifa,Homme,28.0,Primaire,Marié(e),5,2,12,Maïs,0.82,Argileux,Pluie + retenue,Mixte,,0.05,30.3,,39.0,2583.3,2118.3,212,449.0,41.6,407.4,Route bitumée,12.5,Aucun,Non,Oui,7.0,4
1984,2023,Saison des pluies,Mayo-Kani,Kaélé,Femme,40.0,Aucun,Marié(e),3,3,20,Niébé,1.72,Limoneux,Pluie seule,Pluvial pur,8.2,2.03,8.9,710.7,33.7,678.4,1166.8,445,519.0,11.0,508.0,Piste,35.8,WFP,Non,Oui,9.0,5
1985,2022,Saison des pluies,Mayo-Kani,Guidiguis,Femme,37.0,Aucun,Marié(e),2,2,0,Arachide,0.98,Limoneux,Pluie + retenue,Mixte,2.1,0.0,1.0,882.3,35.0,737.2,722.5,397,287.0,1.1,,Piste,3.6,CARE,Oui,Non,8.0,5
1986,2023,Saison des pluies,Mayo-Sava,Mora,Homme,20.0,Coranique,Célibataire,10,2,4,Maïs,1.04,Argileux,Pluie seule,Pluvial pur,16.3,4.13,1.5,779.0,38.3,2033.2,2114.5,198,419.0,17.3,401.7,Piste,10.3,Aucun,Non,Oui,3.0,1
1987,2023,Saison sèche,Mayo-Kani,Guidiguis,Femme,51.0,Primaire,Marié(e),2,2,20,Sorgho,0.44,Sableux,Pluie seule,Pluvial pur,5.8,0.75,16.5,292.9,34.9,485.7,213.7,240,51.0,9.1,41.9,Piste,1.8,Aucun,Non,Non,4.0,1
1988,2023,Saison des pluies,Diamaré,Bogo,Femme,51.0,Aucun,Marié(e),6,3,24,Sorgho,1.51,Hardé,Pluie seule,Pluvial pur,25.8,0.0,17.5,797.3,32.0,401.3,606.0,225,136.0,15.6,120.4,Sentier,0.5,ONG locale,Oui,Non,1.0,2
1989,2024,Saison des pluies,Mayo-Sava,Waza,Homme,45.0,Primaire,Marié(e),9,3,22,Niébé,0.8,Limoneux,Pluie seule,Mixte,32.9,0.25,28.0,929.1,37.5,836.6,669.3,381,255.0,22.2,,Piste,2.4,Aucun,Non,Oui,3.0,1
1990,2023,Saison des pluies,Diamaré,Bogo,Homme,53.0,Primaire,Marié(e),8,1,8,Sésame,2.26,Limoneux,Pluie + retenue,Mixte,8.7,0.99,13.1,867.0,33.8,589.8,1332.9,616,821.0,9.9,811.1,Voie navigable,39.8,ONG locale,Oui,Oui,3.0,3
1991,2024,Saison sèche,Logone-et-Chari,Hilé-Alifa,Homme,56.0,Primaire,Marié(e),2,2,25,Mil,5.21,Argileux,Pluie + retenue,Pluvial pur,36.5,6.29,14.1,322.6,33.3,741.3,3862.2,211,815.0,34.6,780.4,Piste,34.6,SODECOTON,Non,Non,2.0,3
1992,2024,Saison sèche,Diamaré,Gazawa,Femme,18.0,Primaire,Marié(e),7,3,2,Sésame,1.04,Argileux,Pompe solaire,Irrigué,0.0,9.23,17.7,437.6,34.5,763.8,794.4,627,498.0,28.4,469.6,Sentier,6.1,Aucun,Oui,Oui,1.0,1
1993,2023,Saison sèche,Diamaré,Maroua II,Femme,57.0,Aucun,Marié(e),3,2,14,Maïs,2.47,Argileux,Pluie + retenue,Pluvial pur,22.4,2.18,20.5,368.9,31.9,1641.2,4053.8,170,689.0,20.6,668.4,Voie navigable,11.7,IRAD,Oui,Oui,8.0,3
1994,2023,Saison des pluies,Logone-et-Chari,Hilé-Alifa,Femme,44.0,Primaire,Marié(e),3,3,16,Arachide,0.34,Hardé,Pluie seule,Pluvial pur,6.5,1.55,8.7,704.0,36.4,431.7,146.8,345,51.0,9.1,41.9,Sentier,10.4,FAO,Oui,Oui,9.0,2
1995,2023,Saison des pluies,Mayo-Danay,Wina,Femme,52.0,Aucun,Marié(e),8,2,12,Coton,0.51,Limoneux,Pluie seule,Pluvial pur,,0.29,17.5,1000.2,32.9,,375.7,254,95.0,10.7,84.3,Sentier,7.1,Aucun,Oui,Non,5.0,3
1996,2023,Saison des pluies,Mayo-Danay,Yagoua,Femme,48.0,Coranique,Marié(e),2,2,22,Sésame,0.72,Argileux,Pluie seule,Mixte,,0.0,13.6,971.5,31.5,443.9,319.6,627,200.0,4.1,195.9,Piste,34.5,Aucun,Oui,Non,4.0,5
1997,2021,Saison des pluies,Mayo-Kani,Touloum,Homme,29.0,Coranique,Marié(e),5,5,10,Sorgho,3.54,Argileux,Pompe solaire,Pluvial pur,106.0,0.36,11.5,676.9,37.2,,4654.4,212,987.0,46.8,940.2,Piste,24.5,Aucun,Oui,Non,2.0,1
1998,2024,Saison des pluies,Diamaré,Mémé,Homme,37.0,Aucun,Marié(e),4,1,17,Mil,2.47,Argileux,Pompe solaire,Mixte,11.7,0.0,22.3,,33.3,802.4,1981.9,244,484.0,11.4,472.6,Piste,6.3,Aucun,Oui,Non,6.0,3
1999,2024,Saison des pluies,Mayo-Sava,Tokombéré,Femme,34.0,Primaire,Marié(e),9,1,4,Maïs,1.75,Hardé,Irrigation gravitaire,Mixte,6.1,0.08,9.9,734.0,39.0,1147.4,2008.0,189,380.0,5.6,374.4,Piste,9.9,ONG locale,Non,Oui,4.0,4
2000,2023,Saison des pluies,Mayo-Danay,Wina,Homme,57.0,Primaire,Célibataire,4,2,21,Maïs,1.49,Argilo-sableux,Irrigation gravitaire,Décrue,59.9,0.0,29.4,923.8,35.7,2081.5,3101.4,151,468.0,32.8,435.2,Piste,8.3,Aucun,Oui,Non,2.0,5
2001,2023,Saison des pluies,Mayo-Danay,Guirvidig,Femme,37.0,Secondaire,Marié(e),8,2,21,Sorgho,0.66,Sableux,Pluie seule,Mixte,37.1,0.0,20.6,,31.0,523.5,345.5,194,67.0,21.0,46.0,Piste,14.2,IRAD,Non,Oui,1.0,5
2002,2024,Saison des pluies,Mayo-Sava,Kolofata,Femme,27.0,Aucun,Marié(e),1,1,11,Mil,2.59,Sableux,Marigot,Pluvial pur,0.0,1.06,17.8,,38.5,451.8,1170.2,231,270.0,8.0,262.0,Piste,8.9,Aucun,Oui,Non,8.0,4
2003,2022,Saison sèche,Mayo-Danay,Kalfou,Homme,43.0,Universitaire,Marié(e),6,4,14,Maïs,2.33,Limoneux,Irrigation gravitaire,Mixte,6.3,2.02,13.3,328.6,35.0,2589.0,6032.4,178,1074.0,11.6,1062.4,Route bitumée,5.1,SODECOTON,Non,Oui,5.0,2
2004,2022,Saison des pluies,Logone-et-Chari,Hilé-Alifa,Homme,37.0,Coranique,Marié(e),10,4,21,Coton,2.35,Argileux,Pompe solaire,Décrue,0.0,4.98,20.8,900.9,35.9,1736.8,4081.5,320,1306.0,18.7,1287.3,Piste,7.8,IRAD,Oui,Non,,3
2005,2023,Saison des pluies,Mayo-Danay,Wina,Homme,50.0,Aucun,Célibataire,16,1,19,Arachide,1.77,Sableux,Pluie + retenue,Mixte,0.0,0.0,11.4,939.8,34.8,503.7,891.5,333,297.0,3.4,293.6,Piste,1.0,SODECOTON,Non,Non,2.0,4
2006,2023,Saison sèche,Mayo-Sava,Kolofata,Homme,47.0,Aucun,Marié(e),2,1,16,Arachide,1.29,Argileux,Pluie seule,Mixte,34.1,0.0,17.8,234.7,37.6,700.0,903.0,371,335.0,19.0,,Piste,4.3,SODECOTON,Non,Non,7.0,1
2007,2021,Saison sèche,Mayo-Kani,Guidiguis,Homme,42.0,Universitaire,Marié(e),8,1,11,Maïs,0.92,Limoneux,Pluie seule,Mixte,,2.37,23.2,371.1,34.4,1916.8,1763.5,216,381.0,12.9,368.1,Route bitumée,2.6,FAO,Non,Non,3.0,3
2008,2022,Saison des pluies,Logone-et-Chari,Kousseri,Homme,32.0,Primaire,Marié(e),6,3,11,Sorgho,2.98,Argilo-sableux,Irrigation gravitaire,Irrigué,3.3,0.0,9.0,719.3,34.4,775.3,2310.4,223,515.0,4.0,511.0,Voie navigable,27.7,Aucun,Non,Non,2.0,1
2009,2024,Saison sèche,Mayo-Sava,Tokombéré,Femme,52.0,Primaire,Marié(e),7,4,11,Sésame,0.52,Argileux,Pluie + retenue,Décrue,0.0,13.59,10.8,314.6,35.2,632.0,328.6,591,194.0,37.2,156.8,Route bitumée,4.9,Aucun,Non,Oui,2.0,3
2010,2024,Saison sèche,Mayo-Kani,Mindif,Homme,20.0,Primaire,Marié(e),9,4,3,Coton,1.41,Sableux,Pluie + retenue,Irrigué,11.5,7.7,26.2,333.2,35.7,1041.3,1468.2,272,399.0,31.7,367.3,Piste,2.6,Aucun,Non,Non,4.0,5
2011,2021,Sec,Mayo-Sava,Tokombéré,Homme,32.0,Primaire,Marié(e),2,2,11,Mil,0.63,Limoneux,Pompe solaire,Irrigué,10.5,0.83,19.9,666.3,37.8,937.4,590.6,206,122.0,12.2,,Piste,2.0,SODECOTON,Non,Non,2.0,3
2012,2022,Saison des pluies,Mayo-Danay,Kalfou,Homme,43.0,Primaire,Marié(e),4,4,19,Maïs,0.86,Sableux,Pluie + retenue,Mixte,0.0,0.0,14.7,937.7,32.7,1482.2,1274.7,159,203.0,4.4,198.6,Sentier,4.1,ONG locale,Non,Oui,4.0,3
2013,2021,Saison sèche,Mayo-Danay,Guirvidig,Homme,35.0,Aucun,Marié(e),8,3,15,Mil,,Sableux,Pluie seule,Pluvial pur,23.1,2.45,21.9,294.4,30.3,186.1,282.9,225,64.0,21.9,42.1,Sentier,7.2,FAO,Non,Non,7.0,2
2014,2023,Saison sèche,Diamaré,Mémé,Homme,33.0,Primaire,Marié(e),7,5,3,Sorgho,1.03,Argileux,Pluie + retenue,Irrigué,4.2,0.0,6.6,194.6,33.8,764.0,786.9,233,183.0,3.7,179.3,Route bitumée,4.0,ONG locale,Non,Non,7.0,4
2015,2022,Saison sèche,Mayo-Kani,Mindif,Homme,36.0,Aucun,Marié(e),3,3,20,Arachide,1.1,Argilo-sableux,Pluie seule,Mixte,1.7,0.85,24.7,398.2,35.0,781.8,860.0,396,341.0,10.2,330.8,Sentier,0.6,Aucun,Non,Non,3.0,2
2016,2024,Saison sèche,Mayo-Sava,Méri,Homme,38.0,Primaire,Marié(e),9,3,0,Niébé,0.38,Hardé,Pluie seule,Mixte,78.7,0.0,20.3,299.8,34.7,,159.7,411,66.0,37.6,28.4,Piste,0.9,CARE,Non,Non,2.0,3
2017,2021,Saison sèche,Mayo-Kani,Touloum,Homme,45.0,Universitaire,Marié(e),10,2,22,Maïs,5.37,Sableux,Pluie seule,Pluvial pur,53.8,1.84,23.0,229.7,35.4,,8844.9,191,1689.0,33.0,1656.0,Sentier,19.0,Aucun,Non,Non,2.0,5
2018,2021,Saison des pluies,Logone-et-Chari,Hilé-Alifa,Femme,18.0,Aucun,Veuf/Veuve,4,2,2,Sorgho,1.76,Argileux,Irrigation gravitaire,Décrue,0.0,0.6,10.8,661.1,34.9,736.5,1296.2,200,259.0,4.7,254.3,Piste,24.8,CARE,Oui,Non,9.0,3
2019,2021,Saison des pluies,Mayo-Sava,Kolofata,Homme,42.0,Aucun,Marié(e),1,1,18,Mil,0.91,Argileux,Pluie seule,Pluvial pur,0.0,1.67,29.1,616.3,36.6,461.8,420.2,191,80.0,12.9,67.1,Piste,1.3,SODECOTON,Non,Non,,2
2020,2023,Saison des pluies,Mayo-Danay,Tchatibali,Homme,44.0,Aucun,Marié(e),6,2,26,Niébé,1.28,Argileux,Pluie seule,Irrigué,0.0,0.0,23.6,955.0,32.4,746.7,955.8,387,370.0,7.1,362.9,Sentier,2.6,Aucun,Oui,Oui,6.0,4
2021,2024,Saison des pluies,Diamaré,Maroua II,Femme,23.0,Aucun,Marié(e),7,1,3,Sésame,0.69,Hardé,Pluie + retenue,Pluvial pur,0.0,0.0,8.6,777.1,33.4,299.1,206.4,583,120.0,2.6,117.4,Sentier,0.9,SODECOTON,Non,Non,2.0,1
2022,2021,Saison sèche,Logone-et-Chari,Hilé-Alifa,Homme,60.0,Aucun,Marié(e),10,3,12,Sorgho,1.38,Limoneux,Pluie seule,Pluvial pur,0.0,1.87,27.8,355.2,35.5,651.2,898.7,240,216.0,13.0,203.0,Route bitumée,10.8,Aucun,Oui,Oui,,2
2023,2023,Saison des pluies,Diamaré,Mémé,Homme,53.0,Aucun,Marié(e),10,2,16,Niébé,0.5,Sableux,Pompe solaire,Pluvial pur,17.4,1.07,7.7,865.0,33.6,905.5,452.8,396,179.0,11.9,167.1,Piste,13.6,FAO,Non,Non,7.0,3
2024,2021,Saison sèche,Logone-et-Chari,Goulfey,Homme,37.0,Universitaire,Marié(e),9,2,19,Niébé,,Limoneux,Irrigation gravitaire,Pluvial pur,40.7,2.33,11.9,267.2,35.9,1585.3,1490.2,414,617.0,25.7,591.3,Voie navigable,13.5,FAO,Oui,Oui,6.0,2
2025,2022,Saison sèche,Mayo-Sava,Mora,Homme,53.0,Primaire,Marié(e),8,3,18,Sorgho,0.62,Argileux,Pluie + retenue,Pluvial pur,0.0,0.0,12.7,291.4,40.5,723.5,448.6,172,77.0,3.8,73.2,Piste,0.8,FAO,Non,Non,6.0,2
2026,2024,Saison des pluies,Diamaré,Maroua III,Femme,21.0,Secondaire,Marié(e),5,3,5,Niébé,1.5,Argileux,Irrigation gravitaire,Irrigué,1.0,5.82,26.1,978.8,31.9,1080.5,1620.8,398,645.0,22.8,622.2,Piste,34.0,WFP,Non,Non,3.0,5
2027,2022,Saison des pluies,Mayo-Kani,Touloum,Femme,43.0,Primaire,Marié(e),8,1,19,Maïs,1.04,Argilo-sableux,Pluie seule,Irrigué,76.6,3.4,15.8,826.2,34.6,1419.0,1475.8,220,325.0,43.9,281.1,Piste,10.0,Aucun,Oui,Non,5.0,2
2028,2024,Saison sèche,Diamaré,Maroua III,Homme,64.0,Aucun,Marié(e),8,2,8,Niébé,2.06,Limoneux,Irrigation gravitaire,Pluvial pur,21.9,0.0,23.9,392.8,31.7,,1778.0,423,752.0,15.9,736.1,Route bitumée,25.7,FAO,Non,Oui,1.0,5
2029,2023,Saison sèche,Mayo-Sava,Tokombéré,Femme,38.0,Coranique,Célibataire,7,1,6,Maïs,1.07,Argilo-sableux,Pluie + retenue,Pluvial pur,,0.0,17.5,351.7,36.0,1844.4,1973.5,199,393.0,11.5,381.5,Sentier,35.2,Aucun,Non,Oui,8.0,1
2030,2023,Saison des pluies,Mayo-Kani,Kaélé,Homme,62.0,Secondaire,Marié(e),7,3,0,Sorgho,0.73,Argileux,Pluie seule,Irrigué,24.0,0.0,16.0,896.6,32.8,843.1,615.5,240,148.0,14.4,133.6,Sentier,2.0,CARE,Non,Non,8.0,2
2031,2023,Saison des pluies,Mayo-Sava,Kolofata,Femme,38.0,Primaire,Marié(e),4,3,8,Sorgho,1.34,Argilo-sableux,Irrigation gravitaire,Pluvial pur,0.8,0.0,15.2,629.5,37.0,733.5,982.9,176,173.0,4.9,168.1,Piste,7.4,ONG locale,Non,Non,6.0,4
2032,2023,Saison sèche,Logone-et-Chari,Makary,Homme,,Universitaire,Marié(e),1,1,2,Mil,0.91,Hardé,Irrigation gravitaire,Pluvial pur,31.3,1.65,10.5,209.3,37.3,710.9,646.9,207,134.0,19.8,114.2,Sentier,0.9,FAO,Non,Oui,9.0,2
2033,2021,Saison des pluies,Mayo-Sava,Tokombéré,Homme,63.0,Primaire,Marié(e),10,1,18,Sorgho,0.66,Argileux,Irrigation gravitaire,Pluvial pur,87.5,1.51,10.0,,33.8,,816.1,171,140.0,41.8,,Piste,23.0,SODECOTON,Non,Oui,8.0,2
2034,2023,Saison des pluies,Mayo-Sava,Mora,Femme,46.0,Aucun,Marié(e),9,5,9,Maïs,6.51,Argileux,Pompe solaire,Mixte,0.0,4.22,28.0,693.2,35.4,2028.1,13202.9,210,2773.0,18.9,2754.1,Route bitumée,12.0,Aucun,Oui,Oui,9.0,2
2035,2021,Saison des pluies,Mayo-Kani,Touloum,Homme,33.0,Coranique,Marié(e),8,5,17,Arachide,0.87,Sableux,Pluie seule,Pluvial pur,3.7,1.12,18.1,,36.0,607.8,528.8,388,205.0,9.7,195.3,Piste,6.8,WFP,Non,Oui,9.0,3
2036,2021,Saison des pluies,Mayo-Sava,Tokombéré,Homme,33.0,Aucun,Marié(e),8,3,17,Niébé,1.58,Limoneux,Pluie seule,Pluvial pur,0.0,0.0,21.4,,36.8,556.5,879.3,427,375.0,6.4,368.6,Voie navigable,8.4,Aucun,Oui,Non,1.0,4
2037,2023,Saison des pluies,Logone-et-Chari,Kousseri,Femme,44.0,Coranique,Marié(e),7,2,5,Maïs,0.66,Limoneux,Pluie seule,Mixte,63.4,0.0,18.6,684.1,34.7,1868.2,1233.0,182,224.0,30.9,,Route bitumée,21.9,SODECOTON,Non,Non,,1
2038,2024,Saison des pluies,Mayo-Sava,Mora,Homme,,Secondaire,Marié(e),8,4,29,Maïs,0.88,Argileux,Irrigation gravitaire,Pluvial pur,0.0,0.94,26.7,759.4,35.5,2109.6,1856.4,172,319.0,10.4,308.6,Piste,29.2,WFP,Non,Oui,5.0,2
2039,2024,Saison sèche,Diamaré,Maroua III,Femme,24.0,Primaire,Marié(e),8,5,6,Maïs,0.73,Limoneux,Pluie seule,Pluvial pur,51.7,0.0,11.5,338.1,34.9,2041.2,1490.1,218,325.0,24.1,300.9,Sentier,3.8,Aucun,Oui,Non,4.0,1
2040,2023,Saison sèche,Diamaré,Maroua II,Homme,30.0,Primaire,Marié(e),8,1,11,Maïs,1.89,Sableux,Pluie seule,Irrigué,6.3,4.47,24.4,246.0,34.2,968.1,1829.7,161,295.0,21.0,274.0,Route bitumée,21.3,Aucun,Oui,Non,4.0,3
2041,2023,Saison des pluies,Mayo-Danay,Guirvidig,Homme,35.0,Primaire,Marié(e),10,1,16,Sésame,1.94,Limoneux,Pluie seule,Mixte,18.0,0.0,4.1,918.8,31.2,533.2,1034.4,630,652.0,8.4,643.6,Piste,11.1,Aucun,Non,Oui,6.0,4
2042,2021,Saison sèche,Logone-et-Chari,Kousseri,Femme,43.0,Secondaire,Célibataire,8,2,13,Niébé,3.93,Sableux,Pluie seule,Mixte,0.0,2.37,7.5,207.2,34.6,572.5,2249.9,418,940.0,8.2,931.8,Route bitumée,41.0,SODECOTON,Non,Non,7.0,4
2043,2023,Saison sèche,Diamaré,Maroua I,Homm,53.0,Universitaire,Marié(e),2,2,6,Sorgho,1.48,Argilo-sableux,Pluie + retenue,Mixte,15.9,1.76,22.7,417.1,34.4,740.7,1096.2,208,228.0,17.6,210.4,Piste,27.5,ONG locale,Oui,Oui,7.0,5
2044,2022,Saison sèche,Logone-et-Chari,Hilé-Alifa,Homme,44.0,Primaire,Marié(e),4,1,14,Maïs,,Sableux,Pluie + retenue,Pluvial pur,0.0,0.0,30.5,350.8,38.7,1478.9,931.7,196,183.0,9.2,,Sentier,5.7,Aucun,Non,Oui,1.0,1
2045,2022,Saison sèche,Mayo-Danay,Tchatibali,Homme,20.0,Aucun,Marié(e),4,2,4,Arachide,1.4,Argileux,Pluie seule,Décrue,0.0,0.49,1.0,436.5,31.5,663.4,928.8,361,335.0,1.5,333.5,Voie navigable,7.2,SODECOTON,Non,Non,7.0,1
2046,2024,Saison sèche,Logone-et-Chari,Kousseri,Homme,,Aucun,Marié(e),10,2,10,Sésame,0.49,Argilo-sableux,Pluie seule,Pluvial pur,107.9,0.0,16.5,346.0,35.2,,262.1,633,166.0,48.1,117.9,Piste,6.3,Aucun,Non,Non,3.0,2
2047,2023,Saison des pluies,Diamaré,Mémé,Femme,35.0,Aucun,Marié(e),9,4,12,Mil,1.1,Argilo-sableux,Pluie seule,Mixte,1.8,2.55,27.5,835.8,33.0,,661.5,244,161.0,15.3,145.7,Piste,16.4,SODECOTON,Non,Non,2.0,2
2048,2021,Saison sèche,Logone-et-Chari,Goulfey,Femme,31.0,Aucun,Marié(e),9,3,14,Sorgho,1.4,Sableux,Marigot,Mixte,11.0,5.29,11.6,356.3,33.4,658.7,922.2,242,223.0,21.1,201.9,Sentier,0.5,FAO,Non,Non,1.0,1
2049,2024,Saison des pluies,Mayo-Kani,Kaélé,Homme,34.0,Secondaire,Marié(e),7,2,17,Niébé,1.22,Argileux,Marigot,Décrue,30.7,2.6,9.8,,34.7,1064.6,1298.8,421,547.0,21.7,525.3,Route bitumée,1.4,IRAD,Non,Non,4.0,2
2050,2024,Saison des pluies,Logone-et-Chari,Blangoua,Homme,67.0,Coranique,Marié(e),7,2,28,Niébé,2.46,Sableux,Pluie seule,Mixte,0.0,3.25,14.1,,35.9,550.6,1354.5,381,516.0,12.4,503.6,Piste,28.9,SODECOTON,Non,Non,7.0,1
2051,2023,Saison sèche,Logone-et-Chari,Goulfey,Homme,24.0,Aucun,Marié(e),4,2,8,Mil,0.82,Argilo-sableux,Pluie seule,Pluvial pur,0.0,0.0,3.1,252.9,33.5,,358.6,228,82.0,0.9,81.1,Voie navigable,28.4,FAO,Non,Oui,5.0,2
2052,2021,Saison sèche,Mayo-Danay,Tchatibali,Femme,32.0,Primaire,Marié(e),1,1,10,Niébé,0.8,Argileux,Pluie seule,Mixte,0.0,0.0,8.5,355.4,33.0,916.0,732.8,425,311.0,2.5,308.5,Piste,11.7,Aucun,Non,Oui,5.0,4
2053,2022,Saison des pluies,Mayo-Kani,Touloum,Homme,44.0,Secondaire,Marié(e),10,1,28,Arachide,0.54,Argileux,Pluie seule,Mixte,0.0,0.0,35.3,936.3,33.5,876.5,473.3,374,177.0,10.6,166.4,Route bitumée,0.5,SODECOTON,Non,Non,3.0,4
2054,2024,Saison des pluies,Logone-et-Chari,Goulfey,Homme,66.0,Aucun,Marié(e),9,3,29,Maïs,1.58,Argilo-sableux,Pluie seule,Irrigué,8.1,6.43,18.1,781.4,35.9,1473.9,2328.8,186,433.0,24.7,408.3,Voie navigable,2.7,Aucun,Non,Oui,7.0,5
2055,2024,Saison des pluies,Logone-et-Chari,Hilé-Alifa,Femme,27.0,Secondaire,Marié(e),5,1,11,Coton,4.52,Sableux,Pluie + retenue,Pluvial pur,,0.0,18.4,778.3,33.1,1072.1,4845.9,322,1560.0,8.5,1551.5,Sentier,10.3,Aucun,Non,Oui,6.0,3
2056,2021,Saison sèche,Diamaré,Maroua III,Femme,,Coranique,Marié(e),9,4,18,Sésame,0.93,Argileux,Pluie + retenue,Mixte,17.1,0.11,15.3,305.9,37.0,532.3,495.0,581,288.0,11.7,276.3,Route bitumée,8.7,IRAD,Oui,Non,,5
2057,2023,Saison sèche,Mayo-Kani,Mindif,Femme,,Secondaire,Marié(e),8,4,2,Sésame,,Hardé,Irrigation gravitaire,Pluvial pur,64.6,3.39,16.1,286.0,35.8,524.7,309.6,609,189.0,39.1,149.9,Piste,11.2,IRAD,Oui,Oui,3.0,2
2058,2021,Saison des pluies,Mayo-Kani,Moutourwa,Homme,32.0,Aucun,Marié(e),7,1,12,Niébé,0.6,Argileux,Irrigation gravitaire,Pluvial pur,54.6,1.95,22.4,719.3,35.6,884.1,530.5,432,229.0,33.4,195.6,Sentier,0.6,Aucun,Oui,Oui,4.0,3
2059,2024,Saison des pluies,Logone-et-Chari,Hilé-Alifa,Homme,,Secondaire,Marié(e),2,2,18,Maïs,4.54,Argilo-sableux,Pluie seule,Pluvial pur,20.8,7.06,6.9,771.2,36.9,1368.5,6213.0,160,994.0,28.0,966.0,Piste,0.8,Aucun,Oui,Non,6.0,5
2060,2024,Saison sèche,Mayo-Kani,Moutourwa,Femme,27.0,Aucun,Marié(e),6,3,11,Sorgho,1.73,Sableux,Marigot,Pluvial pur,34.5,0.0,23.1,273.1,38.5,525.6,909.3,235,214.0,20.7,193.3,Route bitumée,0.5,IRAD,Oui,Oui,5.0,1
2061,2022,Saison sèche,Mayo-Kani,Kaélé,Femme,56.0,Primaire,Marié(e),5,4,15,Sorgho,0.3,Limoneux,Irrigation gravitaire,Irrigué,29.6,0.0,16.6,360.6,38.2,919.1,275.7,242,67.0,16.8,50.2,Piste,0.7,Aucun,Oui,Non,5.0,2
2062,2021,Saison des pluies,Diamaré,Maroua I,Homme,23.0,Aucun,Marié(e),5,3,7,Sorgho,,Argileux,Pluie + retenue,Pluvial pur,0.0,1.04,15.1,,34.3,650.3,494.2,186,92.0,7.1,84.9,Sentier,2.1,SODECOTON,Non,Non,8.0,2
2063,2022,Saison des pluies,Diamaré,Maroua III,Femme,44.0,Secondaire,Marié(e),6,1,0,Maïs,1.39,Argileux,Pluie seule,Pluvial pur,86.6,1.54,26.4,904.5,36.3,,3638.6,195,710.0,46.4,663.6,Route bitumée,11.6,ONG locale,Oui,Oui,4.0,4
2064,2024,Saison des pluies,Logone-et-Chari,Blangoua,Homme,29.0,Aucun,Célibataire,8,4,12,Sorgho,0.34,Limoneux,Pluie seule,Irrigué,39.2,0.0,12.8,840.8,35.6,714.0,242.8,171,42.0,19.5,22.5,Piste,22.5,Aucun,Oui,Non,5.0,1
2065,2024,Saison des pluies,Mayo-Danay,Guirvidig,Homme,48.0,Coranique,Marié(e),7,4,9,Maïs,0.52,Argileux,Pluie + retenue,Mixte,6.2,7.12,13.5,1058.7,31.7,2127.9,1106.5,180,199.0,24.3,174.7,Route bitumée,34.1,FAO,Non,Oui,4.0,5
2066,2023,Saison des pluies,Mayo-Kani,Moutourwa,Femme,32.0,Universitaire,Marié(e),6,3,1,Maïs,0.56,Limoneux,Pluie seule,Irrigué,0.1,2.18,16.8,740.0,36.2,1268.6,710.4,182,129.0,10.5,118.5,Piste,0.6,Aucun,Oui,Non,6.0,4
2067,2022,Saison des pluies,Mayo-Sava,Méri,Homme,52.0,Primaire,Veuf/Veuve,9,2,15,Mil,1.29,Argileux,Pluie seule,Irrigué,40.1,0.0,16.0,738.6,37.6,679.2,876.2,238,209.0,20.8,188.2,Sentier,21.2,SODECOTON,Non,Non,6.0,5
2068,2024,Saison sèche,Mayo-Danay,Yagoua,Homme,39.0,Aucun,Veuf/Veuve,5,2,10,Maïs,4.47,Argileux,Pluie seule,Décrue,43.5,0.0,37.2,467.6,33.3,1817.7,8125.1,153,1243.0,28.6,1214.4,Voie navigable,1.1,Aucun,Oui,Oui,2.0,2
2069,2021,Saison des pluies,Mayo-Sava,Tokombéré,Homme,51.0,Primaire,Marié(e),7,3,25,Sorgho,2.25,Sableux,Pluie + retenue,Mixte,26.7,3.96,14.9,595.0,36.6,567.7,1277.3,212,271.0,25.0,246.0,Sentier,15.0,Aucun,Non,Non,,3
2070,2022,Saison des pluies,Mayo-Danay,Yagoua,homme,18.0,Aucun,Marié(e),7,5,2,Mil,0.82,Limoneux,Pompe solaire,Pluvial pur,34.2,0.0,23.2,873.3,31.6,797.6,654.0,203,133.0,20.6,112.4,Piste,0.5,FAO,Oui,Oui,,4
2071,2022,Saison sèche,Logone-et-Chari,Hilé-Alifa,Homme,38.0,Coranique,Marié(e),4,2,14,Niébé,1.55,Argilo-sableux,Pluie seule,Pluvial pur,36.2,7.71,18.6,326.4,36.2,708.1,1097.6,377,414.0,39.3,374.7,Piste,2.9,FAO,Non,Oui,3.0,3
2072,2022,Saison des pluies,Mayo-Kani,Touloum,Homme,50.0,Secondaire,Marié(e),4,2,10,Mil,0.9,Limoneux,Pluie seule,Mixte,53.4,1.97,27.7,830.8,33.3,521.4,469.3,233,109.0,34.6,74.4,Piste,1.6,Aucun,Non,Non,4.0,1
2073,2021,Saison sèche,Diamaré,Bogo,Homme,39.0,Universitaire,Marié(e),8,1,15,Arachide,2.55,Argileux,Irrigation gravitaire,Pluvial pur,6.5,0.0,12.4,249.1,31.8,1537.1,3919.6,323,1266.0,6.3,1259.7,Piste,2.1,SODECOTON,Non,Non,3.0,3
2074,2023,Saison sèche,Diamaré,Gazawa,Homme,38.0,Primaire,Marié(e),11,4,10,Arachide,0.74,Argileux,Pluie seule,Mixte,18.6,0.0,25.4,404.7,35.9,1089.5,806.2,340,274.0,15.1,,Route bitumée,14.2,IRAD,Oui,Non,7.0,5
2075,2022,saison_pluies,Mayo-Kani,Kaélé,Homme,44.0,Coranique,Marié(e),5,2,0,Niébé,1.4,Hardé,Pluie seule,Pluvial pur,41.3,0.51,18.2,830.5,32.9,,441.1,413,182.0,23.3,158.7,Piste,12.3,Aucun,Oui,Non,5.0,5
2076,2024,Saison sèche,Diamaré,Maroua II,Homme,37.0,Primaire,Marié(e),2,2,21,Mil,2.93,Sableux,Pluie + retenue,Décrue,25.1,0.0,22.4,402.5,35.2,447.7,1311.8,204,268.0,16.8,251.2,Sentier,4.6,FAO,Non,Non,5.0,2
2077,2023,Saison sèche,Mayo-Danay,Tchatibali,Homme,,Coranique,Marié(e),7,5,2,Sorgho,1.05,Argilo-sableux,Marigot,Pluvial pur,0.0,0.0,20.2,224.8,33.6,469.6,493.1,211,104.0,6.1,,Sentier,10.2,Aucun,Oui,Oui,6.0,5
2078,2021,Saison des pluies,Logone-et-Chari,Makary,Homme,34.0,Aucun,Marié(e),10,2,18,Niébé,0.49,Argileux,Irrigation gravitaire,Irrigué,19.1,2.63,16.4,636.9,35.5,1005.7,492.8,401,198.0,19.1,178.9,Route bitumée,0.9,Aucun,Non,Non,1.0,5
2079,2024,Saison sèche,Mayo-Danay,Tchatibali,Femme,51.0,Aucun,Célibataire,9,4,7,Mil,-5.0,Hardé,Pluie seule,Mixte,0.0,3.08,17.4,419.5,32.6,199.2,119.5,237,28.0,12.9,15.1,Sentier,6.5,IRAD,Non,Oui,9.0,5
2080,2023,Saison sèche,Logone-et-Chari,Makary,Homme,62.0,Aucun,Marié(e),4,4,22,Sorgho,1.73,Argilo-sableux,Pluie + retenue,Mixte,61.4,0.0,18.0,198.7,34.7,823.8,1425.2,199,284.0,30.0,254.0,Route bitumée,15.1,Aucun,Oui,Oui,4.0,2
2081,2021,Saison des pluies,Mayo-Danay,Kalfou,Homme,41.0,Aucun,Marié(e),3,3,19,Arachide,1.33,Hardé,Pompe solaire,Pluvial pur,0.0,2.9,11.6,829.3,36.3,606.2,806.2,323,260.0,10.7,,Piste,7.3,Aucun,Non,Non,3.0,2
2082,2021,Saison des pluies,Mayo-Danay,Guirvidig,Homme,46.0,Aucun,Marié(e),6,2,9,Coton,1.34,Argilo-sableux,Pluie seule,Pluvial pur,0.0,1.6,8.2,755.4,31.5,1178.7,1579.5,266,420.0,6.5,413.5,Route bitumée,14.0,FAO,Non,Oui,9.0,4
2083,2022,Saison sèche,Mayo-Danay,Tchatibali,Homme,26.0,Coranique,Marié(e),4,2,10,Sésame,0.42,Sableux,Pluie seule,Mixte,10.6,2.38,4.6,458.6,32.7,392.3,164.8,650,107.0,11.6,95.4,Piste,11.3,ONG locale,Non,Non,9.0,1
2084,2023,Saison sèche,Mayo-Sava,Kolofata,Homme,43.0,Aucun,Veuf/Veuve,8,1,27,Maïs,0.63,Argileux,Pluie + retenue,Pluvial pur,3.0,1.04,15.0,355.0,36.2,1548.8,975.7,182,178.0,8.3,169.7,Voie navigable,4.2,SODECOTON,Oui,Oui,1.0,5
2085,2024,Saison sèche,Mayo-Sava,Méri,Homme,42.0,Coranique,Veuf/Veuve,9,4,17,Sorgho,0.42,Sableux,Pompe solaire,Pluvial pur,107.4,0.0,21.3,377.9,35.5,1006.7,422.8,210,89.0,49.4,39.6,Piste,34.7,Aucun,Non,Oui,7.0,3
2086,2023,Saison des pluies,Logone-et-Chari,Makary,Homme,22.0,Secondaire,Marié(e),6,3,6,Mil,0.88,Argileux,Pluie seule,Mixte,1.2,1.59,15.0,,34.6,688.0,605.4,270,163.0,9.0,154.0,Sentier,15.3,ONG locale,Oui,Non,3.0,2
2087,2021,Saison des pluies,Diamaré,Bogo,Homme,34.0,Aucun,Marié(e),5,1,0,Maïs,0.61,Argileux,Pluie seule,Pluvial pur,0.0,0.8,21.6,770.6,34.1,1358.2,828.5,191,158.0,8.5,149.5,Voie navigable,12.1,Aucun,Oui,Non,9.0,2
2088,2024,Saison des pluies,Mayo-Sava,Méri,Femme,37.0,Coranique,Marié(e),7,2,12,Arachide,0.55,Argileux,Marigot,Pluvial pur,0.0,0.49,23.5,759.2,35.6,992.0,545.6,391,213.0,8.3,,Sentier,7.6,FAO,Non,Non,9.0,2
2089,2023,Saison sèche,Mayo-Sava,Mora,Femme,,Secondaire,Marié(e),1,1,9,Sorgho,3.84,Limoneux,Pluie seule,Pluvial pur,16.8,5.79,12.7,303.7,37.8,,2629.2,247,649.0,25.0,624.0,Piste,0.7,IRAD,Oui,Non,4.0,5
2090,2022,Saison sèche,Logone-et-Chari,Makary,Homme,28.0,Primaire,Marié(e),7,3,12,Mil,0.17,Limoneux,Marigot,Mixte,100.7,0.66,14.6,278.6,36.6,753.3,128.1,191,24.0,46.3,-22.3,Piste,7.6,FAO,Non,Non,9.0,3
2091,2023,Saison des pluies,Logone-et-Chari,Makary,Homme,42.0,Aucun,Marié(e),9,4,4,Maïs,,Sableux,Pluie + retenue,Pluvial pur,29.9,0.0,13.0,693.2,35.5,1370.0,1205.6,150,181.0,15.9,165.1,Piste,19.2,Aucun,Non,Oui,6.0,2
2092,2023,Saison sèche,Mayo-Sava,Mora,Homme,28.0,Aucun,Marié(e),5,2,12,Mil,0.64,Argileux,Pluie seule,Mixte,62.1,0.0,1.0,158.6,37.1,643.8,412.0,244,101.0,25.1,75.9,Route bitumée,3.8,Aucun,Oui,Non,4.0,4
2093,2024,Saison des pluies,Mayo-Kani,Mindif,Homme,,Aucun,Marié(e),6,1,8,Arachide,1.93,Sableux,Pluie + retenue,Irrigué,7.1,1.7,1.0,861.0,35.4,457.8,883.6,328,290.0,7.4,282.6,Piste,21.2,Aucun,Non,Non,6.0,3
2094,2023,Saison sèche,Diamaré,Maroua II,Homme,69.0,Aucun,Marié(e),7,4,25,Arachide,1.02,Hardé,Irrigation gravitaire,Pluvial pur,0.5,3.94,10.3,322.0,34.0,748.4,763.4,369,282.0,13.1,268.9,Piste,14.8,Aucun,Non,Non,4.0,3
2095,2023,Saison sèche,Mayo-Sava,Mora,Homme,,Aucun,Veuf/Veuve,4,1,20,Coton,1.94,Hardé,Marigot,Pluvial pur,0.0,0.05,14.2,181.5,34.6,374.1,725.8,268,195.0,4.4,190.6,Sentier,13.5,IRAD,Non,Oui,1.0,5
2096,2021,Saison sèche,Mayo-Danay,Tchatibali,Homme,52.0,Aucun,Marié(e),4,3,25,Maïs,2.8,Argileux,Pluie + retenue,Pluvial pur,4.6,6.43,4.9,192.0,34.8,1968.2,5511.0,194,1069.0,19.4,1049.6,Route bitumée,7.3,Aucun,Non,Non,,5
2097,2022,Saison sèche,Mayo-Kani,Touloum,Homme,53.0,Universitaire,Célibataire,8,3,18,Maïs,0.85,Limoneux,Pompe solaire,Pluvial pur,0.0,0.18,1.5,301.7,33.2,2782.2,2364.9,162,383.0,0.9,382.1,Voie navigable,3.1,ONG locale,Oui,Oui,6.0,4
2098,2021,Saison des pluies,Mayo-Sava,Tokombéré,Femme,34.0,Coranique,Marié(e),7,2,11,Sésame,1.36,Limoneux,Pluie seule,Pluvial pur,0.0,3.27,16.6,578.6,36.6,466.9,635.0,574,364.0,13.2,350.8,Piste,11.4,Aucun,Non,Oui,2.0,3
2099,2022,Saison sèche,Logone-et-Chari,Blangoua,Homme,,Primaire,Marié(e),5,3,13,Niébé,1.89,Argilo-sableux,Pluie seule,Décrue,0.0,0.0,16.5,275.4,36.8,,1043.8,420,438.0,5.0,,Piste,38.1,SODECOTON,Oui,Oui,2.0,4
2100,2021,Saison sèche,Diamaré,Gazawa,Homme,60.0,Coranique,Marié(e),2,2,29,Sésame,1.22,Argileux,Pluie seule,Mixte,57.3,1.62,16.5,272.6,30.9,601.0,733.2,636,466.0,31.9,434.1,Route bitumée,1.5,Aucun,Non,Non,5.0,1
2101,2022,Saison sèche,Diamaré,Bogo,Homme,37.0,Primaire,Marié(e),9,2,14,Maïs,1.89,Argilo-sableux,Pluie seule,Pluvial pur,0.0,0.78,3.9,420.0,32.3,1406.0,2657.3,164,436.0,3.1,432.9,Sentier,1.4,ONG locale,Non,Non,,1
2102,2024,Saison des pluies,Logone-et-Chari,Hilé-Alifa,Homme,48.0,Aucun,Marié(e),10,4,27,Sésame,0.36,Limoneux,Pluie + retenue,Pluvial pur,165.9,6.16,23.4,779.7,36.7,803.9,289.4,587,170.0,88.8,81.2,Piste,36.9,CARE,Oui,Oui,3.0,2
2103,2024,Saison sèche,Diamaré,Maroua I,Femme,62.0,Secondaire,Marié(e),9,1,35,Sorgho,0.42,Limoneux,Pompe solaire,Irrigué,39.4,0.63,13.0,424.9,33.9,1062.5,446.2,229,102.0,21.2,80.8,Route bitumée,1.1,CARE,Non,Non,3.0,5
2104,2024,Saison sèche,Logone-et-Chari,Makary,homme,52.0,Aucun,Veuf/Veuve,3,3,22,Sorgho,1.67,Argilo-sableux,Pompe solaire,Irrigué,26.1,0.0,14.5,222.2,36.4,822.1,1372.9,175,240.0,14.8,225.2,Piste,18.5,SODECOTON,Non,Oui,4.0,3
2105,2022,Saison des pluies,Mayo-Kani,Mindif,Homme,53.0,Aucun,Marié(e),2,1,4,Sésame,0.85,Argileux,Pompe solaire,Pluvial pur,,0.0,21.0,782.7,35.5,787.5,669.4,630,422.0,30.0,392.0,Route bitumée,12.2,IRAD,Non,Oui,,4
2106,2021,Saison des pluies,Mayo-Kani,Kaélé,Homme,50.0,Coranique,Marié(e),6,2,13,Niébé,0.45,Argileux,Marigot,Mixte,100.7,0.0,10.8,,37.6,971.7,437.3,449,196.0,43.5,152.5,Route bitumée,23.0,Aucun,Non,Non,,2
2107,2024,Saison sèche,Logone-et-Chari,Hilé-Alifa,Homme,47.0,Primaire,Marié(e),7,1,3,Maïs,1.01,Sableux,Pluie seule,Décrue,4.3,1.17,2.5,359.6,37.4,1319.0,1332.2,200,266.0,5.4,260.6,Piste,3.3,Aucun,Non,Oui,5.0,3
2108,2021,Saison des pluies,Mayo-Danay,Tchatibali,Femme,60.0,Primaire,Veuf/Veuve,11,5,18,Niébé,1.03,Argilo-sableux,Pluie seule,Mixte,0.0,6.83,8.5,782.0,34.0,575.6,592.9,394,234.0,19.6,214.4,Sentier,5.0,Aucun,Non,Oui,9.0,1
2109,2024,Saison sèche,Diamaré,Maroua III,Homme,42.0,Primaire,Marié(e),7,4,6,Maïs,2.26,Argilo-sableux,Pluie seule,Mixte,13.0,3.22,18.3,417.5,34.2,1104.3,2495.7,202,504.0,18.7,485.3,Sentier,11.0,Aucun,Non,Oui,1.0,5
2110,2022,Saison sèche,Logone-et-Chari,Kousseri,Homme,36.0,Primaire,Marié(e),9,1,14,Maïs,3.41,Limoneux,Pluie seule,Pluvial pur,0.0,2.13,16.0,240.7,35.6,1623.2,5535.1,171,947.0,10.1,936.9,Voie navigable,38.4,SODECOTON,Non,Non,4.0,4
2111,2021,Saison sèche,Mayo-Danay,Guirvidig,Homme,32.0,Universitaire,Célibataire,9,5,8,Arachide,0.93,Argileux,Pluie seule,Mixte,11.8,1.91,18.8,282.8,32.0,1183.0,1100.2,348,383.0,15.1,367.9,Piste,22.9,Aucun,Non,Non,6.0,4
2112,2023,Saison sèche,Mayo-Danay,Guirvidig,Homme,35.0,Aucun,Marié(e),11,3,13,Mil,1.29,Argileux,Pluie seule,Pluvial pur,,1.56,12.8,380.0,30.7,634.7,818.8,253,207.0,33.8,173.2,Piste,46.3,FAO,Non,Non,6.0,2
2113,2023,Saison sèche,Mayo-Kani,Guidiguis,Homme,70.0,Aucun,Marié(e),6,2,13,Sorgho,1.14,Argileux,Pluie seule,Pluvial pur,20.2,0.85,9.5,325.6,33.5,758.3,864.5,208,180.0,13.1,166.9,Route bitumée,14.0,Aucun,Oui,Oui,2.0,1
2114,2023,Saison des pluies,Mayo-Sava,Méri,Homme,41.0,Coranique,Marié(e),6,3,25,Niébé,1.31,Argileux,Pluie seule,Irrigué,0.0,0.32,12.1,721.2,36.7,979.0,1282.5,384,492.0,4.4,487.6,Piste,12.4,IRAD,Oui,Non,2.0,1
2115,2022,Saison des pluies,Mayo-Danay,Guirvidig,Femme,28.0,Universitaire,Marié(e),9,3,0,Maïs,1.67,Sableux,Pluie seule,Décrue,11.0,3.5,12.0,926.2,33.2,1593.9,2661.8,157,418.0,16.8,401.2,Route bitumée,1.6,CARE,Non,Oui,6.0,5
2116,2024,Saison sèche,Mayo-Sava,Méri,Homme,44.0,Aucun,Marié(e),7,1,24,Niébé,2.33,Limoneux,Pluie seule,Mixte,0.0,0.0,1.0,343.5,38.5,586.8,1367.2,419,573.0,0.3,572.7,Voie navigable,1.7,ONG locale,Non,Oui,4.0,2
2117,2022,Saison sèche,Mayo-Sava,Kolofata,Homme,59.0,Secondaire,Célibataire,9,1,14,Niébé,1.26,Argileux,Pompe solaire,Pluvial pur,,0.0,21.0,299.1,36.5,1253.3,1579.2,405,640.0,6.3,633.7,Piste,28.0,Aucun,Non,Oui,,2
2118,2022,Saison sèche,Mayo-Danay,Guirvidig,Homme,25.0,Secondaire,Marié(e),12,2,8,Niébé,0.93,Argilo-sableux,Pluie seule,Mixte,5.5,2.53,18.0,380.6,33.1,733.7,682.3,444,303.0,13.9,289.1,Sentier,9.0,Aucun,Oui,Non,2.0,5
2119,2024,Saison des pluies,Mayo-Danay,Tchatibali,FEMME,42.0,Secondaire,Célibataire,1,1,6,Sorgho,0.93,Limoneux,Pluie seule,Pluvial pur,58.1,0.0,13.6,,34.4,984.9,916.0,244,224.0,27.3,,Sentier,52.5,Aucun,Non,Non,9.0,1
2120,2023,Saison des pluies,Mayo-Danay,Kalfou,Homme,38.0,Primaire,Marié(e),7,2,20,Mil,1.23,Sableux,Irrigation gravitaire,Irrigué,144.3,0.0,1.0,844.1,35.3,762.6,938.0,249,234.0,58.0,176.0,Voie navigable,15.7,IRAD,Non,Non,4.0,4
2121,2024,Saison des pluies,Logone-et-Chari,Hilé-Alifa,Homme,20.0,Aucun,Marié(e),4,2,4,Maïs,1.37,Argileux,Pluie seule,Irrigué,,1.7,8.9,866.1,37.7,1530.1,2096.2,199,417.0,16.7,400.3,Voie navigable,13.0,ONG locale,Oui,Non,6.0,2
2122,2024,Saison sèche,Mayo-Kani,Guidiguis,Homme,39.0,Primaire,Célibataire,4,1,16,Coton,1.08,Sableux,Pluie + retenue,Mixte,15.5,0.0,15.6,363.3,35.6,935.4,1010.2,294,297.0,10.9,286.1,Piste,6.3,Aucun,Non,Non,6.0,4
2123,2022,Saison des pluies,Mayo-Danay,Wina,Homme,47.0,Universitaire,Célibataire,6,4,28,Maïs,2.05,Sableux,Pluie seule,Pluvial pur,25.2,0.0,7.9,1083.1,32.7,1573.2,3225.1,204,658.0,12.4,645.6,Sentier,22.1,CARE,Non,Oui,1.0,3
2124,2023,Saison sèche,Mayo-Sava,Méri,Homme,80.0,Secondaire,Marié(e),10,2,10,Sorgho,2.35,Argileux,Irrigation gravitaire,Mixte,74.0,0.69,25.2,221.7,39.5,1312.9,3085.3,173,534.0,38.9,,Sentier,1.4,Aucun,Non,Non,1.0,2
2125,2021,Saison sèche,Mayo-Danay,Tchatibali,Homme,47.0,Aucun,Marié(e),6,3,21,Mil,1.45,Limoneux,Marigot,Pluvial pur,63.7,0.0,6.6,360.5,32.2,608.4,882.2,262,231.0,27.5,203.5,Voie navigable,26.7,Aucun,Oui,Oui,8.0,1
2126,2024,Saison des pluies,Mayo-Danay,Wina,Femme,37.0,Coranique,Marié(e),5,1,19,Maïs,0.16,Sableux,Marigot,Irrigué,1.2,0.0,19.3,1017.0,32.4,1610.2,257.6,191,49.0,6.3,42.7,Piste,28.0,IRAD,Oui,Non,8.0,5
2127,2024,Saison sèche,Mayo-Danay,Kalfou,Homme,45.0,Primaire,Marié(e),6,1,23,Niébé,1.53,Sableux,Pluie + retenue,Décrue,10.7,0.0,18.6,404.1,33.6,653.0,999.1,378,378.0,9.9,368.1,Piste,21.5,Aucun,Non,Non,5.0,4
2128,2021,Saison des pluies,Logone-et-Chari,Hilé-Alifa,Homme,48.0,Aucun,Marié(e),6,3,23,Sésame,,Sableux,Pluie seule,Irrigué,109.8,0.0,17.2,636.0,37.3,512.1,384.1,635,244.0,49.1,194.9,Piste,9.1,Aucun,Oui,Non,8.0,4
2129,2022,Saison des pluies,Mayo-Danay,Tchatibali,Homme,33.0,Secondaire,Marié(e),17,2,17,Sésame,1.57,Argileux,Irrigation gravitaire,Pluvial pur,0.0,3.26,19.7,1034.2,34.4,867.6,1362.1,622,847.0,14.1,832.9,Piste,3.6,ONG locale,Oui,Oui,6.0,4
2130,2022,Saison sèche,Diamaré,Gazawa,Homme,38.0,Secondaire,Marié(e),6,3,2,Arachide,3.09,Sableux,Irrigation gravitaire,Pluvial pur,13.7,2.02,20.1,328.7,31.5,1016.3,3140.4,382,1200.0,16.6,1183.4,Piste,43.0,CARE,Non,Non,4.0,1
2131,2024,Saison des pluies,Logone-et-Chari,Goulfey,Femme,40.0,Aucun,Marié(e),11,1,24,Niébé,2.3,Hardé,Irrigation gravitaire,Pluvial pur,0.0,1.69,16.2,718.5,35.2,373.7,859.5,393,338.0,9.1,328.9,Piste,2.3,Aucun,Non,Oui,8.0,1
2132,2023,Saison sèche,Logone-et-Chari,Blangoua,Femme,46.0,Coranique,Marié(e),7,3,19,Sorgho,0.76,Limoneux,Pluie + retenue,Irrigué,,0.16,19.3,353.5,37.7,594.7,452.0,229,104.0,6.2,97.8,Sentier,32.6,Aucun,Non,Non,1.0,1
2133,2024,Saison des pluies,Diamaré,Maroua II,Homme,46.0,Aucun,Marié(e),6,1,26,Arachide,0.47,Argileux,Pluie + retenue,Mixte,0.0,1.38,25.1,1040.1,32.7,,486.5,351,171.0,11.0,160.0,Sentier,0.5,Aucun,Non,Oui,8.0,2
2134,2023,Saison des pluies,Mayo-Danay,Kalfou,Homme,46.0,Coranique,Marié(e),7,4,12,Arachide,0.99,Limoneux,Marigot,Mixte,13.1,0.46,20.9,790.4,33.9,837.3,828.9,338,280.0,12.7,267.3,Voie navigable,0.7,FAO,Oui,Oui,4.0,1
2135,2021,Saison des pluies,Mayo-Danay,Yagoua,Homme,35.0,Secondaire,Marié(e),2,2,18,Mil,,Argilo-sableux,Pluie seule,Pluvial pur,56.9,1.78,13.9,835.6,34.1,604.3,743.3,238,177.0,31.4,145.6,Sentier,7.3,WFP,Non,Oui,4.0,4
2136,2023,Saison des pluies,Logone-et-Chari,Goulfey,Homme,34.0,Secondaire,Marié(e),8,6,18,Sorgho,1.01,Sableux,Pluie seule,Mixte,0.0,1.06,23.9,590.1,36.8,495.0,499.9,203,101.0,9.8,91.2,Voie navigable,0.5,Aucun,Non,Non,2.0,4
2137,2022,Saison des pluies,Mayo-Kani,Guidiguis,Homme,43.0,Aucun,Marié(e),5,4,21,Sésame,2.42,Hardé,Pluie + retenue,Pluvial pur,12.8,0.0,15.1,847.4,34.9,316.4,765.7,618,473.0,9.7,463.3,Piste,12.8,CARE,Oui,Non,5.0,4
2138,2022,Saison des pluies,Mayo-Sava,Méri,Homme,,Secondaire,Célibataire,13,3,12,Mil,0.54,Argilo-sableux,Marigot,Pluvial pur,44.6,0.0,1.0,807.0,36.3,603.4,325.8,233,76.0,18.1,57.9,Piste,0.8,Aucun,Non,Oui,1.0,1
2139,2023,Saison des pluies,Mayo-Sava,Méri,Homme,29.0,Aucun,Marié(e),4,1,13,Arachide,1.82,Limoneux,Marigot,Pluvial pur,2.1,2.37,12.7,787.9,37.4,888.0,1616.2,335,541.0,10.6,,Piste,1.4,SODECOTON,Oui,Non,2.0,4
2140,2021,Saison sèche,Diamaré,Maroua III,Homme,42.0,Universitaire,Marié(e),8,1,6,Sésame,1.55,Argilo-sableux,Pluie seule,Pluvial pur,69.9,0.26,26.9,174.7,33.7,558.8,866.1,601,521.0,36.7,,Piste,4.8,SODECOTON,Non,Oui,9.0,2
2141,2022,Saison des pluies,Mayo-Danay,Guirvidig,Femme,37.0,Primaire,Veuf/Veuve,1,1,21,Mil,0.44,Hardé,Irrigation gravitaire,Pluvial pur,4.4,0.84,18.5,957.7,32.2,440.0,193.6,196,38.0,9.4,28.6,Piste,0.9,FAO,Non,Non,7.0,2
2142,2021,Saison des pluies,Mayo-Kani,Kaélé,Homme,59.0,Primaire,Marié(e),1,1,20,Sésame,1.27,Argileux,Pluie seule,Pluvial pur,32.3,0.0,16.3,746.1,34.8,507.2,644.1,578,372.0,17.8,354.2,Voie navigable,4.3,WFP,Oui,Non,1.0,4
2143,2021,Saison sèche,Mayo-Danay,Guirvidig,Homme,35.0,Aucun,Marié(e),7,2,17,Sorgho,0.76,Argileux,Irrigation gravitaire,Pluvial pur,126.8,0.53,29.8,420.6,34.2,1108.4,842.4,193,163.0,61.0,102.0,Sentier,17.4,Aucun,Non,Non,2.0,4
2144,2021,Saison sèche,Mayo-Kani,Guidiguis,Homme,51.0,Coranique,Marié(e),3,1,10,Sorgho,0.97,Argileux,Pluie seule,Pluvial pur,78.1,0.0,19.8,274.3,36.8,795.7,771.8,211,163.0,37.2,125.8,Sentier,34.0,Aucun,Oui,Oui,9.0,5
2145,2024,Saison sèche,Logone-et-Chari,Goulfey,Homme,40.0,Primaire,Marié(e),6,3,16,Coton,1.21,Argileux,Pluie seule,Irrigué,0.0,8.34,17.8,235.4,35.1,1125.6,1362.0,268,365.0,26.2,338.8,Route bitumée,13.4,Aucun,Non,Non,7.0,4
2146,2023,Saison des pluies,Mayo-Sava,Mora,Homme,47.0,Coranique,Marié(e),6,2,27,Sésame,1.25,Sableux,Pluie seule,Pluvial pur,,4.27,21.7,705.4,35.9,391.6,489.5,587,287.0,17.2,269.8,Piste,17.0,Aucun,Non,Oui,8.0,3
2147,2024,Saison sèche,Mayo-Danay,Wina,Homme,35.0,Secondaire,Marié(e),3,2,0,Sorgho,0.83,Sableux,Pluie seule,Pluvial pur,64.7,2.01,18.1,403.2,31.5,734.9,610.0,208,127.0,36.3,90.7,Route bitumée,8.0,Aucun,Non,Non,5.0,2
2148,2023,Saison sèche,Diamaré,Bogo,Homme,57.0,Aucun,Marié(e),9,1,13,Coton,4.03,Argileux,Marigot,Mixte,48.8,1.73,20.3,225.9,34.5,978.2,3942.1,255,1005.0,29.9,,Piste,18.5,Aucun,Non,Oui,8.0,4
2149,2021,Saison sèche,Mayo-Danay,Tchatibali,Homme,21.0,Aucun,Marié(e),9,5,5,Sorgho,1.36,Sableux,Pluie + retenue,Décrue,,0.0,2.0,235.6,35.4,758.7,1031.8,241,249.0,13.5,235.5,Route bitumée,4.2,CARE,Oui,Oui,3.0,3
2150,2024,Saison sèche,Mayo-Sava,Waza,Homme,35.0,Aucun,Marié(e),5,4,19,Sorgho,1.73,Hardé,Irrigation gravitaire,Pluvial pur,0.0,0.33,1.0,408.0,37.8,493.0,852.9,231,197.0,1.1,,Route bitumée,11.4,Aucun,Non,Non,4.0,2
2151,2022,Saison sèche,Mayo-Sava,Mora,Homme,45.0,Coranique,Marié(e),4,1,11,Sésame,0.58,Argilo-sableux,Pluie seule,Mixte,11.0,0.0,15.6,308.0,35.5,475.4,275.7,640,176.0,9.1,166.9,Piste,8.6,Aucun,Oui,Oui,1.0,4
2152,2021,Saison sèche,Mayo-Kani,Touloum,Homme,38.0,Secondaire,Célibataire,10,2,2,Mil,,Hardé,Pluie seule,Décrue,0.0,8.24,13.9,276.4,33.7,311.5,271.0,267,72.0,24.8,47.2,Piste,18.7,Aucun,Non,Non,1.0,4
2153,2024,Saison des pluies,Mayo-Sava,Tokombéré,Homme,49.0,Coranique,Marié(e),5,3,28,Sorgho,0.38,Argileux,Irrigation gravitaire,Mixte,0.0,7.31,13.0,718.7,36.0,927.8,352.6,226,80.0,22.2,57.8,Piste,6.4,Aucun,Non,Non,5.0,2
2154,2024,Saison sèche,Mayo-Sava,Waza,Homme,58.0,Primaire,Veuf/Veuve,3,2,6,Maïs,2.29,Sableux,Irrigation gravitaire,Pluvial pur,56.6,0.04,10.1,280.0,36.3,1518.8,3478.1,151,525.0,25.8,499.2,Sentier,21.1,Aucun,Non,Oui,,2
2155,2022,Saison sèche,Mayo-Kani,Guidiguis,Homme,40.0,Aucun,Marié(e),4,3,10,Mil,1.44,Sableux,Pompe solaire,Pluvial pur,0.0,0.01,23.8,414.2,33.4,494.1,711.5,227,162.0,7.2,154.8,Sentier,19.6,Aucun,Oui,Oui,,3
2156,2021,Saison sèche,Mayo-Danay,Yagoua,Femme,21.0,Primaire,Marié(e),7,1,5,Maïs,1.06,Sableux,Pluie seule,Mixte,16.2,3.14,21.4,429.6,33.8,,1169.0,225,263.0,20.8,242.2,Sentier,10.6,Aucun,Oui,Oui,9.0,2
2157,2023,Saison des pluies,Mayo-Kani,Moutourwa,Femme,,Aucun,Marié(e),4,4,20,Maïs,1.39,Argilo-sableux,Pompe solaire,Pluvial pur,0.0,3.55,19.1,779.7,38.0,1935.9,2690.9,195,525.0,14.6,510.4,Route bitumée,7.3,CARE,Non,Non,8.0,5
2158,2021,Saison sèche,Logone-et-Chari,Makary,Femme,44.0,Secondaire,Marié(e),10,1,6,Maïs,0.98,Sableux,Marigot,Pluvial pur,86.6,0.0,24.1,292.9,34.6,1621.8,1589.4,172,273.0,41.9,231.1,Piste,5.3,Aucun,Non,Non,5.0,1
2159,2024,Saison des pluies,Mayo-Danay,Kalfou,Femme,33.0,Primaire,Marié(e),7,4,15,Maïs,1.45,Argileux,Pluie + retenue,Pluvial pur,0.0,0.0,11.4,935.7,31.3,1804.9,2617.1,157,411.0,3.4,407.6,Sentier,10.9,Aucun,Oui,Oui,3.0,3
2160,2021,Saison des pluies,Diamaré,Maroua II,Homme,,Aucun,Marié(e),4,1,0,Mil,1.67,Hardé,Pluie seule,Pluvial pur,2.0,4.17,10.9,703.0,34.7,268.5,448.4,232,104.0,14.5,89.5,Piste,9.0,Aucun,Non,Non,2.0,1
2161,2024,Saison des pluies,Mayo-Danay,Yagoua,Femme,,Aucun,Marié(e),5,2,16,Arachide,0.91,Sableux,Irrigation gravitaire,Pluvial pur,8.5,2.94,14.0,1093.4,33.9,905.2,823.7,329,271.0,14.9,256.1,Piste,8.3,WFP,Oui,Non,,2
2162,2021,Saison sèche,Diamaré,Gazawa,Femme,67.0,Aucun,Célibataire,2,1,12,Coton,1.64,Argileux,Pluie + retenue,Pluvial pur,0.0,2.75,16.9,295.8,34.4,907.9,1489.0,323,481.0,11.9,469.1,Route bitumée,7.0,Aucun,Non,Oui,2.0,1
2163,2022,Saison sèche,Logone-et-Chari,Goulfey,Homme,23.0,Coranique,Marié(e),5,2,7,Arachide,1.65,Limoneux,Pluie seule,Irrigué,3.8,0.0,15.4,338.0,38.8,749.8,1237.2,397,491.0,6.1,484.9,Sentier,64.6,Aucun,Non,Non,3.0,1
2164,2021,Saison des pluies,Mayo-Kani,Moutourwa,Homme,35.0,Aucun,Marié(e),12,1,19,Sorgho,3.46,Argilo-sableux,Pluie + retenue,Mixte,61.2,0.0,19.5,669.4,34.8,660.3,2284.6,197,450.0,30.3,419.7,Piste,10.4,IRAD,Non,Non,8.0,4
2165,2023,Saison sèche,Diamaré,Gazawa,Homme,39.0,Universitaire,Marié(e),6,1,20,Niébé,0.35,Sableux,Marigot,Pluvial pur,119.2,0.0,7.2,373.5,37.2,,295.2,378,112.0,49.8,62.2,Route bitumée,15.1,WFP,Non,Non,9.0,1
2166,2023,Saison des pluies,Logone-et-Chari,Makary,Homme,45.0,Aucun,Veuf/Veuve,12,3,2,Arachide,1.95,Sableux,Pluie + retenue,Pluvial pur,19.6,1.2,16.4,747.1,35.0,741.9,1446.7,400,579.0,15.8,563.2,Piste,1.7,SODECOTON,Oui,Oui,7.0,1
2167,2022,Saison sèche,Logone-et-Chari,Kousseri,Homme,41.0,Aucun,Marié(e),7,3,10,Niébé,0.96,Sableux,Marigot,Pluvial pur,0.0,10.34,16.6,341.5,35.6,508.8,488.4,424,207.0,30.8,176.2,Sentier,0.6,SODECOTON,Non,Non,5.0,3
2168,2021,Saison sèche,Logone-et-Chari,Makary,Homme,44.0,Primaire,Marié(e),7,3,8,Sorgho,2.56,Argilo-sableux,Pluie seule,Pluvial pur,,0.95,14.9,295.3,34.8,378.9,970.0,213,207.0,12.7,194.3,Sentier,4.3,SODECOTON,Oui,Non,7.0,1
2169,2024,Saison sèche,Mayo-Danay,Guirvidig,Femme,37.0,Aucun,Marié(e),1,1,7,Niébé,,Limoneux,Pluie seule,Pluvial pur,60.3,0.0,13.6,370.9,34.1,793.5,825.2,407,336.0,28.2,307.8,Route bitumée,18.0,Aucun,Non,Non,8.0,4
2170,2022,Saison des pluies,Mayo-Sava,Mora,Homme,47.0,Coranique,Marié(e),6,1,14,Sésame,0.32,Sableux,Pluie seule,Pluvial pur,87.4,2.46,16.1,,35.8,416.1,133.2,579,77.0,45.9,31.1,Piste,3.1,FAO,Non,Non,3.0,1
2171,2022,Saison des pluies,Mayo-Kani,Touloum,Homme,,Coranique,Célibataire,10,3,14,Sésame,0.98,Argilo-sableux,Pompe solaire,Pluvial pur,,0.0,19.6,886.3,36.6,641.0,628.2,649,408.0,9.0,399.0,Voie navigable,1.1,Aucun,Oui,Non,5.0,5
2172,2022,Saison des pluies,Mayo-Kani,Touloum,Homme,37.0,Aucun,Marié(e),11,1,20,Maïs,1.38,Hardé,Pluie seule,Pluvial pur,0.0,0.38,13.5,789.5,35.8,1222.3,1686.8,157,265.0,5.0,260.0,Sentier,2.8,Aucun,Oui,Non,3.0,4
2173,2023,Saison sèche,Mayo-Danay,Kalfou,Homme,29.0,Aucun,Marié(e),2,2,13,Sorgho,1.38,Sableux,Pluie seule,Pluvial pur,,2.35,16.5,235.7,30.0,446.6,616.3,213,131.0,19.0,112.0,Sentier,9.5,Aucun,Non,Non,2.0,3
2174,2021,Saison des pluies,Mayo-Kani,Kaélé,Homme,30.0,Secondaire,Marié(e),7,1,7,Sorgho,6.01,Limoneux,Pluie seule,Pluvial pur,15.0,0.0,17.2,,34.8,706.9,4248.5,181,769.0,11.2,757.8,Piste,3.6,CARE,Non,Non,5.0,1
2175,2023,Saison sèche,Logone-et-Chari,Kousseri,Femme,37.0,Coranique,Marié(e),2,2,14,Sorgho,1.54,Argileux,Irrigation gravitaire,Mixte,79.7,0.0,14.1,331.9,38.4,1086.8,1673.7,235,393.0,36.1,356.9,Route bitumée,10.2,IRAD,Oui,Oui,6.0,1
2176,2021,Saison sèche,Logone-et-Chari,Makary,Homme,24.0,Primaire,Célibataire,5,2,8,Maïs,0.98,Limoneux,Pompe solaire,Pluvial pur,0.0,4.68,8.4,205.7,34.3,2154.5,2111.4,180,380.0,14.2,,Sentier,10.3,CARE,Non,Non,2.0,3
2177,2022,Saison sèche,Mayo-Danay,Yagoua,Femme,40.0,Aucun,Marié(e),4,2,20,Niébé,1.57,Argileux,Marigot,Mixte,83.0,4.15,11.1,383.6,31.1,965.5,1515.8,393,596.0,46.9,549.1,Sentier,16.6,FAO,Non,Oui,3.0,1
2178,2024,Saison des pluies,Mayo-Kani,Touloum,Homme,41.0,Aucun,Célibataire,4,2,25,Sorgho,4.48,Sableux,Marigot,Pluvial pur,2.4,6.9,9.3,998.9,33.1,467.3,2093.5,194,406.0,21.0,-9999.0,Voie navigable,14.8,Aucun,Non,Oui,8.0,3
2179,2021,Saison sèche,Mayo-Kani,Moutourwa,Homme,42.0,Primaire,Marié(e),11,2,14,Mil,,Sableux,Pompe solaire,Mixte,9.1,0.18,12.4,320.7,35.2,445.7,156.0,226,35.0,7.8,27.2,Voie navigable,0.6,Aucun,Non,Oui,6.0,1
2180,2022,Saison des pluies,Logone-et-Chari,Goulfey,Homme,43.0,Aucun,Marié(e),8,1,9,Sorgho,1.67,Argileux,Pluie seule,Mixte,46.1,2.13,20.8,789.2,35.5,850.6,1420.5,202,287.0,30.0,257.0,Piste,1.2,SODECOTON,Oui,Non,3.0,3
2181,2021,Saison des pluies,Logone-et-Chari,Blangoua,Femme,53.0,Aucun,Marié(e),9,2,14,Mil,0.74,Sableux,Pluie seule,Pluvial pur,183.9,0.0,14.6,658.4,36.0,507.7,375.7,195,73.0,77.9,-4.9,Sentier,1.4,Aucun,Non,Non,7.0,3
2182,2022,Saison sèche,Mayo-Kani,Kaélé,Homme,34.0,Aucun,Marié(e),5,4,18,Niébé,1.65,Limoneux,Pluie seule,Pluvial pur,6.5,0.0,25.6,291.0,36.2,695.0,1146.8,388,445.0,10.3,,Route bitumée,0.7,FAO,Oui,Non,4.0,2
2183,2021,Saison des pluies,Logone-et-Chari,Hilé-Alifa,Femme,39.0,Aucun,Marié(e),5,5,1,Niébé,1.33,Limoneux,Pluie + retenue,Mixte,225.7,0.0,35.0,514.5,34.3,1021.1,1358.1,408,554.0,100.8,453.2,Piste,14.4,FAO,Non,Non,7.0,1
2184,2021,Saison des pluies,Mayo-Kani,Moutourwa,Femme,42.0,Primaire,Veuf/Veuve,5,3,6,Maïs,1.33,Argileux,Pluie + retenue,Mixte,58.9,0.73,26.4,801.3,34.3,1779.0,2366.1,211,499.0,33.3,465.7,Route bitumée,8.5,FAO,Oui,Non,8.0,2
2185,2023,Saison sèche,Logone-et-Chari,Makary,Homme,56.0,Aucun,Marié(e),4,1,9,Sorgho,2.84,Argileux,Pompe solaire,Pluvial pur,2.6,1.61,14.6,303.5,34.7,776.0,2203.8,238,525.0,9.4,515.6,Piste,3.0,CARE,Non,Non,4.0,4
2186,2024,Saison des pluies,Mayo-Danay,Guirvidig,Homme,40.0,Aucun,Marié(e),9,1,17,Sésame,0.32,Argileux,Pluie + retenue,Pluvial pur,0.0,0.0,26.2,1162.3,34.4,459.8,147.1,593,87.0,7.9,79.1,Sentier,0.5,Aucun,Non,Non,2.0,4
2187,2022,Saison sèche,Mayo-Sava,Waza,Homme,51.0,Primaire,Célibataire,11,5,7,Sorgho,0.82,Argileux,Pompe solaire,Pluvial pur,9.8,0.52,14.5,,35.7,821.6,673.7,211,142.0,9.6,,Sentier,0.5,Aucun,Oui,Non,3.0,2
2188,2024,Saison sèche,Mayo-Sava,Méri,Homme,,Primaire,Marié(e),5,4,18,Mil,1.33,Argileux,Irrigation gravitaire,Mixte,0.0,0.0,20.3,235.4,38.2,945.1,1257.0,202,254.0,6.1,247.9,Piste,1.0,Aucun,Oui,Oui,3.0,1
2189,2024,Saison des pluies,Mayo-Kani,Guidiguis,Homme,64.0,Secondaire,Marié(e),8,2,17,Mil,1.38,Sableux,Pluie seule,Mixte,0.0,0.0,34.9,1004.7,33.3,471.1,650.1,224,146.0,10.5,135.5,Piste,11.5,IRAD,Non,Non,4.0,5
2190,2023,Saison des pluies,Mayo-Sava,Méri,Homme,37.0,Primaire,Marié(e),5,4,10,Sorgho,1.72,Hardé,Pluie seule,Décrue,12.9,0.79,7.6,798.7,34.0,527.5,907.3,221,201.0,9.4,191.6,Voie navigable,25.1,Aucun,Non,Oui,5.0,1
2191,2021,Saison des pluies,Mayo-Danay,Tchatibali,Homme,23.0,Aucun,Marié(e),5,2,0,Niébé,0.71,Argilo-sableux,Pompe solaire,Mixte,0.0,5.18,6.7,700.3,31.8,805.8,572.1,420,240.0,15.0,225.0,Piste,13.8,Aucun,Non,Non,3.0,4
2192,2021,Saison sèche,Mayo-Kani,Touloum,Homme,36.0,Coranique,Marié(e),7,2,14,Maïs,0.38,Argileux,Pluie seule,Irrigué,0.0,0.0,13.1,,35.4,1840.1,699.2,179,125.0,3.9,121.1,Voie navigable,5.9,Aucun,Oui,Non,1.0,4
2193,2021,Saison des pluies,Mayo-Kani,Mindif,Femme,30.0,Primaire,Marié(e),7,2,14,Arachide,0.22,Limoneux,Pompe solaire,Irrigué,0.0,0.96,19.6,709.0,35.3,1490.2,327.8,387,127.0,8.3,118.7,Piste,6.5,WFP,Non,Oui,7.0,2
2194,2023,Saison des pluies,Mayo-Danay,Guirvidig,Homme,,Primaire,Célibataire,7,5,10,Coton,3.94,Argilo-sableux,Pluie seule,Pluvial pur,0.0,0.0,7.8,920.8,33.4,730.3,2877.4,299,860.0,2.3,857.7,Piste,7.3,Aucun,Oui,Non,5.0,2
2195,2023,Saison des pluies,Mayo-Kani,Kaélé,Homme,43.0,Primaire,Marié(e),9,3,21,Mil,0.62,Argilo-sableux,Pluie seule,Pluvial pur,152.8,1.72,1.0,820.4,34.9,548.8,340.3,237,81.0,65.7,15.3,Piste,8.9,IRAD,Non,Non,1.0,5
2196,2022,Saison sèche,Mayo-Sava,Méri,Femme,40.0,Secondaire,Marié(e),6,4,12,Maïs,0.38,Hardé,Pluie seule,Mixte,0.0,0.0,6.2,318.0,38.1,827.2,314.3,180,57.0,1.9,55.1,Piste,13.2,Aucun,Oui,Oui,2.0,1
2197,2023,Saison sèche,Mayo-Sava,Tokombéré,Homme,32.0,Universitaire,Marié(e),6,4,13,Niébé,1.05,Hardé,Irrigation gravitaire,Irrigué,63.9,1.13,25.8,409.0,39.2,832.4,874.0,379,331.0,36.1,294.9,Route bitumée,18.0,Aucun,Oui,Oui,4.0,2
2198,2024,Saison des pluies,Diamaré,Maroua I,Homme,47.0,Secondaire,Marié(e),4,3,13,Niébé,,Limoneux,Pompe solaire,Pluvial pur,,1.78,9.7,980.9,32.8,1413.6,5710.9,446,2547.0,28.0,,Route bitumée,18.1,ONG locale,Non,Non,5.0,4
2199,2023,Saison sèche,Mayo-Kani,Guidiguis,Femme,50.0,Coranique,Marié(e),13,3,21,Niébé,0.78,Limoneux,Pluie seule,Décrue,34.5,0.0,1.0,261.3,37.3,885.0,690.3,394,272.0,14.1,257.9,Route bitumée,2.5,IRAD,Non,Oui,8.0,1
2200,2024,Saison sèche,Mayo-Kani,Touloum,Homme,34.0,Primaire,Marié(e),8,7,17,Mil,,Sableux,Pluie seule,Mixte,2.3,1.99,12.0,367.7,34.4,475.8,685.2,221,151.0,9.5,141.5,Route bitumée,17.1,CARE,Non,Non,3.0,1
2201,2024,Saison sèche,Diamaré,Gazawa,Homme,18.0,Primaire,Marié(e),4,1,2,Maïs,0.88,Hardé,Pompe solaire,Mixte,35.4,0.07,3.7,455.3,32.8,1241.0,1092.1,213,233.0,15.4,217.6,Piste,2.6,Aucun,Non,Non,9.0,1
2202,2022,Saison des pluies,Logone-et-Chari,Hilé-Alifa,Homme,,Universitaire,Marié(e),2,2,18,Maïs,1.02,Hardé,Pluie seule,Irrigué,0.0,5.13,1.8,790.2,33.5,,1459.4,200,292.0,13.4,278.6,Route bitumée,6.6,WFP,Oui,Oui,4.0,5
2203,2022,Saison sèche,Mayo-Danay,Yagoua,Homme,47.0,Coranique,Marié(e),9,1,0,Niébé,1.78,Sableux,Marigot,Décrue,0.0,1.2,34.8,392.8,33.9,483.7,861.0,411,354.0,13.4,340.6,Piste,57.9,Aucun,Oui,Non,6.0,4
2204,2022,Saison des pluies,Mayo-Kani,Guidiguis,Femme,60.0,Secondaire,Veuf/Veuve,9,1,39,Mil,0.56,Limoneux,Marigot,Mixte,17.5,0.0,12.5,882.8,34.3,718.0,402.1,214,86.0,10.8,75.2,Sentier,25.7,WFP,Oui,Non,9.0,2
2205,2021,Saison des pluies,Diamaré,Maroua I,Homme,32.0,Coranique,Marié(e),9,4,12,Sorgho,1.56,Limoneux,Pluie + retenue,Mixte,0.0,0.0,11.0,821.3,35.9,,860.8,240,207.0,3.3,203.7,Route bitumée,2.6,Aucun,Oui,Non,8.0,3
2206,2024,Saison sèche,Logone-et-Chari,Makary,Homme,50.0,Coranique,Marié(e),6,4,5,Sorgho,0.48,Limoneux,Pluie seule,Pluvial pur,45.6,2.71,12.6,216.5,37.9,607.2,291.5,250,73.0,28.8,44.2,Piste,2.4,CARE,Oui,Non,2.0,2
2207,2024,Saison des pluies,Mayo-Danay,Kalfou,Femme,18.0,Aucun,Veuf/Veuve,11,4,2,Mil,0.65,Argilo-sableux,Irrigation gravitaire,Mixte,27.4,0.28,11.7,1072.5,33.5,619.4,402.6,225,91.0,15.2,75.8,Piste,1.8,CARE,Oui,Non,1.0,5
2208,2022,Saison des pluies,Logone-et-Chari,Hilé-Alifa,Femme,,Aucun,Marié(e),9,3,9,Niébé,0.48,Argilo-sableux,Marigot,Pluvial pur,0.0,0.0,28.6,,33.2,493.2,236.7,424,100.0,8.6,91.4,Route bitumée,4.6,FAO,Non,Non,7.0,5
2209,2021,Saison sèche,Diamaré,Maroua I,Femme,51.0,Aucun,Célibataire,3,1,18,Sorgho,1.2,Sableux,Pluie seule,Irrigué,97.8,0.0,19.9,304.4,34.0,452.8,543.4,186,101.0,45.1,55.9,Sentier,18.3,Aucun,Non,Oui,,4
2210,2024,Saison des pluies,Diamaré,Gazawa,Homme,40.0,Secondaire,Marié(e),10,1,23,Sorgho,,Sableux,Pluie + retenue,Pluvial pur,10.7,0.0,14.1,,33.9,457.4,2360.2,199,470.0,8.5,461.5,Piste,1.9,Aucun,Oui,Oui,1.0,3
2211,2022,Saison sèche,Mayo-Sava,Kolofata,Homme,49.0,Coranique,Marié(e),4,1,33,Mil,1.44,Argileux,Marigot,Mixte,32.8,0.0,18.5,374.7,37.7,643.8,927.1,245,227.0,18.7,208.3,Route bitumée,9.6,Aucun,Oui,Non,9.0,2
2212,2022,Saison sèche,Mayo-Kani,Moutourwa,Femme,29.0,Secondaire,Veuf/Veuve,5,2,13,Mil,0.53,Argileux,Pluie seule,Pluvial pur,0.0,0.0,1.0,277.9,37.5,,340.9,196,67.0,0.3,,Route bitumée,18.8,Aucun,Non,Non,5.0,3
2213,2021,Saison sèche,Mayo-Danay,Kalfou,Homme,37.0,Secondaire,Marié(e),4,3,19,Maïs,0.4,Argileux,Pluie seule,Mixte,6.7,9.79,14.9,273.0,34.4,,466.9,212,99.0,31.6,,Piste,4.9,Aucun,Non,Non,5.0,3
2214,2024,Saison des pluies,Diamaré,Gazawa,Femme,46.0,Primaire,Marié(e),9,3,3,Sorgho,3.21,Argileux,Pluie seule,Pluvial pur,0.0,0.0,19.3,1018.6,32.5,742.8,2384.4,173,413.0,5.8,407.2,Piste,36.7,ONG locale,Non,Oui,4.0,3
2215,2022,Saison sèche,Mayo-Danay,Yagoua,Homme,38.0,Aucun,Veuf/Veuve,6,5,18,Mil,1.68,Argileux,Pluie + retenue,Irrigué,0.0,3.79,24.3,435.4,31.5,,1153.2,247,285.0,16.8,268.2,Sentier,28.1,Aucun,Oui,Non,9.0,3
